2025-03-07 12:59:19,129 [INFO] ADCParametersView:116 -                SequencerNbRanks 1 : true
2025-03-07 12:59:19,144 [INFO] ADCParametersView:116 -                Rank 1 : false
2025-03-07 12:59:19,144 [INFO] ADCParametersView:116 -                SequencerNbRanks 1 : true
2025-03-07 12:59:19,144 [INFO] ADCParametersView:116 -                Rank 1 : false
2025-03-07 12:59:19,144 [INFO] ADCParametersView:116 -                SequencerNbRanks 1 : true
2025-03-07 12:59:19,144 [INFO] ADCParametersView:116 -                Rank 1 : false
2025-03-07 12:59:19,144 [INFO] ADCParametersView:116 -                SequencerNbRanks 1 : true
2025-03-07 12:59:19,144 [INFO] ADCParametersView:116 -                Rank 1 : false
2025-03-07 12:59:19,144 [INFO] ADCParametersView:116 -                SequencerNbRanks 1 : true
2025-03-07 12:59:19,144 [INFO] ADCParametersView:116 -                Rank 1 : false
2025-03-07 12:59:19,144 [INFO] ADCParametersView:116 -                SequencerNbRanks 1 : true
2025-03-07 12:59:19,144 [INFO] ADCParametersView:116 -                Rank 1 : false
2025-03-07 12:59:19,144 [INFO] ADCParametersView:116 -                SequencerNbRanks 1 : true
2025-03-07 12:59:19,144 [INFO] ADCParametersView:116 -                Rank 1 : false
2025-03-07 12:59:19,144 [INFO] ADCParametersView:116 -                SequencerNbRanks 1 : true
2025-03-07 12:59:19,144 [INFO] ADCParametersView:116 -                Rank 1 : false
2025-03-07 12:59:19,144 [INFO] ADCParametersView:116 -                SequencerNbRanks 1 : true
2025-03-07 12:59:19,144 [INFO] ADCParametersView:116 -                Rank 1 : false
2025-03-07 12:59:19,144 [INFO] ADCParametersView:116 -                SequencerNbRanks 1 : true
2025-03-07 12:59:19,144 [INFO] ADCParametersView:116 -                Rank 1 : false
2025-03-07 12:59:19,144 [INFO] ADCParametersView:116 -                SequencerNbRanks 1 : true
2025-03-07 12:59:19,144 [INFO] ADCParametersView:116 -                Rank 1 : false
2025-03-07 12:59:19,144 [INFO] ADCParametersView:116 -                SequencerNbRanks 1 : true
2025-03-07 12:59:19,144 [INFO] ADCParametersView:116 -                Rank 1 : false
2025-03-07 12:59:19,144 [INFO] ADCParametersView:116 -                SequencerNbRanks 1 : true
2025-03-07 12:59:19,144 [INFO] ADCParametersView:116 -                Rank 1 : false
2025-03-07 12:59:19,144 [INFO] ADCParametersView:116 -                SequencerNbRanks 1 : true
2025-03-07 12:59:19,144 [INFO] ADCParametersView:116 -                Rank 1 : false
2025-03-07 12:59:19,144 [INFO] ADCParametersView:116 -                SequencerNbRanks 1 : true
2025-03-07 12:59:19,144 [INFO] ADCParametersView:116 -                Rank 1 : false
2025-03-07 12:59:19,144 [INFO] ADCParametersView:116 -                Rank 1 : false
2025-03-07 12:59:19,144 [INFO] ADCParametersView:116 -                Rank 1 : false
2025-03-07 12:59:19,144 [INFO] ADCParametersView:116 -                Rank 1 : false
2025-03-07 12:59:19,144 [INFO] ADCParametersView:116 -                Rank 1 : false
2025-03-07 12:59:19,144 [INFO] ADCParametersView:116 -                Rank 1 : false
2025-03-07 12:59:19,144 [INFO] ADCParametersView:116 -                Rank 1 : false
2025-03-07 12:59:19,207 [INFO] ADCParametersView:116 -                SequencerNbRanks 1 : true
2025-03-07 12:59:19,207 [INFO] ADCParametersView:116 -                SequencerNbRanks 1 : true
2025-03-07 12:59:19,207 [INFO] ADCParametersView:116 -                SequencerNbRanks 1 : true
2025-03-07 12:59:19,222 [INFO] ADCParametersView:116 -                SequencerNbRanks 1 : true
2025-03-07 12:59:19,222 [INFO] ADCParametersView:116 -                SequencerNbRanks 1 : true
2025-03-07 12:59:19,222 [INFO] ADCParametersView:116 -                SequencerNbRanks 1 : true
2025-03-07 12:59:19,222 [INFO] ADCParametersView:116 -                SequencerNbRanks 1 : true
2025-03-07 12:59:19,222 [INFO] ADCParametersView:116 -                Rank 1 : false
2025-03-07 12:59:19,285 [INFO] ADCParametersView:116 -                SequencerNbRanks 1 : true
2025-03-07 12:59:19,285 [INFO] ADCParametersView:116 -                Rank 1 : false
2025-03-07 12:59:19,285 [INFO] ADCParametersView:116 -                SequencerNbRanks 1 : true
2025-03-07 12:59:19,285 [INFO] ADCParametersView:116 -                Rank 1 : false
2025-03-07 12:59:19,285 [INFO] ADCParametersView:116 -                SequencerNbRanks 1 : true
2025-03-07 12:59:19,285 [INFO] ADCParametersView:116 -                Rank 1 : false
2025-03-07 12:59:19,285 [INFO] ADCParametersView:116 -                SequencerNbRanks 1 : true
2025-03-07 12:59:19,285 [INFO] ADCParametersView:116 -                Rank 1 : false
2025-03-07 12:59:19,285 [INFO] ADCParametersView:116 -                SequencerNbRanks 1 : true
2025-03-07 12:59:19,285 [INFO] ADCParametersView:116 -                Rank 1 : false
2025-03-07 12:59:19,285 [INFO] ADCParametersView:116 -                SequencerNbRanks 1 : true
2025-03-07 12:59:19,285 [INFO] ADCParametersView:116 -                Rank 1 : false
2025-03-07 12:59:19,285 [INFO] ADCParametersView:116 -                SequencerNbRanks 1 : true
2025-03-07 12:59:19,285 [INFO] ADCParametersView:116 -                Rank 1 : false
2025-03-07 12:59:19,285 [INFO] ADCParametersView:116 -                SequencerNbRanks 1 : true
2025-03-07 12:59:19,285 [INFO] ADCParametersView:116 -                Rank 1 : false
2025-03-07 12:59:19,285 [INFO] ADCParametersView:116 -                SequencerNbRanks 1 : true
2025-03-07 12:59:19,285 [INFO] ADCParametersView:116 -                Rank 1 : false
2025-03-07 12:59:19,285 [INFO] ADCParametersView:116 -                SequencerNbRanks 1 : true
2025-03-07 12:59:19,285 [INFO] ADCParametersView:116 -                Rank 1 : false
2025-03-07 12:59:19,285 [INFO] ADCParametersView:116 -                SequencerNbRanks 1 : true
2025-03-07 12:59:19,285 [INFO] ADCParametersView:116 -                Rank 1 : false
2025-03-07 12:59:19,285 [INFO] ADCParametersView:116 -                SequencerNbRanks 1 : true
2025-03-07 12:59:19,285 [INFO] ADCParametersView:116 -                Rank 1 : false
2025-03-07 12:59:19,285 [INFO] ADCParametersView:116 -                SequencerNbRanks 1 : true
2025-03-07 12:59:19,285 [INFO] ADCParametersView:116 -                Rank 1 : false
2025-03-07 12:59:19,285 [INFO] ADCParametersView:116 -                SequencerNbRanks 1 : true
2025-03-07 12:59:19,285 [INFO] ADCParametersView:116 -                Rank 1 : false
2025-03-07 12:59:19,285 [INFO] ADCParametersView:116 -                SequencerNbRanks 1 : true
2025-03-07 12:59:19,285 [INFO] ADCParametersView:116 -                Rank 1 : false
2025-03-07 12:59:19,285 [INFO] ADCParametersView:116 -                Rank 1 : false
2025-03-07 12:59:19,285 [INFO] ADCParametersView:116 -                Rank 1 : false
2025-03-07 12:59:19,285 [INFO] ADCParametersView:116 -                Rank 1 : false
2025-03-07 12:59:19,285 [INFO] ADCParametersView:116 -                Rank 1 : false
2025-03-07 12:59:19,285 [INFO] ADCParametersView:116 -                Rank 1 : false
2025-03-07 12:59:19,285 [INFO] ADCParametersView:116 -                Rank 1 : false
2025-03-07 12:59:19,347 [INFO] ADCParametersView:116 -                SequencerNbRanks 1 : true
2025-03-07 12:59:19,347 [INFO] ADCParametersView:116 -                SequencerNbRanks 1 : true
2025-03-07 12:59:19,347 [INFO] ADCParametersView:116 -                SequencerNbRanks 1 : true
2025-03-07 12:59:19,347 [INFO] ADCParametersView:116 -                SequencerNbRanks 1 : true
2025-03-07 12:59:19,347 [INFO] ADCParametersView:116 -                SequencerNbRanks 1 : true
2025-03-07 12:59:19,347 [INFO] ADCParametersView:116 -                SequencerNbRanks 1 : true
2025-03-07 12:59:19,347 [INFO] ADCParametersView:116 -                SequencerNbRanks 1 : true
2025-03-07 12:59:19,347 [INFO] ADCParametersView:116 -                Rank 1 : false
2025-03-07 12:59:19,363 [INFO] NvicIntPanel:101 - NVIC parent = com.st.microxplorer.plugins.ip.nvic.MultiNvicIntPanel[,0,0,0x0,invalid,layout=javax.swing.BoxLayout,alignmentX=0.0,alignmentY=0.0,border=,flags=9,maximumSize=,minimumSize=,preferredSize=]
2025-03-07 12:59:51,949 [INFO] ADCParametersView:116 -                SequencerNbRanks 1 : true
2025-03-07 12:59:51,950 [INFO] ADCParametersView:116 -                Rank 1 : false
2025-03-07 12:59:51,950 [INFO] ADCParametersView:116 -                SequencerNbRanks 1 : true
2025-03-07 12:59:51,950 [INFO] ADCParametersView:116 -                Rank 1 : false
2025-03-07 12:59:51,950 [INFO] ADCParametersView:116 -                SequencerNbRanks 1 : true
2025-03-07 12:59:51,951 [INFO] ADCParametersView:116 -                Rank 1 : false
2025-03-07 12:59:51,951 [INFO] ADCParametersView:116 -                SequencerNbRanks 1 : true
2025-03-07 12:59:51,951 [INFO] ADCParametersView:116 -                Rank 1 : false
2025-03-07 12:59:51,951 [INFO] ADCParametersView:116 -                SequencerNbRanks 1 : true
2025-03-07 12:59:51,951 [INFO] ADCParametersView:116 -                Rank 1 : false
2025-03-07 12:59:51,951 [INFO] ADCParametersView:116 -                SequencerNbRanks 1 : true
2025-03-07 12:59:51,951 [INFO] ADCParametersView:116 -                Rank 1 : false
2025-03-07 12:59:51,951 [INFO] ADCParametersView:116 -                SequencerNbRanks 1 : true
2025-03-07 12:59:51,951 [INFO] ADCParametersView:116 -                Rank 1 : false
2025-03-07 12:59:51,951 [INFO] ADCParametersView:116 -                SequencerNbRanks 1 : true
2025-03-07 12:59:51,951 [INFO] ADCParametersView:116 -                Rank 1 : false
2025-03-07 12:59:51,951 [INFO] ADCParametersView:116 -                SequencerNbRanks 1 : true
2025-03-07 12:59:51,951 [INFO] ADCParametersView:116 -                Rank 1 : false
2025-03-07 12:59:51,951 [INFO] ADCParametersView:116 -                SequencerNbRanks 1 : true
2025-03-07 12:59:51,951 [INFO] ADCParametersView:116 -                Rank 1 : false
2025-03-07 12:59:51,951 [INFO] ADCParametersView:116 -                SequencerNbRanks 1 : true
2025-03-07 12:59:51,951 [INFO] ADCParametersView:116 -                Rank 1 : false
2025-03-07 12:59:51,951 [INFO] ADCParametersView:116 -                SequencerNbRanks 1 : true
2025-03-07 12:59:51,951 [INFO] ADCParametersView:116 -                Rank 1 : false
2025-03-07 12:59:51,951 [INFO] ADCParametersView:116 -                SequencerNbRanks 1 : true
2025-03-07 12:59:51,951 [INFO] ADCParametersView:116 -                Rank 1 : false
2025-03-07 12:59:51,951 [INFO] ADCParametersView:116 -                SequencerNbRanks 1 : true
2025-03-07 12:59:51,951 [INFO] ADCParametersView:116 -                Rank 1 : false
2025-03-07 12:59:51,951 [INFO] ADCParametersView:116 -                SequencerNbRanks 1 : true
2025-03-07 12:59:51,951 [INFO] ADCParametersView:116 -                Rank 1 : false
2025-03-07 12:59:51,951 [INFO] ADCParametersView:116 -                Rank 1 : false
2025-03-07 12:59:51,951 [INFO] ADCParametersView:116 -                Rank 1 : false
2025-03-07 12:59:51,951 [INFO] ADCParametersView:116 -                Rank 1 : false
2025-03-07 12:59:51,951 [INFO] ADCParametersView:116 -                Rank 1 : false
2025-03-07 12:59:51,951 [INFO] ADCParametersView:116 -                Rank 1 : false
2025-03-07 12:59:51,951 [INFO] ADCParametersView:116 -                Rank 1 : false
2025-03-07 12:59:51,996 [INFO] ADCParametersView:116 -                SequencerNbRanks 1 : true
2025-03-07 12:59:51,996 [INFO] ADCParametersView:116 -                SequencerNbRanks 1 : true
2025-03-07 12:59:51,996 [INFO] ADCParametersView:116 -                SequencerNbRanks 1 : true
2025-03-07 12:59:51,996 [INFO] ADCParametersView:116 -                SequencerNbRanks 1 : true
2025-03-07 12:59:51,996 [INFO] ADCParametersView:116 -                SequencerNbRanks 1 : true
2025-03-07 12:59:51,996 [INFO] ADCParametersView:116 -                SequencerNbRanks 1 : true
2025-03-07 12:59:51,996 [INFO] ADCParametersView:116 -                SequencerNbRanks 1 : true
2025-03-07 12:59:51,996 [INFO] ADCParametersView:116 -                Rank 1 : false
2025-03-07 13:00:53,667 [INFO] NvicIntPanel:101 - NVIC parent = com.st.microxplorer.plugins.ip.nvic.MultiNvicIntPanel[,0,0,0x0,invalid,layout=javax.swing.BoxLayout,alignmentX=0.0,alignmentY=0.0,border=,flags=9,maximumSize=,minimumSize=,preferredSize=]
2025-03-07 13:00:53,761 [INFO] ADCParametersView:116 -                SequencerNbRanks 1 : true
2025-03-07 13:00:53,776 [INFO] ADCParametersView:116 -                Rank 1 : false
2025-03-07 13:00:53,776 [INFO] ADCParametersView:116 -                SequencerNbRanks 1 : true
2025-03-07 13:00:53,776 [INFO] ADCParametersView:116 -                Rank 1 : false
2025-03-07 13:00:53,776 [INFO] ADCParametersView:116 -                SequencerNbRanks 1 : true
2025-03-07 13:00:53,776 [INFO] ADCParametersView:116 -                Rank 1 : false
2025-03-07 13:00:53,776 [INFO] ADCParametersView:116 -                SequencerNbRanks 1 : true
2025-03-07 13:00:53,776 [INFO] ADCParametersView:116 -                Rank 1 : false
2025-03-07 13:00:53,776 [INFO] ADCParametersView:116 -                SequencerNbRanks 1 : true
2025-03-07 13:00:53,776 [INFO] ADCParametersView:116 -                Rank 1 : false
2025-03-07 13:00:53,776 [INFO] ADCParametersView:116 -                SequencerNbRanks 1 : true
2025-03-07 13:00:53,776 [INFO] ADCParametersView:116 -                Rank 1 : false
2025-03-07 13:00:53,776 [INFO] ADCParametersView:116 -                SequencerNbRanks 1 : true
2025-03-07 13:00:53,776 [INFO] ADCParametersView:116 -                Rank 1 : false
2025-03-07 13:00:53,776 [INFO] ADCParametersView:116 -                SequencerNbRanks 1 : true
2025-03-07 13:00:53,776 [INFO] ADCParametersView:116 -                Rank 1 : false
2025-03-07 13:00:53,776 [INFO] ADCParametersView:116 -                SequencerNbRanks 1 : true
2025-03-07 13:00:53,776 [INFO] ADCParametersView:116 -                Rank 1 : false
2025-03-07 13:00:53,776 [INFO] ADCParametersView:116 -                SequencerNbRanks 1 : true
2025-03-07 13:00:53,776 [INFO] ADCParametersView:116 -                Rank 1 : false
2025-03-07 13:00:53,776 [INFO] ADCParametersView:116 -                SequencerNbRanks 1 : true
2025-03-07 13:00:53,776 [INFO] ADCParametersView:116 -                Rank 1 : false
2025-03-07 13:00:53,776 [INFO] ADCParametersView:116 -                SequencerNbRanks 1 : true
2025-03-07 13:00:53,776 [INFO] ADCParametersView:116 -                Rank 1 : false
2025-03-07 13:00:53,776 [INFO] ADCParametersView:116 -                SequencerNbRanks 1 : true
2025-03-07 13:00:53,776 [INFO] ADCParametersView:116 -                Rank 1 : false
2025-03-07 13:00:53,776 [INFO] ADCParametersView:116 -                SequencerNbRanks 1 : true
2025-03-07 13:00:53,776 [INFO] ADCParametersView:116 -                Rank 1 : false
2025-03-07 13:00:53,776 [INFO] ADCParametersView:116 -                SequencerNbRanks 1 : true
2025-03-07 13:00:53,776 [INFO] ADCParametersView:116 -                Rank 1 : false
2025-03-07 13:00:53,776 [INFO] ADCParametersView:116 -                Rank 1 : false
2025-03-07 13:00:53,776 [INFO] ADCParametersView:116 -                Rank 1 : false
2025-03-07 13:00:53,776 [INFO] ADCParametersView:116 -                Rank 1 : false
2025-03-07 13:00:53,776 [INFO] ADCParametersView:116 -                Rank 1 : false
2025-03-07 13:00:53,776 [INFO] ADCParametersView:116 -                Rank 1 : false
2025-03-07 13:00:53,776 [INFO] ADCParametersView:116 -                Rank 1 : false
2025-03-07 13:00:53,855 [INFO] ADCParametersView:116 -                SequencerNbRanks 1 : true
2025-03-07 13:00:53,855 [INFO] ADCParametersView:116 -                SequencerNbRanks 1 : true
2025-03-07 13:00:53,855 [INFO] ADCParametersView:116 -                SequencerNbRanks 1 : true
2025-03-07 13:00:53,855 [INFO] ADCParametersView:116 -                SequencerNbRanks 1 : true
2025-03-07 13:00:53,855 [INFO] ADCParametersView:116 -                SequencerNbRanks 1 : true
2025-03-07 13:00:53,855 [INFO] ADCParametersView:116 -                SequencerNbRanks 1 : true
2025-03-07 13:00:53,855 [INFO] ADCParametersView:116 -                SequencerNbRanks 1 : true
2025-03-07 13:00:53,855 [INFO] ADCParametersView:116 -                Rank 1 : false
2025-03-07 13:10:21,186 [INFO] NvicIntPanel:101 - NVIC parent = com.st.microxplorer.plugins.ip.nvic.MultiNvicIntPanel[,0,0,0x0,invalid,layout=javax.swing.BoxLayout,alignmentX=0.0,alignmentY=0.0,border=,flags=9,maximumSize=,minimumSize=,preferredSize=]
2025-03-07 13:10:58,960 [INFO] NvicIntPanel:101 - NVIC parent = com.st.microxplorer.plugins.ip.nvic.MultiNvicIntPanel[,0,0,0x0,invalid,layout=javax.swing.BoxLayout,alignmentX=0.0,alignmentY=0.0,border=,flags=9,maximumSize=,minimumSize=,preferredSize=]
2025-03-07 13:11:31,779 [INFO] NvicIntPanel:101 - NVIC parent = com.st.microxplorer.plugins.ip.nvic.MultiNvicIntPanel[,0,0,0x0,invalid,layout=javax.swing.BoxLayout,alignmentX=0.0,alignmentY=0.0,border=,flags=9,maximumSize=,minimumSize=,preferredSize=]
2025-03-07 13:12:28,425 [INFO] ADCParametersView:116 -                SequencerNbRanks 1 : true
2025-03-07 13:12:28,425 [INFO] ADCParametersView:116 -                Rank 1 : false
2025-03-07 13:12:28,425 [INFO] ADCParametersView:116 -                SequencerNbRanks 1 : true
2025-03-07 13:12:28,425 [INFO] ADCParametersView:116 -                Rank 1 : false
2025-03-07 13:12:28,425 [INFO] ADCParametersView:116 -                SequencerNbRanks 1 : true
2025-03-07 13:12:28,425 [INFO] ADCParametersView:116 -                Rank 1 : false
2025-03-07 13:12:28,425 [INFO] ADCParametersView:116 -                SequencerNbRanks 1 : true
2025-03-07 13:12:28,425 [INFO] ADCParametersView:116 -                Rank 1 : false
2025-03-07 13:12:28,425 [INFO] ADCParametersView:116 -                SequencerNbRanks 1 : true
2025-03-07 13:12:28,425 [INFO] ADCParametersView:116 -                Rank 1 : false
2025-03-07 13:12:28,425 [INFO] ADCParametersView:116 -                SequencerNbRanks 1 : true
2025-03-07 13:12:28,425 [INFO] ADCParametersView:116 -                Rank 1 : false
2025-03-07 13:12:28,425 [INFO] ADCParametersView:116 -                SequencerNbRanks 1 : true
2025-03-07 13:12:28,425 [INFO] ADCParametersView:116 -                Rank 1 : false
2025-03-07 13:12:28,425 [INFO] ADCParametersView:116 -                SequencerNbRanks 1 : true
2025-03-07 13:12:28,425 [INFO] ADCParametersView:116 -                Rank 1 : false
2025-03-07 13:12:28,425 [INFO] ADCParametersView:116 -                SequencerNbRanks 1 : true
2025-03-07 13:12:28,425 [INFO] ADCParametersView:116 -                Rank 1 : false
2025-03-07 13:12:28,425 [INFO] ADCParametersView:116 -                SequencerNbRanks 1 : true
2025-03-07 13:12:28,425 [INFO] ADCParametersView:116 -                Rank 1 : false
2025-03-07 13:12:28,425 [INFO] ADCParametersView:116 -                SequencerNbRanks 1 : true
2025-03-07 13:12:28,425 [INFO] ADCParametersView:116 -                Rank 1 : false
2025-03-07 13:12:28,425 [INFO] ADCParametersView:116 -                SequencerNbRanks 1 : true
2025-03-07 13:12:28,425 [INFO] ADCParametersView:116 -                Rank 1 : false
2025-03-07 13:12:28,425 [INFO] ADCParametersView:116 -                SequencerNbRanks 1 : true
2025-03-07 13:12:28,425 [INFO] ADCParametersView:116 -                Rank 1 : false
2025-03-07 13:12:28,425 [INFO] ADCParametersView:116 -                SequencerNbRanks 1 : true
2025-03-07 13:12:28,425 [INFO] ADCParametersView:116 -                Rank 1 : false
2025-03-07 13:12:28,425 [INFO] ADCParametersView:116 -                SequencerNbRanks 1 : true
2025-03-07 13:12:28,425 [INFO] ADCParametersView:116 -                Rank 1 : false
2025-03-07 13:12:28,425 [INFO] ADCParametersView:116 -                Rank 1 : false
2025-03-07 13:12:28,425 [INFO] ADCParametersView:116 -                Rank 1 : false
2025-03-07 13:12:28,425 [INFO] ADCParametersView:116 -                Rank 1 : false
2025-03-07 13:12:28,425 [INFO] ADCParametersView:116 -                Rank 1 : false
2025-03-07 13:12:28,425 [INFO] ADCParametersView:116 -                Rank 1 : false
2025-03-07 13:12:28,425 [INFO] ADCParametersView:116 -                Rank 1 : false
2025-03-07 13:12:28,488 [INFO] ADCParametersView:116 -                SequencerNbRanks 1 : true
2025-03-07 13:12:28,488 [INFO] ADCParametersView:116 -                SequencerNbRanks 1 : true
2025-03-07 13:12:28,488 [INFO] ADCParametersView:116 -                SequencerNbRanks 1 : true
2025-03-07 13:12:28,488 [INFO] ADCParametersView:116 -                SequencerNbRanks 1 : true
2025-03-07 13:12:28,488 [INFO] ADCParametersView:116 -                SequencerNbRanks 1 : true
2025-03-07 13:12:28,488 [INFO] ADCParametersView:116 -                SequencerNbRanks 1 : true
2025-03-07 13:12:28,488 [INFO] ADCParametersView:116 -                SequencerNbRanks 1 : true
2025-03-07 13:12:28,488 [INFO] ADCParametersView:116 -                Rank 1 : false
2025-03-07 13:12:28,551 [INFO] ADCParametersView:116 -                SequencerNbRanks 1 : true
2025-03-07 13:12:28,551 [INFO] ADCParametersView:116 -                Rank 1 : false
2025-03-07 13:12:28,551 [INFO] ADCParametersView:116 -                SequencerNbRanks 1 : true
2025-03-07 13:12:28,551 [INFO] ADCParametersView:116 -                Rank 1 : false
2025-03-07 13:12:28,551 [INFO] ADCParametersView:116 -                SequencerNbRanks 1 : true
2025-03-07 13:12:28,551 [INFO] ADCParametersView:116 -                Rank 1 : false
2025-03-07 13:12:28,551 [INFO] ADCParametersView:116 -                SequencerNbRanks 1 : true
2025-03-07 13:12:28,551 [INFO] ADCParametersView:116 -                Rank 1 : false
2025-03-07 13:12:28,551 [INFO] ADCParametersView:116 -                SequencerNbRanks 1 : true
2025-03-07 13:12:28,551 [INFO] ADCParametersView:116 -                Rank 1 : false
2025-03-07 13:12:28,551 [INFO] ADCParametersView:116 -                SequencerNbRanks 1 : true
2025-03-07 13:12:28,551 [INFO] ADCParametersView:116 -                Rank 1 : false
2025-03-07 13:12:28,551 [INFO] ADCParametersView:116 -                SequencerNbRanks 1 : true
2025-03-07 13:12:28,551 [INFO] ADCParametersView:116 -                Rank 1 : false
2025-03-07 13:12:28,551 [INFO] ADCParametersView:116 -                SequencerNbRanks 1 : true
2025-03-07 13:12:28,551 [INFO] ADCParametersView:116 -                Rank 1 : false
2025-03-07 13:12:28,551 [INFO] ADCParametersView:116 -                SequencerNbRanks 1 : true
2025-03-07 13:12:28,551 [INFO] ADCParametersView:116 -                Rank 1 : false
2025-03-07 13:12:28,551 [INFO] ADCParametersView:116 -                SequencerNbRanks 1 : true
2025-03-07 13:12:28,551 [INFO] ADCParametersView:116 -                Rank 1 : false
2025-03-07 13:12:28,551 [INFO] ADCParametersView:116 -                SequencerNbRanks 1 : true
2025-03-07 13:12:28,551 [INFO] ADCParametersView:116 -                Rank 1 : false
2025-03-07 13:12:28,551 [INFO] ADCParametersView:116 -                SequencerNbRanks 1 : true
2025-03-07 13:12:28,551 [INFO] ADCParametersView:116 -                Rank 1 : false
2025-03-07 13:12:28,551 [INFO] ADCParametersView:116 -                SequencerNbRanks 1 : true
2025-03-07 13:12:28,551 [INFO] ADCParametersView:116 -                Rank 1 : false
2025-03-07 13:12:28,551 [INFO] ADCParametersView:116 -                SequencerNbRanks 1 : true
2025-03-07 13:12:28,551 [INFO] ADCParametersView:116 -                Rank 1 : false
2025-03-07 13:12:28,551 [INFO] ADCParametersView:116 -                SequencerNbRanks 1 : true
2025-03-07 13:12:28,551 [INFO] ADCParametersView:116 -                Rank 1 : false
2025-03-07 13:12:28,551 [INFO] ADCParametersView:116 -                Rank 1 : false
2025-03-07 13:12:28,551 [INFO] ADCParametersView:116 -                Rank 1 : false
2025-03-07 13:12:28,551 [INFO] ADCParametersView:116 -                Rank 1 : false
2025-03-07 13:12:28,551 [INFO] ADCParametersView:116 -                Rank 1 : false
2025-03-07 13:12:28,551 [INFO] ADCParametersView:116 -                Rank 1 : false
2025-03-07 13:12:28,551 [INFO] ADCParametersView:116 -                Rank 1 : false
2025-03-07 13:12:28,613 [INFO] ADCParametersView:116 -                SequencerNbRanks 1 : true
2025-03-07 13:12:28,613 [INFO] ADCParametersView:116 -                SequencerNbRanks 1 : true
2025-03-07 13:12:28,629 [INFO] ADCParametersView:116 -                SequencerNbRanks 1 : true
2025-03-07 13:12:28,629 [INFO] ADCParametersView:116 -                SequencerNbRanks 1 : true
2025-03-07 13:12:28,629 [INFO] ADCParametersView:116 -                SequencerNbRanks 1 : true
2025-03-07 13:12:28,629 [INFO] ADCParametersView:116 -                SequencerNbRanks 1 : true
2025-03-07 13:12:28,629 [INFO] ADCParametersView:116 -                SequencerNbRanks 1 : true
2025-03-07 13:12:28,629 [INFO] ADCParametersView:116 -                Rank 1 : false
2025-03-07 13:12:32,786 [INFO] ADCParametersView:116 -                SequencerNbRanks 1 : true
2025-03-07 13:12:32,798 [INFO] ADCParametersView:116 -                Rank 1 : false
2025-03-07 13:12:32,798 [INFO] ADCParametersView:116 -                SequencerNbRanks 1 : true
2025-03-07 13:12:32,798 [INFO] ADCParametersView:116 -                Rank 1 : false
2025-03-07 13:12:32,798 [INFO] ADCParametersView:116 -                SequencerNbRanks 1 : true
2025-03-07 13:12:32,798 [INFO] ADCParametersView:116 -                Rank 1 : false
2025-03-07 13:12:32,798 [INFO] ADCParametersView:116 -                SequencerNbRanks 1 : true
2025-03-07 13:12:32,798 [INFO] ADCParametersView:116 -                Rank 1 : false
2025-03-07 13:12:32,799 [INFO] ADCParametersView:116 -                SequencerNbRanks 1 : true
2025-03-07 13:12:32,799 [INFO] ADCParametersView:116 -                Rank 1 : false
2025-03-07 13:12:32,799 [INFO] ADCParametersView:116 -                SequencerNbRanks 1 : true
2025-03-07 13:12:32,799 [INFO] ADCParametersView:116 -                Rank 1 : false
2025-03-07 13:12:32,799 [INFO] ADCParametersView:116 -                SequencerNbRanks 1 : true
2025-03-07 13:12:32,799 [INFO] ADCParametersView:116 -                Rank 1 : false
2025-03-07 13:12:32,799 [INFO] ADCParametersView:116 -                SequencerNbRanks 1 : true
2025-03-07 13:12:32,799 [INFO] ADCParametersView:116 -                Rank 1 : false
2025-03-07 13:12:32,799 [INFO] ADCParametersView:116 -                SequencerNbRanks 1 : true
2025-03-07 13:12:32,799 [INFO] ADCParametersView:116 -                Rank 1 : false
2025-03-07 13:12:32,799 [INFO] ADCParametersView:116 -                SequencerNbRanks 1 : true
2025-03-07 13:12:32,799 [INFO] ADCParametersView:116 -                Rank 1 : false
2025-03-07 13:12:32,799 [INFO] ADCParametersView:116 -                SequencerNbRanks 1 : true
2025-03-07 13:12:32,799 [INFO] ADCParametersView:116 -                Rank 1 : false
2025-03-07 13:12:32,799 [INFO] ADCParametersView:116 -                SequencerNbRanks 1 : true
2025-03-07 13:12:32,799 [INFO] ADCParametersView:116 -                Rank 1 : false
2025-03-07 13:12:32,799 [INFO] ADCParametersView:116 -                SequencerNbRanks 1 : true
2025-03-07 13:12:32,799 [INFO] ADCParametersView:116 -                Rank 1 : false
2025-03-07 13:12:32,799 [INFO] ADCParametersView:116 -                SequencerNbRanks 1 : true
2025-03-07 13:12:32,799 [INFO] ADCParametersView:116 -                Rank 1 : false
2025-03-07 13:12:32,799 [INFO] ADCParametersView:116 -                SequencerNbRanks 1 : true
2025-03-07 13:12:32,799 [INFO] ADCParametersView:116 -                Rank 1 : false
2025-03-07 13:12:32,799 [INFO] ADCParametersView:116 -                Rank 1 : false
2025-03-07 13:12:32,799 [INFO] ADCParametersView:116 -                Rank 1 : false
2025-03-07 13:12:32,799 [INFO] ADCParametersView:116 -                Rank 1 : false
2025-03-07 13:12:32,799 [INFO] ADCParametersView:116 -                Rank 1 : false
2025-03-07 13:12:32,799 [INFO] ADCParametersView:116 -                Rank 1 : false
2025-03-07 13:12:32,799 [INFO] ADCParametersView:116 -                Rank 1 : false
2025-03-07 13:12:32,849 [INFO] ADCParametersView:116 -                SequencerNbRanks 1 : true
2025-03-07 13:12:32,849 [INFO] ADCParametersView:116 -                SequencerNbRanks 1 : true
2025-03-07 13:12:32,849 [INFO] ADCParametersView:116 -                SequencerNbRanks 1 : true
2025-03-07 13:12:32,849 [INFO] ADCParametersView:116 -                SequencerNbRanks 1 : true
2025-03-07 13:12:32,849 [INFO] ADCParametersView:116 -                SequencerNbRanks 1 : true
2025-03-07 13:12:32,849 [INFO] ADCParametersView:116 -                SequencerNbRanks 1 : true
2025-03-07 13:12:32,849 [INFO] ADCParametersView:116 -                SequencerNbRanks 1 : true
2025-03-07 13:12:32,849 [INFO] ADCParametersView:116 -                Rank 1 : false
2025-03-07 13:13:16,191 [INFO] NvicIntPanel:101 - NVIC parent = com.st.microxplorer.plugins.ip.nvic.MultiNvicIntPanel[,0,0,0x0,invalid,layout=javax.swing.BoxLayout,alignmentX=0.0,alignmentY=0.0,border=,flags=9,maximumSize=,minimumSize=,preferredSize=]
2025-03-07 13:13:16,254 [INFO] ADCParametersView:116 -                SequencerNbRanks 1 : true
2025-03-07 13:13:16,254 [INFO] ADCParametersView:116 -                Rank 1 : false
2025-03-07 13:13:16,269 [INFO] ADCParametersView:116 -                SequencerNbRanks 1 : true
2025-03-07 13:13:16,269 [INFO] ADCParametersView:116 -                Rank 1 : false
2025-03-07 13:13:16,269 [INFO] ADCParametersView:116 -                SequencerNbRanks 1 : true
2025-03-07 13:13:16,269 [INFO] ADCParametersView:116 -                Rank 1 : false
2025-03-07 13:13:16,269 [INFO] ADCParametersView:116 -                SequencerNbRanks 1 : true
2025-03-07 13:13:16,269 [INFO] ADCParametersView:116 -                Rank 1 : false
2025-03-07 13:13:16,269 [INFO] ADCParametersView:116 -                SequencerNbRanks 1 : true
2025-03-07 13:13:16,269 [INFO] ADCParametersView:116 -                Rank 1 : false
2025-03-07 13:13:16,269 [INFO] ADCParametersView:116 -                SequencerNbRanks 1 : true
2025-03-07 13:13:16,269 [INFO] ADCParametersView:116 -                Rank 1 : false
2025-03-07 13:13:16,269 [INFO] ADCParametersView:116 -                SequencerNbRanks 1 : true
2025-03-07 13:13:16,269 [INFO] ADCParametersView:116 -                Rank 1 : false
2025-03-07 13:13:16,269 [INFO] ADCParametersView:116 -                SequencerNbRanks 1 : true
2025-03-07 13:13:16,269 [INFO] ADCParametersView:116 -                Rank 1 : false
2025-03-07 13:13:16,269 [INFO] ADCParametersView:116 -                SequencerNbRanks 1 : true
2025-03-07 13:13:16,269 [INFO] ADCParametersView:116 -                Rank 1 : false
2025-03-07 13:13:16,269 [INFO] ADCParametersView:116 -                SequencerNbRanks 1 : true
2025-03-07 13:13:16,269 [INFO] ADCParametersView:116 -                Rank 1 : false
2025-03-07 13:13:16,269 [INFO] ADCParametersView:116 -                SequencerNbRanks 1 : true
2025-03-07 13:13:16,269 [INFO] ADCParametersView:116 -                Rank 1 : false
2025-03-07 13:13:16,269 [INFO] ADCParametersView:116 -                SequencerNbRanks 1 : true
2025-03-07 13:13:16,269 [INFO] ADCParametersView:116 -                Rank 1 : false
2025-03-07 13:13:16,269 [INFO] ADCParametersView:116 -                SequencerNbRanks 1 : true
2025-03-07 13:13:16,269 [INFO] ADCParametersView:116 -                Rank 1 : false
2025-03-07 13:13:16,269 [INFO] ADCParametersView:116 -                SequencerNbRanks 1 : true
2025-03-07 13:13:16,269 [INFO] ADCParametersView:116 -                Rank 1 : false
2025-03-07 13:13:16,269 [INFO] ADCParametersView:116 -                SequencerNbRanks 1 : true
2025-03-07 13:13:16,269 [INFO] ADCParametersView:116 -                Rank 1 : false
2025-03-07 13:13:16,269 [INFO] ADCParametersView:116 -                Rank 1 : false
2025-03-07 13:13:16,269 [INFO] ADCParametersView:116 -                Rank 1 : false
2025-03-07 13:13:16,269 [INFO] ADCParametersView:116 -                Rank 1 : false
2025-03-07 13:13:16,269 [INFO] ADCParametersView:116 -                Rank 1 : false
2025-03-07 13:13:16,269 [INFO] ADCParametersView:116 -                Rank 1 : false
2025-03-07 13:13:16,269 [INFO] ADCParametersView:116 -                Rank 1 : false
2025-03-07 13:13:16,347 [INFO] ADCParametersView:116 -                SequencerNbRanks 1 : true
2025-03-07 13:13:16,347 [INFO] ADCParametersView:116 -                SequencerNbRanks 1 : true
2025-03-07 13:13:16,347 [INFO] ADCParametersView:116 -                SequencerNbRanks 1 : true
2025-03-07 13:13:16,347 [INFO] ADCParametersView:116 -                SequencerNbRanks 1 : true
2025-03-07 13:13:16,347 [INFO] ADCParametersView:116 -                SequencerNbRanks 1 : true
2025-03-07 13:13:16,347 [INFO] ADCParametersView:116 -                SequencerNbRanks 1 : true
2025-03-07 13:13:16,347 [INFO] ADCParametersView:116 -                SequencerNbRanks 1 : true
2025-03-07 13:13:16,347 [INFO] ADCParametersView:116 -                Rank 1 : false
2025-03-07 13:13:59,934 [INFO] SpinnerEditorADC:65 - is string kkkk
2025-03-07 13:14:19,132 [INFO] ParamManager:886 - [Generic UI] PropertyChangeEvent: TAB_STATUS_CHANGED , "dont care", "never mind"
2025-03-07 13:14:19,195 [INFO] NvicIntPanel:101 - NVIC parent = com.st.microxplorer.plugins.ip.nvic.MultiNvicIntPanel[,0,0,0x0,invalid,layout=javax.swing.BoxLayout,alignmentX=0.0,alignmentY=0.0,border=,flags=9,maximumSize=,minimumSize=,preferredSize=]
2025-03-07 13:14:19,398 [INFO] ParamManager:886 - [Generic UI] PropertyChangeEvent: TAB_STATUS_CHANGED , "dont care", "never mind"
2025-03-07 13:14:19,460 [INFO] NvicIntPanel:101 - NVIC parent = com.st.microxplorer.plugins.ip.nvic.MultiNvicIntPanel[,0,0,0x0,invalid,layout=javax.swing.BoxLayout,alignmentX=0.0,alignmentY=0.0,border=,flags=9,maximumSize=,minimumSize=,preferredSize=]
2025-03-07 13:14:19,710 [INFO] NvicIntPanel:101 - NVIC parent = com.st.microxplorer.plugins.ip.nvic.MultiNvicIntPanel[,0,0,0x0,invalid,layout=javax.swing.BoxLayout,alignmentX=0.0,alignmentY=0.0,border=,flags=9,maximumSize=,minimumSize=,preferredSize=]
2025-03-07 13:14:19,914 [INFO] NvicIntPanel:101 - NVIC parent = com.st.microxplorer.plugins.ip.nvic.MultiNvicIntPanel[,0,0,0x0,invalid,layout=javax.swing.BoxLayout,alignmentX=0.0,alignmentY=0.0,border=,flags=9,maximumSize=,minimumSize=,preferredSize=]
2025-03-07 13:14:20,117 [INFO] NvicIntPanel:101 - NVIC parent = com.st.microxplorer.plugins.ip.nvic.MultiNvicIntPanel[,0,0,0x0,invalid,layout=javax.swing.BoxLayout,alignmentX=0.0,alignmentY=0.0,border=,flags=9,maximumSize=,minimumSize=,preferredSize=]
2025-03-07 13:14:20,382 [INFO] NvicIntPanel:101 - NVIC parent = com.st.microxplorer.plugins.ip.nvic.MultiNvicIntPanel[,0,0,0x0,invalid,layout=javax.swing.BoxLayout,alignmentX=0.0,alignmentY=0.0,border=,flags=9,maximumSize=,minimumSize=,preferredSize=]
2025-03-07 13:14:20,476 [INFO] ADCParametersView:116 -                SequencerNbRanks 1 : true
2025-03-07 13:14:20,476 [INFO] ADCParametersView:116 -                Rank 1 : false
2025-03-07 13:14:20,476 [INFO] ADCParametersView:116 -                SequencerNbRanks 1 : true
2025-03-07 13:14:20,476 [INFO] ADCParametersView:116 -                Rank 1 : false
2025-03-07 13:14:20,476 [INFO] ADCParametersView:116 -                SequencerNbRanks 1 : true
2025-03-07 13:14:20,476 [INFO] ADCParametersView:116 -                Rank 1 : false
2025-03-07 13:14:20,476 [INFO] ADCParametersView:116 -                SequencerNbRanks 1 : true
2025-03-07 13:14:20,476 [INFO] ADCParametersView:116 -                Rank 1 : false
2025-03-07 13:14:20,476 [INFO] ADCParametersView:116 -                SequencerNbRanks 1 : true
2025-03-07 13:14:20,476 [INFO] ADCParametersView:116 -                Rank 1 : false
2025-03-07 13:14:20,476 [INFO] ADCParametersView:116 -                SequencerNbRanks 1 : true
2025-03-07 13:14:20,476 [INFO] ADCParametersView:116 -                Rank 1 : false
2025-03-07 13:14:20,476 [INFO] ADCParametersView:116 -                SequencerNbRanks 1 : true
2025-03-07 13:14:20,476 [INFO] ADCParametersView:116 -                Rank 1 : false
2025-03-07 13:14:20,476 [INFO] ADCParametersView:116 -                SequencerNbRanks 1 : true
2025-03-07 13:14:20,476 [INFO] ADCParametersView:116 -                Rank 1 : false
2025-03-07 13:14:20,476 [INFO] ADCParametersView:116 -                SequencerNbRanks 1 : true
2025-03-07 13:14:20,476 [INFO] ADCParametersView:116 -                Rank 1 : false
2025-03-07 13:14:20,476 [INFO] ADCParametersView:116 -                SequencerNbRanks 1 : true
2025-03-07 13:14:20,476 [INFO] ADCParametersView:116 -                Rank 1 : false
2025-03-07 13:14:20,476 [INFO] ADCParametersView:116 -                SequencerNbRanks 1 : true
2025-03-07 13:14:20,476 [INFO] ADCParametersView:116 -                Rank 1 : false
2025-03-07 13:14:20,476 [INFO] ADCParametersView:116 -                SequencerNbRanks 1 : true
2025-03-07 13:14:20,476 [INFO] ADCParametersView:116 -                Rank 1 : false
2025-03-07 13:14:20,476 [INFO] ADCParametersView:116 -                SequencerNbRanks 1 : true
2025-03-07 13:14:20,476 [INFO] ADCParametersView:116 -                Rank 1 : false
2025-03-07 13:14:20,476 [INFO] ADCParametersView:116 -                SequencerNbRanks 1 : true
2025-03-07 13:14:20,476 [INFO] ADCParametersView:116 -                Rank 1 : false
2025-03-07 13:14:20,476 [INFO] ADCParametersView:116 -                SequencerNbRanks 1 : true
2025-03-07 13:14:20,476 [INFO] ADCParametersView:116 -                Rank 1 : false
2025-03-07 13:14:20,476 [INFO] ADCParametersView:116 -                Rank 1 : false
2025-03-07 13:14:20,476 [INFO] ADCParametersView:116 -                Rank 1 : false
2025-03-07 13:14:20,476 [INFO] ADCParametersView:116 -                Rank 1 : false
2025-03-07 13:14:20,476 [INFO] ADCParametersView:116 -                Rank 1 : false
2025-03-07 13:14:20,476 [INFO] ADCParametersView:116 -                Rank 1 : false
2025-03-07 13:14:20,476 [INFO] ADCParametersView:116 -                Rank 1 : false
2025-03-07 13:14:20,558 [INFO] ADCParametersView:116 -                SequencerNbRanks 1 : true
2025-03-07 13:14:20,558 [INFO] ADCParametersView:116 -                SequencerNbRanks 1 : true
2025-03-07 13:14:20,558 [INFO] ADCParametersView:116 -                SequencerNbRanks 1 : true
2025-03-07 13:14:20,558 [INFO] ADCParametersView:116 -                SequencerNbRanks 1 : true
2025-03-07 13:14:20,558 [INFO] ADCParametersView:116 -                SequencerNbRanks 1 : true
2025-03-07 13:14:20,558 [INFO] ADCParametersView:116 -                SequencerNbRanks 1 : true
2025-03-07 13:14:20,558 [INFO] ADCParametersView:116 -                SequencerNbRanks 1 : true
2025-03-07 13:14:20,558 [INFO] ADCParametersView:116 -                Rank 1 : false
2025-03-07 13:14:20,570 [INFO] ADCParametersView:116 -                SequencerNbRanks 1 : true
2025-03-07 13:14:20,570 [INFO] ADCParametersView:116 -                Rank 1 : false
2025-03-07 13:14:20,570 [INFO] ADCParametersView:116 -        *      Rank 2 : false
2025-03-07 13:14:20,820 [INFO] SpinnerEditorADC:65 - is string kkkk
2025-03-07 13:14:21,868 [INFO] ADCParametersView:116 -                SequencerNbRanks 1 : true
2025-03-07 13:14:21,868 [INFO] ADCParametersView:116 -                Rank 1 : false
2025-03-07 13:14:21,868 [INFO] ADCParametersView:116 -        *      Rank 2 : false
2025-03-07 13:14:21,868 [INFO] ADCParametersView:116 -                SequencerNbRanks 1 : true
2025-03-07 13:14:21,868 [INFO] ADCParametersView:116 -                Rank 1 : false
2025-03-07 13:14:21,868 [INFO] ADCParametersView:116 -        *      Rank 2 : false
2025-03-07 13:14:21,868 [INFO] ADCParametersView:116 -                SequencerNbRanks 1 : true
2025-03-07 13:14:21,868 [INFO] ADCParametersView:116 -                Rank 1 : false
2025-03-07 13:14:21,868 [INFO] ADCParametersView:116 -        *      Rank 2 : false
2025-03-07 13:14:21,868 [INFO] ADCParametersView:116 -                SequencerNbRanks 1 : true
2025-03-07 13:14:21,868 [INFO] ADCParametersView:116 -                Rank 1 : false
2025-03-07 13:14:21,868 [INFO] ADCParametersView:116 -        *      Rank 2 : false
2025-03-07 13:14:21,868 [INFO] ADCParametersView:116 -                SequencerNbRanks 1 : true
2025-03-07 13:14:21,868 [INFO] ADCParametersView:116 -                Rank 1 : false
2025-03-07 13:14:21,868 [INFO] ADCParametersView:116 -        *      Rank 2 : false
2025-03-07 13:14:21,868 [INFO] ADCParametersView:116 -                SequencerNbRanks 1 : true
2025-03-07 13:14:21,868 [INFO] ADCParametersView:116 -                Rank 1 : false
2025-03-07 13:14:21,868 [INFO] ADCParametersView:116 -        *      Rank 2 : false
2025-03-07 13:14:21,868 [INFO] ADCParametersView:116 -                SequencerNbRanks 1 : true
2025-03-07 13:14:21,868 [INFO] ADCParametersView:116 -                Rank 1 : false
2025-03-07 13:14:21,868 [INFO] ADCParametersView:116 -        *      Rank 2 : false
2025-03-07 13:14:21,868 [INFO] ADCParametersView:116 -                SequencerNbRanks 1 : true
2025-03-07 13:14:21,868 [INFO] ADCParametersView:116 -                Rank 1 : false
2025-03-07 13:14:21,868 [INFO] ADCParametersView:116 -        *      Rank 2 : false
2025-03-07 13:14:21,868 [INFO] ADCParametersView:116 -                SequencerNbRanks 1 : true
2025-03-07 13:14:21,868 [INFO] ADCParametersView:116 -                Rank 1 : false
2025-03-07 13:14:21,868 [INFO] ADCParametersView:116 -        *      Rank 2 : false
2025-03-07 13:14:21,868 [INFO] ADCParametersView:116 -                SequencerNbRanks 1 : true
2025-03-07 13:14:21,868 [INFO] ADCParametersView:116 -                Rank 1 : false
2025-03-07 13:14:21,868 [INFO] ADCParametersView:116 -        *      Rank 2 : false
2025-03-07 13:14:21,868 [INFO] ADCParametersView:116 -                SequencerNbRanks 1 : true
2025-03-07 13:14:21,868 [INFO] ADCParametersView:116 -                Rank 1 : false
2025-03-07 13:14:21,868 [INFO] ADCParametersView:116 -        *      Rank 2 : false
2025-03-07 13:14:21,868 [INFO] ADCParametersView:116 -                SequencerNbRanks 1 : true
2025-03-07 13:14:21,868 [INFO] ADCParametersView:116 -                Rank 1 : false
2025-03-07 13:14:21,868 [INFO] ADCParametersView:116 -        *      Rank 2 : false
2025-03-07 13:14:21,868 [INFO] ADCParametersView:116 -                SequencerNbRanks 1 : true
2025-03-07 13:14:21,868 [INFO] ADCParametersView:116 -                Rank 1 : false
2025-03-07 13:14:21,868 [INFO] ADCParametersView:116 -        *      Rank 2 : false
2025-03-07 13:14:21,868 [INFO] ADCParametersView:116 -                SequencerNbRanks 1 : true
2025-03-07 13:14:21,868 [INFO] ADCParametersView:116 -                Rank 1 : false
2025-03-07 13:14:21,868 [INFO] ADCParametersView:116 -        *      Rank 2 : false
2025-03-07 13:14:21,868 [INFO] ADCParametersView:116 -                SequencerNbRanks 1 : true
2025-03-07 13:14:21,868 [INFO] ADCParametersView:116 -                Rank 1 : false
2025-03-07 13:14:21,868 [INFO] ADCParametersView:116 -        *      Rank 2 : false
2025-03-07 13:14:21,868 [INFO] ADCParametersView:116 -                Rank 1 : false
2025-03-07 13:14:21,868 [INFO] ADCParametersView:116 -        *      Rank 2 : false
2025-03-07 13:14:21,868 [INFO] ADCParametersView:116 -                Rank 1 : false
2025-03-07 13:14:21,868 [INFO] ADCParametersView:116 -        *      Rank 2 : false
2025-03-07 13:14:21,868 [INFO] ADCParametersView:116 -                Rank 1 : false
2025-03-07 13:14:21,868 [INFO] ADCParametersView:116 -        *      Rank 2 : false
2025-03-07 13:14:21,868 [INFO] ADCParametersView:116 -                Rank 1 : false
2025-03-07 13:14:21,868 [INFO] ADCParametersView:116 -        *      Rank 2 : false
2025-03-07 13:14:21,868 [INFO] ADCParametersView:116 -                Rank 1 : false
2025-03-07 13:14:21,868 [INFO] ADCParametersView:116 -        *      Rank 2 : false
2025-03-07 13:14:21,868 [INFO] ADCParametersView:116 -                Rank 1 : false
2025-03-07 13:14:21,868 [INFO] ADCParametersView:116 -        *      Rank 2 : false
2025-03-07 13:14:21,868 [INFO] ADCParametersView:116 -        *      Rank 2 : false
2025-03-07 13:14:21,946 [INFO] ADCParametersView:116 -                SequencerNbRanks 1 : true
2025-03-07 13:14:21,946 [INFO] ADCParametersView:116 -                SequencerNbRanks 1 : true
2025-03-07 13:14:21,946 [INFO] ADCParametersView:116 -                SequencerNbRanks 1 : true
2025-03-07 13:14:21,946 [INFO] ADCParametersView:116 -                SequencerNbRanks 1 : true
2025-03-07 13:14:21,946 [INFO] ADCParametersView:116 -                SequencerNbRanks 1 : true
2025-03-07 13:14:21,961 [INFO] ADCParametersView:116 -                SequencerNbRanks 1 : true
2025-03-07 13:14:21,961 [INFO] ADCParametersView:116 -                SequencerNbRanks 1 : true
2025-03-07 13:14:21,961 [INFO] ADCParametersView:116 -                Rank 1 : false
2025-03-07 13:14:21,961 [INFO] ADCParametersView:116 -                SequencerNbRanks 1 : true
2025-03-07 13:14:21,961 [INFO] ADCParametersView:116 -                Rank 1 : false
2025-03-07 13:14:21,961 [INFO] ADCParametersView:116 -                Rank 2 : false
2025-03-07 13:14:38,574 [INFO] ADCParametersView:116 -                SequencerNbRanks 1 : true
2025-03-07 13:14:38,574 [INFO] ADCParametersView:116 -                Rank 1 : true
2025-03-07 13:14:38,574 [INFO] ADCParametersView:116 -                Rank 2 : false
2025-03-07 13:14:44,074 [INFO] ADCParametersView:116 -                SequencerNbRanks 1 : true
2025-03-07 13:14:44,074 [INFO] ADCParametersView:116 -                Rank 1 : true
2025-03-07 13:14:44,074 [INFO] ADCParametersView:116 -                Rank 2 : true
2025-03-07 13:14:51,373 [INFO] NvicIntPanel:101 - NVIC parent = com.st.microxplorer.plugins.ip.nvic.MultiNvicIntPanel[,0,0,0x0,invalid,layout=javax.swing.BoxLayout,alignmentX=0.0,alignmentY=0.0,border=,flags=9,maximumSize=,minimumSize=,preferredSize=]
2025-03-07 13:14:51,436 [INFO] ADCParametersView:116 -                SequencerNbRanks 1 : true
2025-03-07 13:14:51,436 [INFO] ADCParametersView:116 -                Rank 1 : true
2025-03-07 13:14:51,436 [INFO] ADCParametersView:116 -                Rank 2 : true
2025-03-07 13:14:51,451 [INFO] ADCParametersView:116 -                SequencerNbRanks 1 : true
2025-03-07 13:14:51,451 [INFO] ADCParametersView:116 -                Rank 1 : true
2025-03-07 13:14:51,451 [INFO] ADCParametersView:116 -                Rank 2 : true
2025-03-07 13:14:51,451 [INFO] ADCParametersView:116 -                SequencerNbRanks 1 : true
2025-03-07 13:14:51,451 [INFO] ADCParametersView:116 -                Rank 1 : true
2025-03-07 13:14:51,451 [INFO] ADCParametersView:116 -                Rank 2 : true
2025-03-07 13:14:51,451 [INFO] ADCParametersView:116 -                SequencerNbRanks 1 : true
2025-03-07 13:14:51,451 [INFO] ADCParametersView:116 -                Rank 1 : true
2025-03-07 13:14:51,451 [INFO] ADCParametersView:116 -                Rank 2 : true
2025-03-07 13:14:51,451 [INFO] ADCParametersView:116 -                SequencerNbRanks 1 : true
2025-03-07 13:14:51,451 [INFO] ADCParametersView:116 -                Rank 1 : true
2025-03-07 13:14:51,451 [INFO] ADCParametersView:116 -                Rank 2 : true
2025-03-07 13:14:51,451 [INFO] ADCParametersView:116 -                SequencerNbRanks 1 : true
2025-03-07 13:14:51,451 [INFO] ADCParametersView:116 -                Rank 1 : true
2025-03-07 13:14:51,451 [INFO] ADCParametersView:116 -                Rank 2 : true
2025-03-07 13:14:51,451 [INFO] ADCParametersView:116 -                SequencerNbRanks 1 : true
2025-03-07 13:14:51,451 [INFO] ADCParametersView:116 -                Rank 1 : true
2025-03-07 13:14:51,451 [INFO] ADCParametersView:116 -                Rank 2 : true
2025-03-07 13:14:51,451 [INFO] ADCParametersView:116 -                SequencerNbRanks 1 : true
2025-03-07 13:14:51,451 [INFO] ADCParametersView:116 -                Rank 1 : true
2025-03-07 13:14:51,451 [INFO] ADCParametersView:116 -                Rank 2 : true
2025-03-07 13:14:51,451 [INFO] ADCParametersView:116 -                SequencerNbRanks 1 : true
2025-03-07 13:14:51,451 [INFO] ADCParametersView:116 -                Rank 1 : true
2025-03-07 13:14:51,451 [INFO] ADCParametersView:116 -                Rank 2 : true
2025-03-07 13:14:51,451 [INFO] ADCParametersView:116 -                SequencerNbRanks 1 : true
2025-03-07 13:14:51,451 [INFO] ADCParametersView:116 -                Rank 1 : true
2025-03-07 13:14:51,451 [INFO] ADCParametersView:116 -                Rank 2 : true
2025-03-07 13:14:51,451 [INFO] ADCParametersView:116 -                SequencerNbRanks 1 : true
2025-03-07 13:14:51,451 [INFO] ADCParametersView:116 -                Rank 1 : true
2025-03-07 13:14:51,451 [INFO] ADCParametersView:116 -                Rank 2 : true
2025-03-07 13:14:51,451 [INFO] ADCParametersView:116 -                SequencerNbRanks 1 : true
2025-03-07 13:14:51,451 [INFO] ADCParametersView:116 -                Rank 1 : true
2025-03-07 13:14:51,451 [INFO] ADCParametersView:116 -                Rank 2 : true
2025-03-07 13:14:51,451 [INFO] ADCParametersView:116 -                SequencerNbRanks 1 : true
2025-03-07 13:14:51,451 [INFO] ADCParametersView:116 -                Rank 1 : true
2025-03-07 13:14:51,451 [INFO] ADCParametersView:116 -                Rank 2 : true
2025-03-07 13:14:51,451 [INFO] ADCParametersView:116 -                SequencerNbRanks 1 : true
2025-03-07 13:14:51,451 [INFO] ADCParametersView:116 -                Rank 1 : true
2025-03-07 13:14:51,451 [INFO] ADCParametersView:116 -                Rank 2 : true
2025-03-07 13:14:51,451 [INFO] ADCParametersView:116 -                SequencerNbRanks 1 : true
2025-03-07 13:14:51,451 [INFO] ADCParametersView:116 -                Rank 1 : true
2025-03-07 13:14:51,451 [INFO] ADCParametersView:116 -                Rank 2 : true
2025-03-07 13:14:51,451 [INFO] ADCParametersView:116 -                Rank 1 : true
2025-03-07 13:14:51,451 [INFO] ADCParametersView:116 -                Rank 2 : true
2025-03-07 13:14:51,451 [INFO] ADCParametersView:116 -                Rank 1 : true
2025-03-07 13:14:51,451 [INFO] ADCParametersView:116 -                Rank 2 : true
2025-03-07 13:14:51,451 [INFO] ADCParametersView:116 -                Rank 1 : true
2025-03-07 13:14:51,451 [INFO] ADCParametersView:116 -                Rank 2 : true
2025-03-07 13:14:51,451 [INFO] ADCParametersView:116 -                Rank 1 : true
2025-03-07 13:14:51,451 [INFO] ADCParametersView:116 -                Rank 2 : true
2025-03-07 13:14:51,451 [INFO] ADCParametersView:116 -                Rank 1 : true
2025-03-07 13:14:51,451 [INFO] ADCParametersView:116 -                Rank 2 : true
2025-03-07 13:14:51,451 [INFO] ADCParametersView:116 -                Rank 1 : true
2025-03-07 13:14:51,451 [INFO] ADCParametersView:116 -                Rank 2 : true
2025-03-07 13:14:51,451 [INFO] ADCParametersView:116 -                Rank 2 : true
2025-03-07 13:14:51,514 [INFO] ADCParametersView:116 -                SequencerNbRanks 1 : true
2025-03-07 13:14:51,514 [INFO] ADCParametersView:116 -                SequencerNbRanks 1 : true
2025-03-07 13:14:51,514 [INFO] ADCParametersView:116 -                SequencerNbRanks 1 : true
2025-03-07 13:14:51,514 [INFO] ADCParametersView:116 -                SequencerNbRanks 1 : true
2025-03-07 13:14:51,514 [INFO] ADCParametersView:116 -                SequencerNbRanks 1 : true
2025-03-07 13:14:51,514 [INFO] ADCParametersView:116 -                SequencerNbRanks 1 : true
2025-03-07 13:14:51,514 [INFO] ADCParametersView:116 -                SequencerNbRanks 1 : true
2025-03-07 13:14:51,514 [INFO] ADCParametersView:116 -                Rank 1 : true
2025-03-07 13:14:51,514 [INFO] ADCParametersView:116 -                SequencerNbRanks 1 : true
2025-03-07 13:14:51,514 [INFO] ADCParametersView:116 -                Rank 1 : true
2025-03-07 13:14:51,514 [INFO] ADCParametersView:116 -                Rank 2 : true
2025-03-07 13:15:26,030 [INFO] NvicIntPanel:101 - NVIC parent = com.st.microxplorer.plugins.ip.nvic.MultiNvicIntPanel[,0,0,0x0,invalid,layout=javax.swing.BoxLayout,alignmentX=0.0,alignmentY=0.0,border=,flags=9,maximumSize=,minimumSize=,preferredSize=]
2025-03-07 13:17:24,576 [INFO] ADCParametersView:116 -                SequencerNbRanks 1 : true
2025-03-07 13:17:24,576 [INFO] ADCParametersView:116 -                Rank 1 : true
2025-03-07 13:17:24,576 [INFO] ADCParametersView:116 -                Rank 2 : true
2025-03-07 13:17:24,593 [INFO] ADCParametersView:116 -                SequencerNbRanks 1 : true
2025-03-07 13:17:24,593 [INFO] ADCParametersView:116 -                Rank 1 : true
2025-03-07 13:17:24,593 [INFO] ADCParametersView:116 -                Rank 2 : true
2025-03-07 13:17:24,593 [INFO] ADCParametersView:116 -                SequencerNbRanks 1 : true
2025-03-07 13:17:24,593 [INFO] ADCParametersView:116 -                Rank 1 : true
2025-03-07 13:17:24,593 [INFO] ADCParametersView:116 -                Rank 2 : true
2025-03-07 13:17:24,593 [INFO] ADCParametersView:116 -                SequencerNbRanks 1 : true
2025-03-07 13:17:24,593 [INFO] ADCParametersView:116 -                Rank 1 : true
2025-03-07 13:17:24,593 [INFO] ADCParametersView:116 -                Rank 2 : true
2025-03-07 13:17:24,593 [INFO] ADCParametersView:116 -                SequencerNbRanks 1 : true
2025-03-07 13:17:24,593 [INFO] ADCParametersView:116 -                Rank 1 : true
2025-03-07 13:17:24,593 [INFO] ADCParametersView:116 -                Rank 2 : true
2025-03-07 13:17:24,593 [INFO] ADCParametersView:116 -                SequencerNbRanks 1 : true
2025-03-07 13:17:24,593 [INFO] ADCParametersView:116 -                Rank 1 : true
2025-03-07 13:17:24,593 [INFO] ADCParametersView:116 -                Rank 2 : true
2025-03-07 13:17:24,593 [INFO] ADCParametersView:116 -                SequencerNbRanks 1 : true
2025-03-07 13:17:24,593 [INFO] ADCParametersView:116 -                Rank 1 : true
2025-03-07 13:17:24,593 [INFO] ADCParametersView:116 -                Rank 2 : true
2025-03-07 13:17:24,593 [INFO] ADCParametersView:116 -                SequencerNbRanks 1 : true
2025-03-07 13:17:24,593 [INFO] ADCParametersView:116 -                Rank 1 : true
2025-03-07 13:17:24,593 [INFO] ADCParametersView:116 -                Rank 2 : true
2025-03-07 13:17:24,593 [INFO] ADCParametersView:116 -                SequencerNbRanks 1 : true
2025-03-07 13:17:24,593 [INFO] ADCParametersView:116 -                Rank 1 : true
2025-03-07 13:17:24,593 [INFO] ADCParametersView:116 -                Rank 2 : true
2025-03-07 13:17:24,593 [INFO] ADCParametersView:116 -                SequencerNbRanks 1 : true
2025-03-07 13:17:24,593 [INFO] ADCParametersView:116 -                Rank 1 : true
2025-03-07 13:17:24,593 [INFO] ADCParametersView:116 -                Rank 2 : true
2025-03-07 13:17:24,593 [INFO] ADCParametersView:116 -                SequencerNbRanks 1 : true
2025-03-07 13:17:24,593 [INFO] ADCParametersView:116 -                Rank 1 : true
2025-03-07 13:17:24,593 [INFO] ADCParametersView:116 -                Rank 2 : true
2025-03-07 13:17:24,593 [INFO] ADCParametersView:116 -                SequencerNbRanks 1 : true
2025-03-07 13:17:24,593 [INFO] ADCParametersView:116 -                Rank 1 : true
2025-03-07 13:17:24,593 [INFO] ADCParametersView:116 -                Rank 2 : true
2025-03-07 13:17:24,593 [INFO] ADCParametersView:116 -                SequencerNbRanks 1 : true
2025-03-07 13:17:24,593 [INFO] ADCParametersView:116 -                Rank 1 : true
2025-03-07 13:17:24,593 [INFO] ADCParametersView:116 -                Rank 2 : true
2025-03-07 13:17:24,593 [INFO] ADCParametersView:116 -                SequencerNbRanks 1 : true
2025-03-07 13:17:24,593 [INFO] ADCParametersView:116 -                Rank 1 : true
2025-03-07 13:17:24,593 [INFO] ADCParametersView:116 -                Rank 2 : true
2025-03-07 13:17:24,593 [INFO] ADCParametersView:116 -                SequencerNbRanks 1 : true
2025-03-07 13:17:24,593 [INFO] ADCParametersView:116 -                Rank 1 : true
2025-03-07 13:17:24,593 [INFO] ADCParametersView:116 -                Rank 2 : true
2025-03-07 13:17:24,593 [INFO] ADCParametersView:116 -                Rank 1 : true
2025-03-07 13:17:24,593 [INFO] ADCParametersView:116 -                Rank 2 : true
2025-03-07 13:17:24,593 [INFO] ADCParametersView:116 -                Rank 1 : true
2025-03-07 13:17:24,593 [INFO] ADCParametersView:116 -                Rank 2 : true
2025-03-07 13:17:24,593 [INFO] ADCParametersView:116 -                Rank 1 : true
2025-03-07 13:17:24,593 [INFO] ADCParametersView:116 -                Rank 2 : true
2025-03-07 13:17:24,593 [INFO] ADCParametersView:116 -                Rank 1 : true
2025-03-07 13:17:24,593 [INFO] ADCParametersView:116 -                Rank 2 : true
2025-03-07 13:17:24,593 [INFO] ADCParametersView:116 -                Rank 1 : true
2025-03-07 13:17:24,593 [INFO] ADCParametersView:116 -                Rank 2 : true
2025-03-07 13:17:24,593 [INFO] ADCParametersView:116 -                Rank 1 : true
2025-03-07 13:17:24,593 [INFO] ADCParametersView:116 -                Rank 2 : true
2025-03-07 13:17:24,593 [INFO] ADCParametersView:116 -                Rank 2 : true
2025-03-07 13:17:24,655 [INFO] ADCParametersView:116 -                SequencerNbRanks 1 : true
2025-03-07 13:17:24,655 [INFO] ADCParametersView:116 -                SequencerNbRanks 1 : true
2025-03-07 13:17:24,655 [INFO] ADCParametersView:116 -                SequencerNbRanks 1 : true
2025-03-07 13:17:24,655 [INFO] ADCParametersView:116 -                SequencerNbRanks 1 : true
2025-03-07 13:17:24,655 [INFO] ADCParametersView:116 -                SequencerNbRanks 1 : true
2025-03-07 13:17:24,655 [INFO] ADCParametersView:116 -                SequencerNbRanks 1 : true
2025-03-07 13:17:24,655 [INFO] ADCParametersView:116 -                SequencerNbRanks 1 : true
2025-03-07 13:17:24,655 [INFO] ADCParametersView:116 -                Rank 1 : true
2025-03-07 13:17:24,655 [INFO] ADCParametersView:116 -                SequencerNbRanks 1 : true
2025-03-07 13:17:24,655 [INFO] ADCParametersView:116 -                Rank 1 : true
2025-03-07 13:17:24,655 [INFO] ADCParametersView:116 -                Rank 2 : true
2025-03-07 13:17:24,655 [INFO] ADCParametersView:116 -                SequencerNbRanks 1 : true
2025-03-07 13:17:24,655 [INFO] ADCParametersView:116 -                Rank 1 : true
2025-03-07 13:17:24,655 [INFO] ADCParametersView:116 -                Rank 2 : true
2025-03-07 13:17:24,655 [INFO] ADCParametersView:116 -                SequencerNbRanks 1 : true
2025-03-07 13:17:24,655 [INFO] ADCParametersView:116 -                Rank 1 : true
2025-03-07 13:17:24,655 [INFO] ADCParametersView:116 -                Rank 2 : true
2025-03-07 13:17:24,655 [INFO] ADCParametersView:116 -                SequencerNbRanks 1 : true
2025-03-07 13:17:24,655 [INFO] ADCParametersView:116 -                Rank 1 : true
2025-03-07 13:17:24,655 [INFO] ADCParametersView:116 -                Rank 2 : true
2025-03-07 13:17:24,655 [INFO] ADCParametersView:116 -                SequencerNbRanks 1 : true
2025-03-07 13:17:24,655 [INFO] ADCParametersView:116 -                Rank 1 : true
2025-03-07 13:17:24,655 [INFO] ADCParametersView:116 -                Rank 2 : true
2025-03-07 13:17:24,655 [INFO] ADCParametersView:116 -                SequencerNbRanks 1 : true
2025-03-07 13:17:24,655 [INFO] ADCParametersView:116 -                Rank 1 : true
2025-03-07 13:17:24,655 [INFO] ADCParametersView:116 -                Rank 2 : true
2025-03-07 13:17:24,655 [INFO] ADCParametersView:116 -                SequencerNbRanks 1 : true
2025-03-07 13:17:24,655 [INFO] ADCParametersView:116 -                Rank 1 : true
2025-03-07 13:17:24,655 [INFO] ADCParametersView:116 -                Rank 2 : true
2025-03-07 13:17:24,655 [INFO] ADCParametersView:116 -                SequencerNbRanks 1 : true
2025-03-07 13:17:24,655 [INFO] ADCParametersView:116 -                Rank 1 : true
2025-03-07 13:17:24,655 [INFO] ADCParametersView:116 -                Rank 2 : true
2025-03-07 13:17:24,655 [INFO] ADCParametersView:116 -                SequencerNbRanks 1 : true
2025-03-07 13:17:24,655 [INFO] ADCParametersView:116 -                Rank 1 : true
2025-03-07 13:17:24,655 [INFO] ADCParametersView:116 -                Rank 2 : true
2025-03-07 13:17:24,655 [INFO] ADCParametersView:116 -                SequencerNbRanks 1 : true
2025-03-07 13:17:24,670 [INFO] ADCParametersView:116 -                Rank 1 : true
2025-03-07 13:17:24,670 [INFO] ADCParametersView:116 -                Rank 2 : true
2025-03-07 13:17:24,670 [INFO] ADCParametersView:116 -                SequencerNbRanks 1 : true
2025-03-07 13:17:24,670 [INFO] ADCParametersView:116 -                Rank 1 : true
2025-03-07 13:17:24,670 [INFO] ADCParametersView:116 -                Rank 2 : true
2025-03-07 13:17:24,670 [INFO] ADCParametersView:116 -                SequencerNbRanks 1 : true
2025-03-07 13:17:24,670 [INFO] ADCParametersView:116 -                Rank 1 : true
2025-03-07 13:17:24,670 [INFO] ADCParametersView:116 -                Rank 2 : true
2025-03-07 13:17:24,670 [INFO] ADCParametersView:116 -                SequencerNbRanks 1 : true
2025-03-07 13:17:24,670 [INFO] ADCParametersView:116 -                Rank 1 : true
2025-03-07 13:17:24,670 [INFO] ADCParametersView:116 -                Rank 2 : true
2025-03-07 13:17:24,670 [INFO] ADCParametersView:116 -                SequencerNbRanks 1 : true
2025-03-07 13:17:24,670 [INFO] ADCParametersView:116 -                Rank 1 : true
2025-03-07 13:17:24,670 [INFO] ADCParametersView:116 -                Rank 2 : true
2025-03-07 13:17:24,670 [INFO] ADCParametersView:116 -                SequencerNbRanks 1 : true
2025-03-07 13:17:24,670 [INFO] ADCParametersView:116 -                Rank 1 : true
2025-03-07 13:17:24,670 [INFO] ADCParametersView:116 -                Rank 2 : true
2025-03-07 13:17:24,670 [INFO] ADCParametersView:116 -                SequencerNbRanks 1 : true
2025-03-07 13:17:24,670 [INFO] ADCParametersView:116 -                Rank 1 : true
2025-03-07 13:17:24,670 [INFO] ADCParametersView:116 -                Rank 2 : true
2025-03-07 13:17:24,670 [INFO] ADCParametersView:116 -                Rank 1 : true
2025-03-07 13:17:24,670 [INFO] ADCParametersView:116 -                Rank 2 : true
2025-03-07 13:17:24,670 [INFO] ADCParametersView:116 -                Rank 1 : true
2025-03-07 13:17:24,670 [INFO] ADCParametersView:116 -                Rank 2 : true
2025-03-07 13:17:24,670 [INFO] ADCParametersView:116 -                Rank 1 : true
2025-03-07 13:17:24,670 [INFO] ADCParametersView:116 -                Rank 2 : true
2025-03-07 13:17:24,670 [INFO] ADCParametersView:116 -                Rank 1 : true
2025-03-07 13:17:24,670 [INFO] ADCParametersView:116 -                Rank 2 : true
2025-03-07 13:17:24,670 [INFO] ADCParametersView:116 -                Rank 1 : true
2025-03-07 13:17:24,670 [INFO] ADCParametersView:116 -                Rank 2 : true
2025-03-07 13:17:24,670 [INFO] ADCParametersView:116 -                Rank 1 : true
2025-03-07 13:17:24,670 [INFO] ADCParametersView:116 -                Rank 2 : true
2025-03-07 13:17:24,670 [INFO] ADCParametersView:116 -                Rank 2 : true
2025-03-07 13:17:24,717 [INFO] ADCParametersView:116 -                SequencerNbRanks 1 : true
2025-03-07 13:17:24,717 [INFO] ADCParametersView:116 -                SequencerNbRanks 1 : true
2025-03-07 13:17:24,717 [INFO] ADCParametersView:116 -                SequencerNbRanks 1 : true
2025-03-07 13:17:24,717 [INFO] ADCParametersView:116 -                SequencerNbRanks 1 : true
2025-03-07 13:17:24,717 [INFO] ADCParametersView:116 -                SequencerNbRanks 1 : true
2025-03-07 13:17:24,717 [INFO] ADCParametersView:116 -                SequencerNbRanks 1 : true
2025-03-07 13:17:24,717 [INFO] ADCParametersView:116 -                SequencerNbRanks 1 : true
2025-03-07 13:17:24,717 [INFO] ADCParametersView:116 -                Rank 1 : true
2025-03-07 13:17:24,717 [INFO] ADCParametersView:116 -                SequencerNbRanks 1 : true
2025-03-07 13:17:24,717 [INFO] ADCParametersView:116 -                Rank 1 : true
2025-03-07 13:17:24,717 [INFO] ADCParametersView:116 -                Rank 2 : true
2025-03-07 13:17:24,717 [INFO] ADCParametersView:116 -                SequencerNbRanks 1 : true
2025-03-07 13:17:24,717 [INFO] ADCParametersView:116 -                Rank 1 : true
2025-03-07 13:17:24,717 [INFO] ADCParametersView:116 -                Rank 2 : true
2025-03-07 13:17:24,733 [INFO] ADCParametersView:116 -                SequencerNbRanks 1 : true
2025-03-07 13:17:24,733 [INFO] ADCParametersView:116 -                Rank 1 : true
2025-03-07 13:17:24,733 [INFO] ADCParametersView:116 -                Rank 2 : true
2025-03-07 13:17:24,733 [INFO] ADCParametersView:116 -                SequencerNbRanks 1 : true
2025-03-07 13:17:24,733 [INFO] ADCParametersView:116 -                Rank 1 : true
2025-03-07 13:17:24,733 [INFO] ADCParametersView:116 -                Rank 2 : true
2025-03-07 13:17:24,733 [INFO] ADCParametersView:116 -                SequencerNbRanks 1 : true
2025-03-07 13:17:24,733 [INFO] ADCParametersView:116 -                Rank 1 : true
2025-03-07 13:17:24,733 [INFO] ADCParametersView:116 -                Rank 2 : true
2025-03-07 13:17:24,733 [INFO] ADCParametersView:116 -                SequencerNbRanks 1 : true
2025-03-07 13:17:24,733 [INFO] ADCParametersView:116 -                Rank 1 : true
2025-03-07 13:17:24,733 [INFO] ADCParametersView:116 -                Rank 2 : true
2025-03-07 13:17:24,733 [INFO] ADCParametersView:116 -                SequencerNbRanks 1 : true
2025-03-07 13:17:24,733 [INFO] ADCParametersView:116 -                Rank 1 : true
2025-03-07 13:17:24,733 [INFO] ADCParametersView:116 -                Rank 2 : true
2025-03-07 13:17:24,733 [INFO] ADCParametersView:116 -                SequencerNbRanks 1 : true
2025-03-07 13:17:24,733 [INFO] ADCParametersView:116 -                Rank 1 : true
2025-03-07 13:17:24,733 [INFO] ADCParametersView:116 -                Rank 2 : true
2025-03-07 13:17:24,733 [INFO] ADCParametersView:116 -                SequencerNbRanks 1 : true
2025-03-07 13:17:24,733 [INFO] ADCParametersView:116 -                Rank 1 : true
2025-03-07 13:17:24,733 [INFO] ADCParametersView:116 -                Rank 2 : true
2025-03-07 13:17:24,733 [INFO] ADCParametersView:116 -                SequencerNbRanks 1 : true
2025-03-07 13:17:24,733 [INFO] ADCParametersView:116 -                Rank 1 : true
2025-03-07 13:17:24,733 [INFO] ADCParametersView:116 -                Rank 2 : true
2025-03-07 13:17:24,733 [INFO] ADCParametersView:116 -                SequencerNbRanks 1 : true
2025-03-07 13:17:24,733 [INFO] ADCParametersView:116 -                Rank 1 : true
2025-03-07 13:17:24,733 [INFO] ADCParametersView:116 -                Rank 2 : true
2025-03-07 13:17:24,733 [INFO] ADCParametersView:116 -                SequencerNbRanks 1 : true
2025-03-07 13:17:24,733 [INFO] ADCParametersView:116 -                Rank 1 : true
2025-03-07 13:17:24,733 [INFO] ADCParametersView:116 -                Rank 2 : true
2025-03-07 13:17:24,733 [INFO] ADCParametersView:116 -                SequencerNbRanks 1 : true
2025-03-07 13:17:24,733 [INFO] ADCParametersView:116 -                Rank 1 : true
2025-03-07 13:17:24,733 [INFO] ADCParametersView:116 -                Rank 2 : true
2025-03-07 13:17:24,733 [INFO] ADCParametersView:116 -                SequencerNbRanks 1 : true
2025-03-07 13:17:24,733 [INFO] ADCParametersView:116 -                Rank 1 : true
2025-03-07 13:17:24,733 [INFO] ADCParametersView:116 -                Rank 2 : true
2025-03-07 13:17:24,733 [INFO] ADCParametersView:116 -                SequencerNbRanks 1 : true
2025-03-07 13:17:24,733 [INFO] ADCParametersView:116 -                Rank 1 : true
2025-03-07 13:17:24,733 [INFO] ADCParametersView:116 -                Rank 2 : true
2025-03-07 13:17:24,733 [INFO] ADCParametersView:116 -                SequencerNbRanks 1 : true
2025-03-07 13:17:24,733 [INFO] ADCParametersView:116 -                Rank 1 : true
2025-03-07 13:17:24,733 [INFO] ADCParametersView:116 -                Rank 2 : true
2025-03-07 13:17:24,733 [INFO] ADCParametersView:116 -                Rank 1 : true
2025-03-07 13:17:24,733 [INFO] ADCParametersView:116 -                Rank 2 : true
2025-03-07 13:17:24,733 [INFO] ADCParametersView:116 -                Rank 1 : true
2025-03-07 13:17:24,733 [INFO] ADCParametersView:116 -                Rank 2 : true
2025-03-07 13:17:24,733 [INFO] ADCParametersView:116 -                Rank 1 : true
2025-03-07 13:17:24,733 [INFO] ADCParametersView:116 -                Rank 2 : true
2025-03-07 13:17:24,733 [INFO] ADCParametersView:116 -                Rank 1 : true
2025-03-07 13:17:24,733 [INFO] ADCParametersView:116 -                Rank 2 : true
2025-03-07 13:17:24,733 [INFO] ADCParametersView:116 -                Rank 1 : true
2025-03-07 13:17:24,733 [INFO] ADCParametersView:116 -                Rank 2 : true
2025-03-07 13:17:24,733 [INFO] ADCParametersView:116 -                Rank 1 : true
2025-03-07 13:17:24,733 [INFO] ADCParametersView:116 -                Rank 2 : true
2025-03-07 13:17:24,733 [INFO] ADCParametersView:116 -                Rank 2 : true
2025-03-07 13:17:24,795 [INFO] ADCParametersView:116 -                SequencerNbRanks 1 : true
2025-03-07 13:17:24,795 [INFO] ADCParametersView:116 -                SequencerNbRanks 1 : true
2025-03-07 13:17:24,795 [INFO] ADCParametersView:116 -                SequencerNbRanks 1 : true
2025-03-07 13:17:24,795 [INFO] ADCParametersView:116 -                SequencerNbRanks 1 : true
2025-03-07 13:17:24,795 [INFO] ADCParametersView:116 -                SequencerNbRanks 1 : true
2025-03-07 13:17:24,795 [INFO] ADCParametersView:116 -                SequencerNbRanks 1 : true
2025-03-07 13:17:24,795 [INFO] ADCParametersView:116 -                SequencerNbRanks 1 : true
2025-03-07 13:17:24,795 [INFO] ADCParametersView:116 -                Rank 1 : true
2025-03-07 13:17:24,795 [INFO] ADCParametersView:116 -                SequencerNbRanks 1 : true
2025-03-07 13:17:24,795 [INFO] ADCParametersView:116 -                Rank 1 : true
2025-03-07 13:17:24,795 [INFO] ADCParametersView:116 -                Rank 2 : true
2025-03-07 13:17:24,795 [INFO] ADCParametersView:116 -                SequencerNbRanks 1 : true
2025-03-07 13:17:24,795 [INFO] ADCParametersView:116 -                Rank 1 : true
2025-03-07 13:17:24,795 [INFO] ADCParametersView:116 -                Rank 2 : true
2025-03-07 13:17:24,795 [INFO] ADCParametersView:116 -                SequencerNbRanks 1 : true
2025-03-07 13:17:24,795 [INFO] ADCParametersView:116 -                Rank 1 : true
2025-03-07 13:17:24,795 [INFO] ADCParametersView:116 -                Rank 2 : true
2025-03-07 13:17:24,795 [INFO] ADCParametersView:116 -                SequencerNbRanks 1 : true
2025-03-07 13:17:24,795 [INFO] ADCParametersView:116 -                Rank 1 : true
2025-03-07 13:17:24,795 [INFO] ADCParametersView:116 -                Rank 2 : true
2025-03-07 13:17:24,795 [INFO] ADCParametersView:116 -                SequencerNbRanks 1 : true
2025-03-07 13:17:24,795 [INFO] ADCParametersView:116 -                Rank 1 : true
2025-03-07 13:17:24,795 [INFO] ADCParametersView:116 -                Rank 2 : true
2025-03-07 13:17:24,795 [INFO] ADCParametersView:116 -                SequencerNbRanks 1 : true
2025-03-07 13:17:24,795 [INFO] ADCParametersView:116 -                Rank 1 : true
2025-03-07 13:17:24,795 [INFO] ADCParametersView:116 -                Rank 2 : true
2025-03-07 13:17:24,795 [INFO] ADCParametersView:116 -                SequencerNbRanks 1 : true
2025-03-07 13:17:24,795 [INFO] ADCParametersView:116 -                Rank 1 : true
2025-03-07 13:17:24,795 [INFO] ADCParametersView:116 -                Rank 2 : true
2025-03-07 13:17:24,795 [INFO] ADCParametersView:116 -                SequencerNbRanks 1 : true
2025-03-07 13:17:24,795 [INFO] ADCParametersView:116 -                Rank 1 : true
2025-03-07 13:17:24,795 [INFO] ADCParametersView:116 -                Rank 2 : true
2025-03-07 13:17:24,795 [INFO] ADCParametersView:116 -                SequencerNbRanks 1 : true
2025-03-07 13:17:24,795 [INFO] ADCParametersView:116 -                Rank 1 : true
2025-03-07 13:17:24,795 [INFO] ADCParametersView:116 -                Rank 2 : true
2025-03-07 13:17:24,795 [INFO] ADCParametersView:116 -                SequencerNbRanks 1 : true
2025-03-07 13:17:24,795 [INFO] ADCParametersView:116 -                Rank 1 : true
2025-03-07 13:17:24,795 [INFO] ADCParametersView:116 -                Rank 2 : true
2025-03-07 13:17:24,795 [INFO] ADCParametersView:116 -                SequencerNbRanks 1 : true
2025-03-07 13:17:24,795 [INFO] ADCParametersView:116 -                Rank 1 : true
2025-03-07 13:17:24,795 [INFO] ADCParametersView:116 -                Rank 2 : true
2025-03-07 13:17:24,795 [INFO] ADCParametersView:116 -                SequencerNbRanks 1 : true
2025-03-07 13:17:24,795 [INFO] ADCParametersView:116 -                Rank 1 : true
2025-03-07 13:17:24,795 [INFO] ADCParametersView:116 -                Rank 2 : true
2025-03-07 13:17:24,795 [INFO] ADCParametersView:116 -                SequencerNbRanks 1 : true
2025-03-07 13:17:24,795 [INFO] ADCParametersView:116 -                Rank 1 : true
2025-03-07 13:17:24,795 [INFO] ADCParametersView:116 -                Rank 2 : true
2025-03-07 13:17:24,795 [INFO] ADCParametersView:116 -                SequencerNbRanks 1 : true
2025-03-07 13:17:24,795 [INFO] ADCParametersView:116 -                Rank 1 : true
2025-03-07 13:17:24,795 [INFO] ADCParametersView:116 -                Rank 2 : true
2025-03-07 13:17:24,795 [INFO] ADCParametersView:116 -                SequencerNbRanks 1 : true
2025-03-07 13:17:24,795 [INFO] ADCParametersView:116 -                Rank 1 : true
2025-03-07 13:17:24,795 [INFO] ADCParametersView:116 -                Rank 2 : true
2025-03-07 13:17:24,795 [INFO] ADCParametersView:116 -                SequencerNbRanks 1 : true
2025-03-07 13:17:24,795 [INFO] ADCParametersView:116 -                Rank 1 : true
2025-03-07 13:17:24,795 [INFO] ADCParametersView:116 -                Rank 2 : true
2025-03-07 13:17:24,795 [INFO] ADCParametersView:116 -                Rank 1 : true
2025-03-07 13:17:24,795 [INFO] ADCParametersView:116 -                Rank 2 : true
2025-03-07 13:17:24,795 [INFO] ADCParametersView:116 -                Rank 1 : true
2025-03-07 13:17:24,795 [INFO] ADCParametersView:116 -                Rank 2 : true
2025-03-07 13:17:24,795 [INFO] ADCParametersView:116 -                Rank 1 : true
2025-03-07 13:17:24,795 [INFO] ADCParametersView:116 -                Rank 2 : true
2025-03-07 13:17:24,795 [INFO] ADCParametersView:116 -                Rank 1 : true
2025-03-07 13:17:24,795 [INFO] ADCParametersView:116 -                Rank 2 : true
2025-03-07 13:17:24,795 [INFO] ADCParametersView:116 -                Rank 1 : true
2025-03-07 13:17:24,795 [INFO] ADCParametersView:116 -                Rank 2 : true
2025-03-07 13:17:24,795 [INFO] ADCParametersView:116 -                Rank 1 : true
2025-03-07 13:17:24,795 [INFO] ADCParametersView:116 -                Rank 2 : true
2025-03-07 13:17:24,811 [INFO] ADCParametersView:116 -                Rank 2 : true
2025-03-07 13:17:24,889 [INFO] ADCParametersView:116 -                SequencerNbRanks 1 : true
2025-03-07 13:17:24,889 [INFO] ADCParametersView:116 -                SequencerNbRanks 1 : true
2025-03-07 13:17:24,889 [INFO] ADCParametersView:116 -                SequencerNbRanks 1 : true
2025-03-07 13:17:24,889 [INFO] ADCParametersView:116 -                SequencerNbRanks 1 : true
2025-03-07 13:17:24,889 [INFO] ADCParametersView:116 -                SequencerNbRanks 1 : true
2025-03-07 13:17:24,889 [INFO] ADCParametersView:116 -                SequencerNbRanks 1 : true
2025-03-07 13:17:24,889 [INFO] ADCParametersView:116 -                SequencerNbRanks 1 : true
2025-03-07 13:17:24,889 [INFO] ADCParametersView:116 -                Rank 1 : true
2025-03-07 13:17:24,889 [INFO] ADCParametersView:116 -                SequencerNbRanks 1 : true
2025-03-07 13:17:24,889 [INFO] ADCParametersView:116 -                Rank 1 : true
2025-03-07 13:17:24,889 [INFO] ADCParametersView:116 -                Rank 2 : true
2025-03-07 13:17:24,889 [INFO] ADCParametersView:116 -                SequencerNbRanks 1 : true
2025-03-07 13:17:24,889 [INFO] ADCParametersView:116 -                Rank 1 : true
2025-03-07 13:17:24,889 [INFO] ADCParametersView:116 -                Rank 2 : true
2025-03-07 13:17:24,889 [INFO] ADCParametersView:116 -                SequencerNbRanks 1 : true
2025-03-07 13:17:24,889 [INFO] ADCParametersView:116 -                Rank 1 : true
2025-03-07 13:17:24,889 [INFO] ADCParametersView:116 -                Rank 2 : true
2025-03-07 13:17:24,889 [INFO] ADCParametersView:116 -                SequencerNbRanks 1 : true
2025-03-07 13:17:24,889 [INFO] ADCParametersView:116 -                Rank 1 : true
2025-03-07 13:17:24,889 [INFO] ADCParametersView:116 -                Rank 2 : true
2025-03-07 13:17:24,889 [INFO] ADCParametersView:116 -                SequencerNbRanks 1 : true
2025-03-07 13:17:24,889 [INFO] ADCParametersView:116 -                Rank 1 : true
2025-03-07 13:17:24,889 [INFO] ADCParametersView:116 -                Rank 2 : true
2025-03-07 13:17:24,889 [INFO] ADCParametersView:116 -                SequencerNbRanks 1 : true
2025-03-07 13:17:24,889 [INFO] ADCParametersView:116 -                Rank 1 : true
2025-03-07 13:17:24,889 [INFO] ADCParametersView:116 -                Rank 2 : true
2025-03-07 13:17:24,889 [INFO] ADCParametersView:116 -                SequencerNbRanks 1 : true
2025-03-07 13:17:24,889 [INFO] ADCParametersView:116 -                Rank 1 : true
2025-03-07 13:17:24,889 [INFO] ADCParametersView:116 -                Rank 2 : true
2025-03-07 13:17:24,889 [INFO] ADCParametersView:116 -                SequencerNbRanks 1 : true
2025-03-07 13:17:24,889 [INFO] ADCParametersView:116 -                Rank 1 : true
2025-03-07 13:17:24,889 [INFO] ADCParametersView:116 -                Rank 2 : true
2025-03-07 13:17:24,889 [INFO] ADCParametersView:116 -                SequencerNbRanks 1 : true
2025-03-07 13:17:24,889 [INFO] ADCParametersView:116 -                Rank 1 : true
2025-03-07 13:17:24,889 [INFO] ADCParametersView:116 -                Rank 2 : true
2025-03-07 13:17:24,889 [INFO] ADCParametersView:116 -                SequencerNbRanks 1 : true
2025-03-07 13:17:24,889 [INFO] ADCParametersView:116 -                Rank 1 : true
2025-03-07 13:17:24,889 [INFO] ADCParametersView:116 -                Rank 2 : true
2025-03-07 13:17:24,889 [INFO] ADCParametersView:116 -                SequencerNbRanks 1 : true
2025-03-07 13:17:24,889 [INFO] ADCParametersView:116 -                Rank 1 : true
2025-03-07 13:17:24,889 [INFO] ADCParametersView:116 -                Rank 2 : true
2025-03-07 13:17:24,905 [INFO] ADCParametersView:116 -                SequencerNbRanks 1 : true
2025-03-07 13:17:24,905 [INFO] ADCParametersView:116 -                Rank 1 : true
2025-03-07 13:17:24,905 [INFO] ADCParametersView:116 -                Rank 2 : true
2025-03-07 13:17:24,905 [INFO] ADCParametersView:116 -                SequencerNbRanks 1 : true
2025-03-07 13:17:24,905 [INFO] ADCParametersView:116 -                Rank 1 : true
2025-03-07 13:17:24,905 [INFO] ADCParametersView:116 -                Rank 2 : true
2025-03-07 13:17:24,905 [INFO] ADCParametersView:116 -                SequencerNbRanks 1 : true
2025-03-07 13:17:24,905 [INFO] ADCParametersView:116 -                Rank 1 : true
2025-03-07 13:17:24,905 [INFO] ADCParametersView:116 -                Rank 2 : true
2025-03-07 13:17:24,905 [INFO] ADCParametersView:116 -                SequencerNbRanks 1 : true
2025-03-07 13:17:24,905 [INFO] ADCParametersView:116 -                Rank 1 : true
2025-03-07 13:17:24,905 [INFO] ADCParametersView:116 -                Rank 2 : true
2025-03-07 13:17:24,905 [INFO] ADCParametersView:116 -                SequencerNbRanks 1 : true
2025-03-07 13:17:24,905 [INFO] ADCParametersView:116 -                Rank 1 : true
2025-03-07 13:17:24,905 [INFO] ADCParametersView:116 -                Rank 2 : true
2025-03-07 13:17:24,905 [INFO] ADCParametersView:116 -                Rank 1 : true
2025-03-07 13:17:24,905 [INFO] ADCParametersView:116 -                Rank 2 : true
2025-03-07 13:17:24,905 [INFO] ADCParametersView:116 -                Rank 1 : true
2025-03-07 13:17:24,905 [INFO] ADCParametersView:116 -                Rank 2 : true
2025-03-07 13:17:24,905 [INFO] ADCParametersView:116 -                Rank 1 : true
2025-03-07 13:17:24,905 [INFO] ADCParametersView:116 -                Rank 2 : true
2025-03-07 13:17:24,905 [INFO] ADCParametersView:116 -                Rank 1 : true
2025-03-07 13:17:24,905 [INFO] ADCParametersView:116 -                Rank 2 : true
2025-03-07 13:17:24,905 [INFO] ADCParametersView:116 -                Rank 1 : true
2025-03-07 13:17:24,905 [INFO] ADCParametersView:116 -                Rank 2 : true
2025-03-07 13:17:24,905 [INFO] ADCParametersView:116 -                Rank 1 : true
2025-03-07 13:17:24,905 [INFO] ADCParametersView:116 -                Rank 2 : true
2025-03-07 13:17:24,905 [INFO] ADCParametersView:116 -                Rank 2 : true
2025-03-07 13:17:24,967 [INFO] ADCParametersView:116 -                SequencerNbRanks 1 : true
2025-03-07 13:17:24,967 [INFO] ADCParametersView:116 -                SequencerNbRanks 1 : true
2025-03-07 13:17:24,967 [INFO] ADCParametersView:116 -                SequencerNbRanks 1 : true
2025-03-07 13:17:24,983 [INFO] ADCParametersView:116 -                SequencerNbRanks 1 : true
2025-03-07 13:17:24,983 [INFO] ADCParametersView:116 -                SequencerNbRanks 1 : true
2025-03-07 13:17:24,983 [INFO] ADCParametersView:116 -                SequencerNbRanks 1 : true
2025-03-07 13:17:24,983 [INFO] ADCParametersView:116 -                SequencerNbRanks 1 : true
2025-03-07 13:17:24,983 [INFO] ADCParametersView:116 -                Rank 1 : true
2025-03-07 13:17:24,983 [INFO] ADCParametersView:116 -                SequencerNbRanks 1 : true
2025-03-07 13:17:24,983 [INFO] ADCParametersView:116 -                Rank 1 : true
2025-03-07 13:17:24,983 [INFO] ADCParametersView:116 -                Rank 2 : true
2025-03-07 13:17:24,983 [INFO] ADCParametersView:116 -                SequencerNbRanks 1 : true
2025-03-07 13:17:24,983 [INFO] ADCParametersView:116 -                Rank 1 : true
2025-03-07 13:17:24,983 [INFO] ADCParametersView:116 -                Rank 2 : true
2025-03-07 13:17:24,983 [INFO] ADCParametersView:116 -                SequencerNbRanks 1 : true
2025-03-07 13:17:24,983 [INFO] ADCParametersView:116 -                Rank 1 : true
2025-03-07 13:17:24,983 [INFO] ADCParametersView:116 -                Rank 2 : true
2025-03-07 13:17:24,983 [INFO] ADCParametersView:116 -                SequencerNbRanks 1 : true
2025-03-07 13:17:24,983 [INFO] ADCParametersView:116 -                Rank 1 : true
2025-03-07 13:17:24,983 [INFO] ADCParametersView:116 -                Rank 2 : true
2025-03-07 13:17:24,983 [INFO] ADCParametersView:116 -                SequencerNbRanks 1 : true
2025-03-07 13:17:24,983 [INFO] ADCParametersView:116 -                Rank 1 : true
2025-03-07 13:17:24,983 [INFO] ADCParametersView:116 -                Rank 2 : true
2025-03-07 13:17:24,983 [INFO] ADCParametersView:116 -                SequencerNbRanks 1 : true
2025-03-07 13:17:24,983 [INFO] ADCParametersView:116 -                Rank 1 : true
2025-03-07 13:17:24,983 [INFO] ADCParametersView:116 -                Rank 2 : true
2025-03-07 13:17:24,983 [INFO] ADCParametersView:116 -                SequencerNbRanks 1 : true
2025-03-07 13:17:24,983 [INFO] ADCParametersView:116 -                Rank 1 : true
2025-03-07 13:17:24,983 [INFO] ADCParametersView:116 -                Rank 2 : true
2025-03-07 13:17:24,983 [INFO] ADCParametersView:116 -                SequencerNbRanks 1 : true
2025-03-07 13:17:24,983 [INFO] ADCParametersView:116 -                Rank 1 : true
2025-03-07 13:17:24,983 [INFO] ADCParametersView:116 -                Rank 2 : true
2025-03-07 13:17:24,983 [INFO] ADCParametersView:116 -                SequencerNbRanks 1 : true
2025-03-07 13:17:24,983 [INFO] ADCParametersView:116 -                Rank 1 : true
2025-03-07 13:17:24,983 [INFO] ADCParametersView:116 -                Rank 2 : true
2025-03-07 13:17:24,983 [INFO] ADCParametersView:116 -                SequencerNbRanks 1 : true
2025-03-07 13:17:24,983 [INFO] ADCParametersView:116 -                Rank 1 : true
2025-03-07 13:17:24,983 [INFO] ADCParametersView:116 -                Rank 2 : true
2025-03-07 13:17:24,983 [INFO] ADCParametersView:116 -                SequencerNbRanks 1 : true
2025-03-07 13:17:24,983 [INFO] ADCParametersView:116 -                Rank 1 : true
2025-03-07 13:17:24,983 [INFO] ADCParametersView:116 -                Rank 2 : true
2025-03-07 13:17:24,983 [INFO] ADCParametersView:116 -                SequencerNbRanks 1 : true
2025-03-07 13:17:24,983 [INFO] ADCParametersView:116 -                Rank 1 : true
2025-03-07 13:17:24,983 [INFO] ADCParametersView:116 -                Rank 2 : true
2025-03-07 13:17:24,983 [INFO] ADCParametersView:116 -                SequencerNbRanks 1 : true
2025-03-07 13:17:24,983 [INFO] ADCParametersView:116 -                Rank 1 : true
2025-03-07 13:17:24,983 [INFO] ADCParametersView:116 -                Rank 2 : true
2025-03-07 13:17:24,983 [INFO] ADCParametersView:116 -                SequencerNbRanks 1 : true
2025-03-07 13:17:24,983 [INFO] ADCParametersView:116 -                Rank 1 : true
2025-03-07 13:17:24,983 [INFO] ADCParametersView:116 -                Rank 2 : true
2025-03-07 13:17:24,983 [INFO] ADCParametersView:116 -                SequencerNbRanks 1 : true
2025-03-07 13:17:24,983 [INFO] ADCParametersView:116 -                Rank 1 : true
2025-03-07 13:17:24,983 [INFO] ADCParametersView:116 -                Rank 2 : true
2025-03-07 13:17:24,983 [INFO] ADCParametersView:116 -                SequencerNbRanks 1 : true
2025-03-07 13:17:24,983 [INFO] ADCParametersView:116 -                Rank 1 : true
2025-03-07 13:17:24,983 [INFO] ADCParametersView:116 -                Rank 2 : true
2025-03-07 13:17:24,983 [INFO] ADCParametersView:116 -                Rank 1 : true
2025-03-07 13:17:24,983 [INFO] ADCParametersView:116 -                Rank 2 : true
2025-03-07 13:17:24,983 [INFO] ADCParametersView:116 -                Rank 1 : true
2025-03-07 13:17:24,983 [INFO] ADCParametersView:116 -                Rank 2 : true
2025-03-07 13:17:24,983 [INFO] ADCParametersView:116 -                Rank 1 : true
2025-03-07 13:17:24,983 [INFO] ADCParametersView:116 -                Rank 2 : true
2025-03-07 13:17:24,983 [INFO] ADCParametersView:116 -                Rank 1 : true
2025-03-07 13:17:24,983 [INFO] ADCParametersView:116 -                Rank 2 : true
2025-03-07 13:17:24,983 [INFO] ADCParametersView:116 -                Rank 1 : true
2025-03-07 13:17:24,983 [INFO] ADCParametersView:116 -                Rank 2 : true
2025-03-07 13:17:24,983 [INFO] ADCParametersView:116 -                Rank 1 : true
2025-03-07 13:17:24,983 [INFO] ADCParametersView:116 -                Rank 2 : true
2025-03-07 13:17:24,983 [INFO] ADCParametersView:116 -                Rank 2 : true
2025-03-07 13:17:25,045 [INFO] ADCParametersView:116 -                SequencerNbRanks 1 : true
2025-03-07 13:17:25,045 [INFO] ADCParametersView:116 -                SequencerNbRanks 1 : true
2025-03-07 13:17:25,045 [INFO] ADCParametersView:116 -                SequencerNbRanks 1 : true
2025-03-07 13:17:25,045 [INFO] ADCParametersView:116 -                SequencerNbRanks 1 : true
2025-03-07 13:17:25,045 [INFO] ADCParametersView:116 -                SequencerNbRanks 1 : true
2025-03-07 13:17:25,045 [INFO] ADCParametersView:116 -                SequencerNbRanks 1 : true
2025-03-07 13:17:25,045 [INFO] ADCParametersView:116 -                SequencerNbRanks 1 : true
2025-03-07 13:17:25,045 [INFO] ADCParametersView:116 -                Rank 1 : true
2025-03-07 13:17:25,045 [INFO] ADCParametersView:116 -                SequencerNbRanks 1 : true
2025-03-07 13:17:25,045 [INFO] ADCParametersView:116 -                Rank 1 : true
2025-03-07 13:17:25,045 [INFO] ADCParametersView:116 -                Rank 2 : true
2025-03-07 13:17:25,045 [INFO] ADCParametersView:116 -                SequencerNbRanks 1 : true
2025-03-07 13:17:25,045 [INFO] ADCParametersView:116 -                Rank 1 : true
2025-03-07 13:17:25,045 [INFO] ADCParametersView:116 -                Rank 2 : true
2025-03-07 13:17:25,045 [INFO] ADCParametersView:116 -                SequencerNbRanks 1 : true
2025-03-07 13:17:25,045 [INFO] ADCParametersView:116 -                Rank 1 : true
2025-03-07 13:17:25,045 [INFO] ADCParametersView:116 -                Rank 2 : true
2025-03-07 13:17:25,045 [INFO] ADCParametersView:116 -                SequencerNbRanks 1 : true
2025-03-07 13:17:25,045 [INFO] ADCParametersView:116 -                Rank 1 : true
2025-03-07 13:17:25,045 [INFO] ADCParametersView:116 -                Rank 2 : true
2025-03-07 13:17:25,061 [INFO] ADCParametersView:116 -                SequencerNbRanks 1 : true
2025-03-07 13:17:25,061 [INFO] ADCParametersView:116 -                Rank 1 : true
2025-03-07 13:17:25,061 [INFO] ADCParametersView:116 -                Rank 2 : true
2025-03-07 13:17:25,061 [INFO] ADCParametersView:116 -                SequencerNbRanks 1 : true
2025-03-07 13:17:25,061 [INFO] ADCParametersView:116 -                Rank 1 : true
2025-03-07 13:17:25,061 [INFO] ADCParametersView:116 -                Rank 2 : true
2025-03-07 13:17:25,061 [INFO] ADCParametersView:116 -                SequencerNbRanks 1 : true
2025-03-07 13:17:25,061 [INFO] ADCParametersView:116 -                Rank 1 : true
2025-03-07 13:17:25,061 [INFO] ADCParametersView:116 -                Rank 2 : true
2025-03-07 13:17:25,061 [INFO] ADCParametersView:116 -                SequencerNbRanks 1 : true
2025-03-07 13:17:25,061 [INFO] ADCParametersView:116 -                Rank 1 : true
2025-03-07 13:17:25,061 [INFO] ADCParametersView:116 -                Rank 2 : true
2025-03-07 13:17:25,061 [INFO] ADCParametersView:116 -                SequencerNbRanks 1 : true
2025-03-07 13:17:25,061 [INFO] ADCParametersView:116 -                Rank 1 : true
2025-03-07 13:17:25,061 [INFO] ADCParametersView:116 -                Rank 2 : true
2025-03-07 13:17:25,061 [INFO] ADCParametersView:116 -                SequencerNbRanks 1 : true
2025-03-07 13:17:25,061 [INFO] ADCParametersView:116 -                Rank 1 : true
2025-03-07 13:17:25,061 [INFO] ADCParametersView:116 -                Rank 2 : true
2025-03-07 13:17:25,061 [INFO] ADCParametersView:116 -                SequencerNbRanks 1 : true
2025-03-07 13:17:25,061 [INFO] ADCParametersView:116 -                Rank 1 : true
2025-03-07 13:17:25,061 [INFO] ADCParametersView:116 -                Rank 2 : true
2025-03-07 13:17:25,061 [INFO] ADCParametersView:116 -                SequencerNbRanks 1 : true
2025-03-07 13:17:25,061 [INFO] ADCParametersView:116 -                Rank 1 : true
2025-03-07 13:17:25,061 [INFO] ADCParametersView:116 -                Rank 2 : true
2025-03-07 13:17:25,061 [INFO] ADCParametersView:116 -                SequencerNbRanks 1 : true
2025-03-07 13:17:25,061 [INFO] ADCParametersView:116 -                Rank 1 : true
2025-03-07 13:17:25,061 [INFO] ADCParametersView:116 -                Rank 2 : true
2025-03-07 13:17:25,061 [INFO] ADCParametersView:116 -                SequencerNbRanks 1 : true
2025-03-07 13:17:25,061 [INFO] ADCParametersView:116 -                Rank 1 : true
2025-03-07 13:17:25,061 [INFO] ADCParametersView:116 -                Rank 2 : true
2025-03-07 13:17:25,061 [INFO] ADCParametersView:116 -                SequencerNbRanks 1 : true
2025-03-07 13:17:25,061 [INFO] ADCParametersView:116 -                Rank 1 : true
2025-03-07 13:17:25,061 [INFO] ADCParametersView:116 -                Rank 2 : true
2025-03-07 13:17:25,061 [INFO] ADCParametersView:116 -                SequencerNbRanks 1 : true
2025-03-07 13:17:25,061 [INFO] ADCParametersView:116 -                Rank 1 : true
2025-03-07 13:17:25,061 [INFO] ADCParametersView:116 -                Rank 2 : true
2025-03-07 13:17:25,061 [INFO] ADCParametersView:116 -                Rank 1 : true
2025-03-07 13:17:25,061 [INFO] ADCParametersView:116 -                Rank 2 : true
2025-03-07 13:17:25,061 [INFO] ADCParametersView:116 -                Rank 1 : true
2025-03-07 13:17:25,061 [INFO] ADCParametersView:116 -                Rank 2 : true
2025-03-07 13:17:25,061 [INFO] ADCParametersView:116 -                Rank 1 : true
2025-03-07 13:17:25,061 [INFO] ADCParametersView:116 -                Rank 2 : true
2025-03-07 13:17:25,061 [INFO] ADCParametersView:116 -                Rank 1 : true
2025-03-07 13:17:25,061 [INFO] ADCParametersView:116 -                Rank 2 : true
2025-03-07 13:17:25,061 [INFO] ADCParametersView:116 -                Rank 1 : true
2025-03-07 13:17:25,061 [INFO] ADCParametersView:116 -                Rank 2 : true
2025-03-07 13:17:25,061 [INFO] ADCParametersView:116 -                Rank 1 : true
2025-03-07 13:17:25,061 [INFO] ADCParametersView:116 -                Rank 2 : true
2025-03-07 13:17:25,061 [INFO] ADCParametersView:116 -                Rank 2 : true
2025-03-07 13:17:25,123 [INFO] ADCParametersView:116 -                SequencerNbRanks 1 : true
2025-03-07 13:17:25,123 [INFO] ADCParametersView:116 -                SequencerNbRanks 1 : true
2025-03-07 13:17:25,123 [INFO] ADCParametersView:116 -                SequencerNbRanks 1 : true
2025-03-07 13:17:25,123 [INFO] ADCParametersView:116 -                SequencerNbRanks 1 : true
2025-03-07 13:17:25,123 [INFO] ADCParametersView:116 -                SequencerNbRanks 1 : true
2025-03-07 13:17:25,123 [INFO] ADCParametersView:116 -                SequencerNbRanks 1 : true
2025-03-07 13:17:25,123 [INFO] ADCParametersView:116 -                SequencerNbRanks 1 : true
2025-03-07 13:17:25,123 [INFO] ADCParametersView:116 -                Rank 1 : true
2025-03-07 13:17:25,123 [INFO] ADCParametersView:116 -                SequencerNbRanks 1 : true
2025-03-07 13:17:25,123 [INFO] ADCParametersView:116 -                Rank 1 : true
2025-03-07 13:17:25,123 [INFO] ADCParametersView:116 -                Rank 2 : true
2025-03-07 13:17:25,123 [INFO] ADCParametersView:116 -                SequencerNbRanks 1 : true
2025-03-07 13:17:25,123 [INFO] ADCParametersView:116 -                Rank 1 : true
2025-03-07 13:17:25,123 [INFO] ADCParametersView:116 -                Rank 2 : true
2025-03-07 13:17:25,123 [INFO] ADCParametersView:116 -                SequencerNbRanks 1 : true
2025-03-07 13:17:25,123 [INFO] ADCParametersView:116 -                Rank 1 : true
2025-03-07 13:17:25,123 [INFO] ADCParametersView:116 -                Rank 2 : true
2025-03-07 13:17:25,123 [INFO] ADCParametersView:116 -                SequencerNbRanks 1 : true
2025-03-07 13:17:25,123 [INFO] ADCParametersView:116 -                Rank 1 : true
2025-03-07 13:17:25,123 [INFO] ADCParametersView:116 -                Rank 2 : true
2025-03-07 13:17:25,123 [INFO] ADCParametersView:116 -                SequencerNbRanks 1 : true
2025-03-07 13:17:25,123 [INFO] ADCParametersView:116 -                Rank 1 : true
2025-03-07 13:17:25,123 [INFO] ADCParametersView:116 -                Rank 2 : true
2025-03-07 13:17:25,123 [INFO] ADCParametersView:116 -                SequencerNbRanks 1 : true
2025-03-07 13:17:25,123 [INFO] ADCParametersView:116 -                Rank 1 : true
2025-03-07 13:17:25,123 [INFO] ADCParametersView:116 -                Rank 2 : true
2025-03-07 13:17:25,123 [INFO] ADCParametersView:116 -                SequencerNbRanks 1 : true
2025-03-07 13:17:25,123 [INFO] ADCParametersView:116 -                Rank 1 : true
2025-03-07 13:17:25,123 [INFO] ADCParametersView:116 -                Rank 2 : true
2025-03-07 13:17:25,139 [INFO] ADCParametersView:116 -                SequencerNbRanks 1 : true
2025-03-07 13:17:25,139 [INFO] ADCParametersView:116 -                Rank 1 : true
2025-03-07 13:17:25,139 [INFO] ADCParametersView:116 -                Rank 2 : true
2025-03-07 13:17:25,139 [INFO] ADCParametersView:116 -                SequencerNbRanks 1 : true
2025-03-07 13:17:25,139 [INFO] ADCParametersView:116 -                Rank 1 : true
2025-03-07 13:17:25,139 [INFO] ADCParametersView:116 -                Rank 2 : true
2025-03-07 13:17:25,139 [INFO] ADCParametersView:116 -                SequencerNbRanks 1 : true
2025-03-07 13:17:25,139 [INFO] ADCParametersView:116 -                Rank 1 : true
2025-03-07 13:17:25,139 [INFO] ADCParametersView:116 -                Rank 2 : true
2025-03-07 13:17:25,139 [INFO] ADCParametersView:116 -                SequencerNbRanks 1 : true
2025-03-07 13:17:25,139 [INFO] ADCParametersView:116 -                Rank 1 : true
2025-03-07 13:17:25,139 [INFO] ADCParametersView:116 -                Rank 2 : true
2025-03-07 13:17:25,139 [INFO] ADCParametersView:116 -                SequencerNbRanks 1 : true
2025-03-07 13:17:25,139 [INFO] ADCParametersView:116 -                Rank 1 : true
2025-03-07 13:17:25,139 [INFO] ADCParametersView:116 -                Rank 2 : true
2025-03-07 13:17:25,139 [INFO] ADCParametersView:116 -                SequencerNbRanks 1 : true
2025-03-07 13:17:25,139 [INFO] ADCParametersView:116 -                Rank 1 : true
2025-03-07 13:17:25,139 [INFO] ADCParametersView:116 -                Rank 2 : true
2025-03-07 13:17:25,139 [INFO] ADCParametersView:116 -                SequencerNbRanks 1 : true
2025-03-07 13:17:25,139 [INFO] ADCParametersView:116 -                Rank 1 : true
2025-03-07 13:17:25,139 [INFO] ADCParametersView:116 -                Rank 2 : true
2025-03-07 13:17:25,139 [INFO] ADCParametersView:116 -                SequencerNbRanks 1 : true
2025-03-07 13:17:25,139 [INFO] ADCParametersView:116 -                Rank 1 : true
2025-03-07 13:17:25,139 [INFO] ADCParametersView:116 -                Rank 2 : true
2025-03-07 13:17:25,139 [INFO] ADCParametersView:116 -                SequencerNbRanks 1 : true
2025-03-07 13:17:25,139 [INFO] ADCParametersView:116 -                Rank 1 : true
2025-03-07 13:17:25,139 [INFO] ADCParametersView:116 -                Rank 2 : true
2025-03-07 13:17:25,139 [INFO] ADCParametersView:116 -                Rank 1 : true
2025-03-07 13:17:25,139 [INFO] ADCParametersView:116 -                Rank 2 : true
2025-03-07 13:17:25,139 [INFO] ADCParametersView:116 -                Rank 1 : true
2025-03-07 13:17:25,139 [INFO] ADCParametersView:116 -                Rank 2 : true
2025-03-07 13:17:25,139 [INFO] ADCParametersView:116 -                Rank 1 : true
2025-03-07 13:17:25,139 [INFO] ADCParametersView:116 -                Rank 2 : true
2025-03-07 13:17:25,139 [INFO] ADCParametersView:116 -                Rank 1 : true
2025-03-07 13:17:25,139 [INFO] ADCParametersView:116 -                Rank 2 : true
2025-03-07 13:17:25,139 [INFO] ADCParametersView:116 -                Rank 1 : true
2025-03-07 13:17:25,139 [INFO] ADCParametersView:116 -                Rank 2 : true
2025-03-07 13:17:25,139 [INFO] ADCParametersView:116 -                Rank 1 : true
2025-03-07 13:17:25,139 [INFO] ADCParametersView:116 -                Rank 2 : true
2025-03-07 13:17:25,139 [INFO] ADCParametersView:116 -                Rank 2 : true
2025-03-07 13:17:25,186 [INFO] ADCParametersView:116 -                SequencerNbRanks 1 : true
2025-03-07 13:17:25,186 [INFO] ADCParametersView:116 -                SequencerNbRanks 1 : true
2025-03-07 13:17:25,186 [INFO] ADCParametersView:116 -                SequencerNbRanks 1 : true
2025-03-07 13:17:25,186 [INFO] ADCParametersView:116 -                SequencerNbRanks 1 : true
2025-03-07 13:17:25,186 [INFO] ADCParametersView:116 -                SequencerNbRanks 1 : true
2025-03-07 13:17:25,186 [INFO] ADCParametersView:116 -                SequencerNbRanks 1 : true
2025-03-07 13:17:25,186 [INFO] ADCParametersView:116 -                SequencerNbRanks 1 : true
2025-03-07 13:17:25,186 [INFO] ADCParametersView:116 -                Rank 1 : true
2025-03-07 13:17:25,186 [INFO] ADCParametersView:116 -                SequencerNbRanks 1 : true
2025-03-07 13:17:25,186 [INFO] ADCParametersView:116 -                Rank 1 : true
2025-03-07 13:17:25,186 [INFO] ADCParametersView:116 -                Rank 2 : true
2025-03-07 13:17:25,186 [INFO] ADCParametersView:116 -                SequencerNbRanks 1 : true
2025-03-07 13:17:25,186 [INFO] ADCParametersView:116 -                Rank 1 : true
2025-03-07 13:17:25,186 [INFO] ADCParametersView:116 -                Rank 2 : true
2025-03-07 13:17:25,202 [INFO] ADCParametersView:116 -                SequencerNbRanks 1 : true
2025-03-07 13:17:25,202 [INFO] ADCParametersView:116 -                Rank 1 : true
2025-03-07 13:17:25,202 [INFO] ADCParametersView:116 -                Rank 2 : true
2025-03-07 13:17:25,202 [INFO] ADCParametersView:116 -                SequencerNbRanks 1 : true
2025-03-07 13:17:25,202 [INFO] ADCParametersView:116 -                Rank 1 : true
2025-03-07 13:17:25,202 [INFO] ADCParametersView:116 -                Rank 2 : true
2025-03-07 13:17:25,202 [INFO] ADCParametersView:116 -                SequencerNbRanks 1 : true
2025-03-07 13:17:25,202 [INFO] ADCParametersView:116 -                Rank 1 : true
2025-03-07 13:17:25,202 [INFO] ADCParametersView:116 -                Rank 2 : true
2025-03-07 13:17:25,202 [INFO] ADCParametersView:116 -                SequencerNbRanks 1 : true
2025-03-07 13:17:25,202 [INFO] ADCParametersView:116 -                Rank 1 : true
2025-03-07 13:17:25,202 [INFO] ADCParametersView:116 -                Rank 2 : true
2025-03-07 13:17:25,202 [INFO] ADCParametersView:116 -                SequencerNbRanks 1 : true
2025-03-07 13:17:25,202 [INFO] ADCParametersView:116 -                Rank 1 : true
2025-03-07 13:17:25,202 [INFO] ADCParametersView:116 -                Rank 2 : true
2025-03-07 13:17:25,202 [INFO] ADCParametersView:116 -                SequencerNbRanks 1 : true
2025-03-07 13:17:25,202 [INFO] ADCParametersView:116 -                Rank 1 : true
2025-03-07 13:17:25,202 [INFO] ADCParametersView:116 -                Rank 2 : true
2025-03-07 13:17:25,202 [INFO] ADCParametersView:116 -                SequencerNbRanks 1 : true
2025-03-07 13:17:25,202 [INFO] ADCParametersView:116 -                Rank 1 : true
2025-03-07 13:17:25,202 [INFO] ADCParametersView:116 -                Rank 2 : true
2025-03-07 13:17:25,202 [INFO] ADCParametersView:116 -                SequencerNbRanks 1 : true
2025-03-07 13:17:25,202 [INFO] ADCParametersView:116 -                Rank 1 : true
2025-03-07 13:17:25,202 [INFO] ADCParametersView:116 -                Rank 2 : true
2025-03-07 13:17:25,202 [INFO] ADCParametersView:116 -                SequencerNbRanks 1 : true
2025-03-07 13:17:25,202 [INFO] ADCParametersView:116 -                Rank 1 : true
2025-03-07 13:17:25,202 [INFO] ADCParametersView:116 -                Rank 2 : true
2025-03-07 13:17:25,202 [INFO] ADCParametersView:116 -                SequencerNbRanks 1 : true
2025-03-07 13:17:25,202 [INFO] ADCParametersView:116 -                Rank 1 : true
2025-03-07 13:17:25,202 [INFO] ADCParametersView:116 -                Rank 2 : true
2025-03-07 13:17:25,202 [INFO] ADCParametersView:116 -                SequencerNbRanks 1 : true
2025-03-07 13:17:25,202 [INFO] ADCParametersView:116 -                Rank 1 : true
2025-03-07 13:17:25,202 [INFO] ADCParametersView:116 -                Rank 2 : true
2025-03-07 13:17:25,202 [INFO] ADCParametersView:116 -                SequencerNbRanks 1 : true
2025-03-07 13:17:25,202 [INFO] ADCParametersView:116 -                Rank 1 : true
2025-03-07 13:17:25,202 [INFO] ADCParametersView:116 -                Rank 2 : true
2025-03-07 13:17:25,202 [INFO] ADCParametersView:116 -                SequencerNbRanks 1 : true
2025-03-07 13:17:25,202 [INFO] ADCParametersView:116 -                Rank 1 : true
2025-03-07 13:17:25,202 [INFO] ADCParametersView:116 -                Rank 2 : true
2025-03-07 13:17:25,202 [INFO] ADCParametersView:116 -                SequencerNbRanks 1 : true
2025-03-07 13:17:25,202 [INFO] ADCParametersView:116 -                Rank 1 : true
2025-03-07 13:17:25,202 [INFO] ADCParametersView:116 -                Rank 2 : true
2025-03-07 13:17:25,202 [INFO] ADCParametersView:116 -                Rank 1 : true
2025-03-07 13:17:25,202 [INFO] ADCParametersView:116 -                Rank 2 : true
2025-03-07 13:17:25,202 [INFO] ADCParametersView:116 -                Rank 1 : true
2025-03-07 13:17:25,202 [INFO] ADCParametersView:116 -                Rank 2 : true
2025-03-07 13:17:25,202 [INFO] ADCParametersView:116 -                Rank 1 : true
2025-03-07 13:17:25,202 [INFO] ADCParametersView:116 -                Rank 2 : true
2025-03-07 13:17:25,202 [INFO] ADCParametersView:116 -                Rank 1 : true
2025-03-07 13:17:25,202 [INFO] ADCParametersView:116 -                Rank 2 : true
2025-03-07 13:17:25,202 [INFO] ADCParametersView:116 -                Rank 1 : true
2025-03-07 13:17:25,202 [INFO] ADCParametersView:116 -                Rank 2 : true
2025-03-07 13:17:25,202 [INFO] ADCParametersView:116 -                Rank 1 : true
2025-03-07 13:17:25,202 [INFO] ADCParametersView:116 -                Rank 2 : true
2025-03-07 13:17:25,202 [INFO] ADCParametersView:116 -                Rank 2 : true
2025-03-07 13:17:25,264 [INFO] ADCParametersView:116 -                SequencerNbRanks 1 : true
2025-03-07 13:17:25,264 [INFO] ADCParametersView:116 -                SequencerNbRanks 1 : true
2025-03-07 13:17:25,264 [INFO] ADCParametersView:116 -                SequencerNbRanks 1 : true
2025-03-07 13:17:25,264 [INFO] ADCParametersView:116 -                SequencerNbRanks 1 : true
2025-03-07 13:17:25,264 [INFO] ADCParametersView:116 -                SequencerNbRanks 1 : true
2025-03-07 13:17:25,264 [INFO] ADCParametersView:116 -                SequencerNbRanks 1 : true
2025-03-07 13:17:25,264 [INFO] ADCParametersView:116 -                SequencerNbRanks 1 : true
2025-03-07 13:17:25,264 [INFO] ADCParametersView:116 -                Rank 1 : true
2025-03-07 13:17:25,264 [INFO] ADCParametersView:116 -                SequencerNbRanks 1 : true
2025-03-07 13:17:25,264 [INFO] ADCParametersView:116 -                Rank 1 : true
2025-03-07 13:17:25,264 [INFO] ADCParametersView:116 -                Rank 2 : true
2025-03-07 13:17:25,264 [INFO] ADCParametersView:116 -                SequencerNbRanks 1 : true
2025-03-07 13:17:25,264 [INFO] ADCParametersView:116 -                Rank 1 : true
2025-03-07 13:17:25,264 [INFO] ADCParametersView:116 -                Rank 2 : true
2025-03-07 13:17:25,264 [INFO] ADCParametersView:116 -                SequencerNbRanks 1 : true
2025-03-07 13:17:25,264 [INFO] ADCParametersView:116 -                Rank 1 : true
2025-03-07 13:17:25,264 [INFO] ADCParametersView:116 -                Rank 2 : true
2025-03-07 13:17:25,264 [INFO] ADCParametersView:116 -                SequencerNbRanks 1 : true
2025-03-07 13:17:25,264 [INFO] ADCParametersView:116 -                Rank 1 : true
2025-03-07 13:17:25,264 [INFO] ADCParametersView:116 -                Rank 2 : true
2025-03-07 13:17:25,264 [INFO] ADCParametersView:116 -                SequencerNbRanks 1 : true
2025-03-07 13:17:25,264 [INFO] ADCParametersView:116 -                Rank 1 : true
2025-03-07 13:17:25,264 [INFO] ADCParametersView:116 -                Rank 2 : true
2025-03-07 13:17:25,264 [INFO] ADCParametersView:116 -                SequencerNbRanks 1 : true
2025-03-07 13:17:25,264 [INFO] ADCParametersView:116 -                Rank 1 : true
2025-03-07 13:17:25,264 [INFO] ADCParametersView:116 -                Rank 2 : true
2025-03-07 13:17:25,264 [INFO] ADCParametersView:116 -                SequencerNbRanks 1 : true
2025-03-07 13:17:25,264 [INFO] ADCParametersView:116 -                Rank 1 : true
2025-03-07 13:17:25,264 [INFO] ADCParametersView:116 -                Rank 2 : true
2025-03-07 13:17:25,264 [INFO] ADCParametersView:116 -                SequencerNbRanks 1 : true
2025-03-07 13:17:25,264 [INFO] ADCParametersView:116 -                Rank 1 : true
2025-03-07 13:17:25,264 [INFO] ADCParametersView:116 -                Rank 2 : true
2025-03-07 13:17:25,264 [INFO] ADCParametersView:116 -                SequencerNbRanks 1 : true
2025-03-07 13:17:25,264 [INFO] ADCParametersView:116 -                Rank 1 : true
2025-03-07 13:17:25,264 [INFO] ADCParametersView:116 -                Rank 2 : true
2025-03-07 13:17:25,280 [INFO] ADCParametersView:116 -                SequencerNbRanks 1 : true
2025-03-07 13:17:25,280 [INFO] ADCParametersView:116 -                Rank 1 : true
2025-03-07 13:17:25,280 [INFO] ADCParametersView:116 -                Rank 2 : true
2025-03-07 13:17:25,280 [INFO] ADCParametersView:116 -                SequencerNbRanks 1 : true
2025-03-07 13:17:25,280 [INFO] ADCParametersView:116 -                Rank 1 : true
2025-03-07 13:17:25,280 [INFO] ADCParametersView:116 -                Rank 2 : true
2025-03-07 13:17:25,280 [INFO] ADCParametersView:116 -                SequencerNbRanks 1 : true
2025-03-07 13:17:25,280 [INFO] ADCParametersView:116 -                Rank 1 : true
2025-03-07 13:17:25,280 [INFO] ADCParametersView:116 -                Rank 2 : true
2025-03-07 13:17:25,280 [INFO] ADCParametersView:116 -                SequencerNbRanks 1 : true
2025-03-07 13:17:25,280 [INFO] ADCParametersView:116 -                Rank 1 : true
2025-03-07 13:17:25,280 [INFO] ADCParametersView:116 -                Rank 2 : true
2025-03-07 13:17:25,280 [INFO] ADCParametersView:116 -                SequencerNbRanks 1 : true
2025-03-07 13:17:25,280 [INFO] ADCParametersView:116 -                Rank 1 : true
2025-03-07 13:17:25,280 [INFO] ADCParametersView:116 -                Rank 2 : true
2025-03-07 13:17:25,280 [INFO] ADCParametersView:116 -                SequencerNbRanks 1 : true
2025-03-07 13:17:25,280 [INFO] ADCParametersView:116 -                Rank 1 : true
2025-03-07 13:17:25,280 [INFO] ADCParametersView:116 -                Rank 2 : true
2025-03-07 13:17:25,280 [INFO] ADCParametersView:116 -                SequencerNbRanks 1 : true
2025-03-07 13:17:25,280 [INFO] ADCParametersView:116 -                Rank 1 : true
2025-03-07 13:17:25,280 [INFO] ADCParametersView:116 -                Rank 2 : true
2025-03-07 13:17:25,280 [INFO] ADCParametersView:116 -                Rank 1 : true
2025-03-07 13:17:25,280 [INFO] ADCParametersView:116 -                Rank 2 : true
2025-03-07 13:17:25,280 [INFO] ADCParametersView:116 -                Rank 1 : true
2025-03-07 13:17:25,280 [INFO] ADCParametersView:116 -                Rank 2 : true
2025-03-07 13:17:25,280 [INFO] ADCParametersView:116 -                Rank 1 : true
2025-03-07 13:17:25,280 [INFO] ADCParametersView:116 -                Rank 2 : true
2025-03-07 13:17:25,280 [INFO] ADCParametersView:116 -                Rank 1 : true
2025-03-07 13:17:25,280 [INFO] ADCParametersView:116 -                Rank 2 : true
2025-03-07 13:17:25,280 [INFO] ADCParametersView:116 -                Rank 1 : true
2025-03-07 13:17:25,280 [INFO] ADCParametersView:116 -                Rank 2 : true
2025-03-07 13:17:25,280 [INFO] ADCParametersView:116 -                Rank 1 : true
2025-03-07 13:17:25,280 [INFO] ADCParametersView:116 -                Rank 2 : true
2025-03-07 13:17:25,280 [INFO] ADCParametersView:116 -                Rank 2 : true
2025-03-07 13:17:25,327 [INFO] ADCParametersView:116 -                SequencerNbRanks 1 : true
2025-03-07 13:17:25,327 [INFO] ADCParametersView:116 -                SequencerNbRanks 1 : true
2025-03-07 13:17:25,327 [INFO] ADCParametersView:116 -                SequencerNbRanks 1 : true
2025-03-07 13:17:25,327 [INFO] ADCParametersView:116 -                SequencerNbRanks 1 : true
2025-03-07 13:17:25,327 [INFO] ADCParametersView:116 -                SequencerNbRanks 1 : true
2025-03-07 13:17:25,327 [INFO] ADCParametersView:116 -                SequencerNbRanks 1 : true
2025-03-07 13:17:25,327 [INFO] ADCParametersView:116 -                SequencerNbRanks 1 : true
2025-03-07 13:17:25,327 [INFO] ADCParametersView:116 -                Rank 1 : true
2025-03-07 13:17:25,327 [INFO] ADCParametersView:116 -                SequencerNbRanks 1 : true
2025-03-07 13:17:25,327 [INFO] ADCParametersView:116 -                Rank 1 : true
2025-03-07 13:17:25,327 [INFO] ADCParametersView:116 -                Rank 2 : true
2025-03-07 13:30:58,642 [INFO] NvicIntPanel:101 - NVIC parent = com.st.microxplorer.plugins.ip.nvic.MultiNvicIntPanel[,0,0,0x0,invalid,layout=javax.swing.BoxLayout,alignmentX=0.0,alignmentY=0.0,border=,flags=9,maximumSize=,minimumSize=,preferredSize=]
2025-03-07 13:31:05,895 [INFO] NvicIntPanel:101 - NVIC parent = com.st.microxplorer.plugins.ip.nvic.MultiNvicIntPanel[,0,0,0x0,invalid,layout=javax.swing.BoxLayout,alignmentX=0.0,alignmentY=0.0,border=,flags=9,maximumSize=,minimumSize=,preferredSize=]
2025-03-07 13:31:23,915 [INFO] NvicIntPanel:101 - NVIC parent = com.st.microxplorer.plugins.ip.nvic.MultiNvicIntPanel[,0,0,0x0,invalid,layout=javax.swing.BoxLayout,alignmentX=0.0,alignmentY=0.0,border=,flags=9,maximumSize=,minimumSize=,preferredSize=]
2025-03-07 13:36:46,944 [INFO] UtilMem:75 - End SaveConfig() Used Memory: 701459432 Bytes (1073741824)
2025-03-07 13:36:49,272 [INFO] UtilMem:75 - End SaveConfig() Used Memory: 727883520 Bytes (1073741824)
2025-03-07 13:36:53,413 [INFO] UtilMem:75 - End SaveConfig() Used Memory: 830913568 Bytes (1073741824)
2025-03-07 13:36:54,382 [INFO] BlockDiagram:2759 - set Specific Code input for plugin: SPI
2025-03-07 13:36:54,382 [INFO] BlockDiagram:2759 - set Specific Code input for plugin: DAC
2025-03-07 13:36:54,382 [INFO] BlockDiagram:2759 - set Specific Code input for plugin: TIM1_8F3
2025-03-07 13:36:54,382 [INFO] BlockDiagram:2759 - set Specific Code input for plugin: ADC
2025-03-07 13:36:54,382 [INFO] BlockDiagram:2759 - set Specific Code input for plugin: ADC
2025-03-07 13:36:54,382 [INFO] BlockDiagram:2759 - set Specific Code input for plugin: SYS
2025-03-07 13:36:54,382 [INFO] BlockDiagram:2759 - set Specific Code input for plugin: ADC
2025-03-07 13:36:54,382 [INFO] BlockDiagram:2759 - set Specific Code input for plugin: RCC
2025-03-07 13:36:54,382 [INFO] BlockDiagram:2759 - set Specific Code input for plugin: NVIC
2025-03-07 13:36:54,382 [INFO] BlockDiagram:2759 - set Specific Code input for plugin: USART
2025-03-07 13:36:54,382 [INFO] BlockDiagram:2759 - set Specific Code input for plugin: DMA
2025-03-07 13:36:54,382 [INFO] BlockDiagram:2759 - set Specific Code input for plugin: GPIO
2025-03-07 13:36:54,382 [INFO] CodeGenerator:793 - code generatio: config db path: C:\ST\STM32CubeIDE_1.12.1\STM32CubeIDE\plugins\com.st.stm32cube.common.mx_6.8.1.202304191431\\db\
2025-03-07 13:36:54,741 [INFO] CodeEngine:255 - oldGeneratedFile, C:\Users\user\Documents\WS24\Schaltungsentwicklung\bsp_project\battery_management1\MXTmpFiles\license.tmp_save
2025-03-07 13:36:54,944 [INFO] CodeEngine:279 - Generated code: C:\Users\user\Documents\WS24\Schaltungsentwicklung\bsp_project\battery_management1\MXTmpFiles\license.tmp
2025-03-07 13:36:55,163 [INFO] CodeEngine:255 - oldGeneratedFile, C:\Users\user\Documents\WS24\Schaltungsentwicklung\bsp_project\battery_management1\MXTmpFiles\gpio.tmp_save
2025-03-07 13:36:55,288 [INFO] CodeEngine:279 - Generated code: C:\Users\user\Documents\WS24\Schaltungsentwicklung\bsp_project\battery_management1\MXTmpFiles\gpio.tmp
2025-03-07 13:36:56,726 [INFO] CodeEngine:255 - oldGeneratedFile, C:\Users\user\Documents\WS24\Schaltungsentwicklung\bsp_project\battery_management1\MXTmpFiles\dma.tmp_save
2025-03-07 13:36:56,835 [INFO] CodeEngine:279 - Generated code: C:\Users\user\Documents\WS24\Schaltungsentwicklung\bsp_project\battery_management1\MXTmpFiles\dma.tmp
2025-03-07 13:36:56,835 [INFO] CodeEngine:255 - oldGeneratedFile, C:\Users\user\Documents\WS24\Schaltungsentwicklung\bsp_project\battery_management1\MXTmpFiles\dma_GV.tmp_save
2025-03-07 13:36:56,944 [INFO] CodeEngine:279 - Generated code: C:\Users\user\Documents\WS24\Schaltungsentwicklung\bsp_project\battery_management1\MXTmpFiles\dma_GV.tmp
2025-03-07 13:36:56,976 [INFO] CodeEngine:255 - oldGeneratedFile, C:\Users\user\Documents\WS24\Schaltungsentwicklung\bsp_project\battery_management1\Core\Src\stm32f3xx_it.c_save
2025-03-07 13:36:57,304 [INFO] CodeEngine:279 - Generated code: C:\Users\user\Documents\WS24\Schaltungsentwicklung\bsp_project\battery_management1\Core\Src\stm32f3xx_it.c
2025-03-07 13:36:57,319 [INFO] CodeEngine:255 - oldGeneratedFile, C:\Users\user\Documents\WS24\Schaltungsentwicklung\bsp_project\battery_management1\Core\Inc\stm32f3xx_it.h_save
2025-03-07 13:36:57,413 [INFO] CodeEngine:279 - Generated code: C:\Users\user\Documents\WS24\Schaltungsentwicklung\bsp_project\battery_management1\Core\Inc\stm32f3xx_it.h
2025-03-07 13:36:57,444 [INFO] CodeEngine:255 - oldGeneratedFile, C:\Users\user\Documents\WS24\Schaltungsentwicklung\bsp_project\battery_management1\Core\Src\stm32f3xx_hal_msp.c_save
2025-03-07 13:36:57,757 [INFO] CodeEngine:279 - Generated code: C:\Users\user\Documents\WS24\Schaltungsentwicklung\bsp_project\battery_management1\Core\Src\stm32f3xx_hal_msp.c
2025-03-07 13:36:57,773 [INFO] CodeEngine:255 - oldGeneratedFile, C:\Users\user\Documents\WS24\Schaltungsentwicklung\bsp_project\battery_management1\MXTmpFiles\system.tmp_save
2025-03-07 13:36:57,882 [INFO] CodeEngine:279 - Generated code: C:\Users\user\Documents\WS24\Schaltungsentwicklung\bsp_project\battery_management1\MXTmpFiles\system.tmp
2025-03-07 13:36:57,914 [INFO] CodeEngine:311 - oldGeneratedFile, C:\Users\user\Documents\WS24\Schaltungsentwicklung\bsp_project\battery_management1\Core\Inc\stm32f3xx_hal_conf.h_save
2025-03-07 13:36:58,039 [INFO] CodeEngine:335 - Generated code: C:\Users\user\Documents\WS24\Schaltungsentwicklung\bsp_project\battery_management1\Core\Inc\stm32f3xx_hal_conf.h
2025-03-07 13:36:58,085 [WARN] IPConfigManager:3431 - IP not found : TIM
2025-03-07 13:36:58,085 [WARN] CodeGenerator:3754 - IP not found : null
2025-03-07 13:36:58,117 [INFO] CodeEngine:255 - oldGeneratedFile, C:\Users\user\Documents\WS24\Schaltungsentwicklung\bsp_project\battery_management1\Core\Inc\main.h_save
2025-03-07 13:36:58,273 [INFO] CodeEngine:279 - Generated code: C:\Users\user\Documents\WS24\Schaltungsentwicklung\bsp_project\battery_management1\Core\Inc\main.h
2025-03-07 13:36:58,289 [INFO] CodeEngine:255 - oldGeneratedFile, C:\Users\user\Documents\WS24\Schaltungsentwicklung\bsp_project\battery_management1\Core\Src\main.c_save
2025-03-07 13:36:58,523 [INFO] CodeEngine:279 - Generated code: C:\Users\user\Documents\WS24\Schaltungsentwicklung\bsp_project\battery_management1\Core\Src\main.c
2025-03-07 13:36:59,929 [INFO] ProjectBuilder:2996 - Time for Copy HAL[1] : 703mS.
2025-03-07 13:36:59,945 [INFO] ProjectBuilder:4304 - Project Generator version: 3.19.2
2025-03-07 13:37:00,510 [INFO] ConfigFileManager:1483 - The Die is : DIE446
2025-03-07 13:37:03,214 [INFO] ProjectBuilder:4505 - Time for Generating toolchain IDE Files: 3269mS.
2025-03-07 13:37:03,229 [INFO] ProjectBuilder:2867 - Time for Copy CMSIS : 0mS.
2025-03-07 13:37:03,245 [INFO] ProjectBuilder:2867 - Time for Copy CMSIS : 0mS.
2025-03-07 13:37:23,717 [INFO] ADCParametersView:116 -                SequencerNbRanks 1 : true
2025-03-07 13:37:23,717 [INFO] ADCParametersView:116 -                Rank 1 : false
2025-03-07 13:37:23,717 [INFO] ADCParametersView:116 -                SequencerNbRanks 1 : true
2025-03-07 13:37:23,717 [INFO] ADCParametersView:116 -                Rank 1 : false
2025-03-07 13:37:23,717 [INFO] ADCParametersView:116 -                SequencerNbRanks 1 : true
2025-03-07 13:37:23,717 [INFO] ADCParametersView:116 -                Rank 1 : false
2025-03-07 13:37:23,717 [INFO] ADCParametersView:116 -                SequencerNbRanks 1 : true
2025-03-07 13:37:23,717 [INFO] ADCParametersView:116 -                Rank 1 : false
2025-03-07 13:37:23,717 [INFO] ADCParametersView:116 -                SequencerNbRanks 1 : true
2025-03-07 13:37:23,717 [INFO] ADCParametersView:116 -                Rank 1 : false
2025-03-07 13:37:23,717 [INFO] ADCParametersView:116 -                SequencerNbRanks 1 : true
2025-03-07 13:37:23,717 [INFO] ADCParametersView:116 -                Rank 1 : false
2025-03-07 13:37:23,717 [INFO] ADCParametersView:116 -                SequencerNbRanks 1 : true
2025-03-07 13:37:23,717 [INFO] ADCParametersView:116 -                Rank 1 : false
2025-03-07 13:37:23,717 [INFO] ADCParametersView:116 -                SequencerNbRanks 1 : true
2025-03-07 13:37:23,717 [INFO] ADCParametersView:116 -                Rank 1 : false
2025-03-07 13:37:23,717 [INFO] ADCParametersView:116 -                SequencerNbRanks 1 : true
2025-03-07 13:37:23,717 [INFO] ADCParametersView:116 -                Rank 1 : false
2025-03-07 13:37:23,717 [INFO] ADCParametersView:116 -                SequencerNbRanks 1 : true
2025-03-07 13:37:23,717 [INFO] ADCParametersView:116 -                Rank 1 : false
2025-03-07 13:37:23,717 [INFO] ADCParametersView:116 -                SequencerNbRanks 1 : true
2025-03-07 13:37:23,717 [INFO] ADCParametersView:116 -                Rank 1 : false
2025-03-07 13:37:23,717 [INFO] ADCParametersView:116 -                SequencerNbRanks 1 : true
2025-03-07 13:37:23,717 [INFO] ADCParametersView:116 -                Rank 1 : false
2025-03-07 13:37:23,717 [INFO] ADCParametersView:116 -                SequencerNbRanks 1 : true
2025-03-07 13:37:23,717 [INFO] ADCParametersView:116 -                Rank 1 : false
2025-03-07 13:37:23,717 [INFO] ADCParametersView:116 -                SequencerNbRanks 1 : true
2025-03-07 13:37:23,717 [INFO] ADCParametersView:116 -                Rank 1 : false
2025-03-07 13:37:23,717 [INFO] ADCParametersView:116 -                SequencerNbRanks 1 : true
2025-03-07 13:37:23,717 [INFO] ADCParametersView:116 -                Rank 1 : false
2025-03-07 13:37:23,717 [INFO] ADCParametersView:116 -                Rank 1 : false
2025-03-07 13:37:23,717 [INFO] ADCParametersView:116 -                Rank 1 : false
2025-03-07 13:37:23,717 [INFO] ADCParametersView:116 -                Rank 1 : false
2025-03-07 13:37:23,717 [INFO] ADCParametersView:116 -                Rank 1 : false
2025-03-07 13:37:23,717 [INFO] ADCParametersView:116 -                Rank 1 : false
2025-03-07 13:37:23,717 [INFO] ADCParametersView:116 -                Rank 1 : false
2025-03-07 13:37:23,811 [INFO] ADCParametersView:116 -                SequencerNbRanks 1 : true
2025-03-07 13:37:23,811 [INFO] ADCParametersView:116 -                SequencerNbRanks 1 : true
2025-03-07 13:37:23,811 [INFO] ADCParametersView:116 -                SequencerNbRanks 1 : true
2025-03-07 13:37:23,811 [INFO] ADCParametersView:116 -                SequencerNbRanks 1 : true
2025-03-07 13:37:23,811 [INFO] ADCParametersView:116 -                SequencerNbRanks 1 : true
2025-03-07 13:37:23,811 [INFO] ADCParametersView:116 -                SequencerNbRanks 1 : true
2025-03-07 13:37:23,811 [INFO] ADCParametersView:116 -                SequencerNbRanks 1 : true
2025-03-07 13:37:23,811 [INFO] ADCParametersView:116 -                Rank 1 : false
2025-03-07 13:37:23,889 [INFO] ADCParametersView:116 -                SequencerNbRanks 1 : true
2025-03-07 13:37:23,889 [INFO] ADCParametersView:116 -                Rank 1 : false
2025-03-07 13:37:23,889 [INFO] ADCParametersView:116 -                SequencerNbRanks 1 : true
2025-03-07 13:37:23,889 [INFO] ADCParametersView:116 -                Rank 1 : false
2025-03-07 13:37:23,889 [INFO] ADCParametersView:116 -                SequencerNbRanks 1 : true
2025-03-07 13:37:23,889 [INFO] ADCParametersView:116 -                Rank 1 : false
2025-03-07 13:37:23,889 [INFO] ADCParametersView:116 -                SequencerNbRanks 1 : true
2025-03-07 13:37:23,889 [INFO] ADCParametersView:116 -                Rank 1 : false
2025-03-07 13:37:23,889 [INFO] ADCParametersView:116 -                SequencerNbRanks 1 : true
2025-03-07 13:37:23,889 [INFO] ADCParametersView:116 -                Rank 1 : false
2025-03-07 13:37:23,889 [INFO] ADCParametersView:116 -                SequencerNbRanks 1 : true
2025-03-07 13:37:23,889 [INFO] ADCParametersView:116 -                Rank 1 : false
2025-03-07 13:37:23,889 [INFO] ADCParametersView:116 -                SequencerNbRanks 1 : true
2025-03-07 13:37:23,889 [INFO] ADCParametersView:116 -                Rank 1 : false
2025-03-07 13:37:23,889 [INFO] ADCParametersView:116 -                SequencerNbRanks 1 : true
2025-03-07 13:37:23,889 [INFO] ADCParametersView:116 -                Rank 1 : false
2025-03-07 13:37:23,889 [INFO] ADCParametersView:116 -                SequencerNbRanks 1 : true
2025-03-07 13:37:23,889 [INFO] ADCParametersView:116 -                Rank 1 : false
2025-03-07 13:37:23,889 [INFO] ADCParametersView:116 -                SequencerNbRanks 1 : true
2025-03-07 13:37:23,889 [INFO] ADCParametersView:116 -                Rank 1 : false
2025-03-07 13:37:23,889 [INFO] ADCParametersView:116 -                SequencerNbRanks 1 : true
2025-03-07 13:37:23,889 [INFO] ADCParametersView:116 -                Rank 1 : false
2025-03-07 13:37:23,889 [INFO] ADCParametersView:116 -                SequencerNbRanks 1 : true
2025-03-07 13:37:23,889 [INFO] ADCParametersView:116 -                Rank 1 : false
2025-03-07 13:37:23,889 [INFO] ADCParametersView:116 -                SequencerNbRanks 1 : true
2025-03-07 13:37:23,889 [INFO] ADCParametersView:116 -                Rank 1 : false
2025-03-07 13:37:23,889 [INFO] ADCParametersView:116 -                SequencerNbRanks 1 : true
2025-03-07 13:37:23,889 [INFO] ADCParametersView:116 -                Rank 1 : false
2025-03-07 13:37:23,889 [INFO] ADCParametersView:116 -                SequencerNbRanks 1 : true
2025-03-07 13:37:23,889 [INFO] ADCParametersView:116 -                Rank 1 : false
2025-03-07 13:37:23,889 [INFO] ADCParametersView:116 -                Rank 1 : false
2025-03-07 13:37:23,889 [INFO] ADCParametersView:116 -                Rank 1 : false
2025-03-07 13:37:23,889 [INFO] ADCParametersView:116 -                Rank 1 : false
2025-03-07 13:37:23,889 [INFO] ADCParametersView:116 -                Rank 1 : false
2025-03-07 13:37:23,889 [INFO] ADCParametersView:116 -                Rank 1 : false
2025-03-07 13:37:23,889 [INFO] ADCParametersView:116 -                Rank 1 : false
2025-03-07 13:37:23,936 [INFO] ADCParametersView:116 -                SequencerNbRanks 1 : true
2025-03-07 13:37:23,936 [INFO] ADCParametersView:116 -                SequencerNbRanks 1 : true
2025-03-07 13:37:23,936 [INFO] ADCParametersView:116 -                SequencerNbRanks 1 : true
2025-03-07 13:37:23,936 [INFO] ADCParametersView:116 -                SequencerNbRanks 1 : true
2025-03-07 13:37:23,936 [INFO] ADCParametersView:116 -                SequencerNbRanks 1 : true
2025-03-07 13:37:23,936 [INFO] ADCParametersView:116 -                SequencerNbRanks 1 : true
2025-03-07 13:37:23,952 [INFO] ADCParametersView:116 -                SequencerNbRanks 1 : true
2025-03-07 13:37:23,952 [INFO] ADCParametersView:116 -                Rank 1 : false
2025-03-07 13:37:53,067 [INFO] DmaTabbedPanel:205 - Cannot restore the selected Tab for DMA
2025-03-07 13:42:49,155 [INFO] ADCParametersView:116 -                SequencerNbRanks 1 : true
2025-03-07 13:42:49,155 [INFO] ADCParametersView:116 -                Rank 1 : true
2025-03-07 13:42:49,155 [INFO] ADCParametersView:116 -                Rank 2 : true
2025-03-07 13:42:49,155 [INFO] ADCParametersView:116 -                SequencerNbRanks 1 : true
2025-03-07 13:42:49,155 [INFO] ADCParametersView:116 -                Rank 1 : true
2025-03-07 13:42:49,155 [INFO] ADCParametersView:116 -                Rank 2 : true
2025-03-07 13:42:49,155 [INFO] ADCParametersView:116 -                SequencerNbRanks 1 : true
2025-03-07 13:42:49,155 [INFO] ADCParametersView:116 -                Rank 1 : true
2025-03-07 13:42:49,155 [INFO] ADCParametersView:116 -                Rank 2 : true
2025-03-07 13:42:49,155 [INFO] ADCParametersView:116 -                SequencerNbRanks 1 : true
2025-03-07 13:42:49,155 [INFO] ADCParametersView:116 -                Rank 1 : true
2025-03-07 13:42:49,155 [INFO] ADCParametersView:116 -                Rank 2 : true
2025-03-07 13:42:49,155 [INFO] ADCParametersView:116 -                SequencerNbRanks 1 : true
2025-03-07 13:42:49,155 [INFO] ADCParametersView:116 -                Rank 1 : true
2025-03-07 13:42:49,155 [INFO] ADCParametersView:116 -                Rank 2 : true
2025-03-07 13:42:49,155 [INFO] ADCParametersView:116 -                SequencerNbRanks 1 : true
2025-03-07 13:42:49,155 [INFO] ADCParametersView:116 -                Rank 1 : true
2025-03-07 13:42:49,155 [INFO] ADCParametersView:116 -                Rank 2 : true
2025-03-07 13:42:49,155 [INFO] ADCParametersView:116 -                SequencerNbRanks 1 : true
2025-03-07 13:42:49,155 [INFO] ADCParametersView:116 -                Rank 1 : true
2025-03-07 13:42:49,155 [INFO] ADCParametersView:116 -                Rank 2 : true
2025-03-07 13:42:49,155 [INFO] ADCParametersView:116 -                SequencerNbRanks 1 : true
2025-03-07 13:42:49,155 [INFO] ADCParametersView:116 -                Rank 1 : true
2025-03-07 13:42:49,155 [INFO] ADCParametersView:116 -                Rank 2 : true
2025-03-07 13:42:49,155 [INFO] ADCParametersView:116 -                SequencerNbRanks 1 : true
2025-03-07 13:42:49,155 [INFO] ADCParametersView:116 -                Rank 1 : true
2025-03-07 13:42:49,155 [INFO] ADCParametersView:116 -                Rank 2 : true
2025-03-07 13:42:49,155 [INFO] ADCParametersView:116 -                SequencerNbRanks 1 : true
2025-03-07 13:42:49,155 [INFO] ADCParametersView:116 -                Rank 1 : true
2025-03-07 13:42:49,155 [INFO] ADCParametersView:116 -                Rank 2 : true
2025-03-07 13:42:49,155 [INFO] ADCParametersView:116 -                SequencerNbRanks 1 : true
2025-03-07 13:42:49,155 [INFO] ADCParametersView:116 -                Rank 1 : true
2025-03-07 13:42:49,155 [INFO] ADCParametersView:116 -                Rank 2 : true
2025-03-07 13:42:49,155 [INFO] ADCParametersView:116 -                SequencerNbRanks 1 : true
2025-03-07 13:42:49,155 [INFO] ADCParametersView:116 -                Rank 1 : true
2025-03-07 13:42:49,155 [INFO] ADCParametersView:116 -                Rank 2 : true
2025-03-07 13:42:49,155 [INFO] ADCParametersView:116 -                SequencerNbRanks 1 : true
2025-03-07 13:42:49,155 [INFO] ADCParametersView:116 -                Rank 1 : true
2025-03-07 13:42:49,155 [INFO] ADCParametersView:116 -                Rank 2 : true
2025-03-07 13:42:49,155 [INFO] ADCParametersView:116 -                SequencerNbRanks 1 : true
2025-03-07 13:42:49,155 [INFO] ADCParametersView:116 -                Rank 1 : true
2025-03-07 13:42:49,155 [INFO] ADCParametersView:116 -                Rank 2 : true
2025-03-07 13:42:49,155 [INFO] ADCParametersView:116 -                SequencerNbRanks 1 : true
2025-03-07 13:42:49,155 [INFO] ADCParametersView:116 -                Rank 1 : true
2025-03-07 13:42:49,155 [INFO] ADCParametersView:116 -                Rank 2 : true
2025-03-07 13:42:49,155 [INFO] ADCParametersView:116 -                Rank 1 : true
2025-03-07 13:42:49,155 [INFO] ADCParametersView:116 -                Rank 2 : true
2025-03-07 13:42:49,155 [INFO] ADCParametersView:116 -                Rank 1 : true
2025-03-07 13:42:49,155 [INFO] ADCParametersView:116 -                Rank 2 : true
2025-03-07 13:42:49,155 [INFO] ADCParametersView:116 -                Rank 1 : true
2025-03-07 13:42:49,155 [INFO] ADCParametersView:116 -                Rank 2 : true
2025-03-07 13:42:49,155 [INFO] ADCParametersView:116 -                Rank 1 : true
2025-03-07 13:42:49,155 [INFO] ADCParametersView:116 -                Rank 2 : true
2025-03-07 13:42:49,155 [INFO] ADCParametersView:116 -                Rank 1 : true
2025-03-07 13:42:49,155 [INFO] ADCParametersView:116 -                Rank 2 : true
2025-03-07 13:42:49,155 [INFO] ADCParametersView:116 -                Rank 1 : true
2025-03-07 13:42:49,155 [INFO] ADCParametersView:116 -                Rank 2 : true
2025-03-07 13:42:49,155 [INFO] ADCParametersView:116 -                Rank 2 : true
2025-03-07 13:42:49,217 [INFO] ADCParametersView:116 -                SequencerNbRanks 1 : true
2025-03-07 13:42:49,217 [INFO] ADCParametersView:116 -                SequencerNbRanks 1 : true
2025-03-07 13:42:49,217 [INFO] ADCParametersView:116 -                SequencerNbRanks 1 : true
2025-03-07 13:42:49,217 [INFO] ADCParametersView:116 -                SequencerNbRanks 1 : true
2025-03-07 13:42:49,217 [INFO] ADCParametersView:116 -                SequencerNbRanks 1 : true
2025-03-07 13:42:49,217 [INFO] ADCParametersView:116 -                SequencerNbRanks 1 : true
2025-03-07 13:42:49,233 [INFO] ADCParametersView:116 -                SequencerNbRanks 1 : true
2025-03-07 13:42:49,233 [INFO] ADCParametersView:116 -                Rank 1 : true
2025-03-07 13:42:49,233 [INFO] ADCParametersView:116 -                SequencerNbRanks 1 : true
2025-03-07 13:42:49,233 [INFO] ADCParametersView:116 -                Rank 1 : true
2025-03-07 13:42:49,233 [INFO] ADCParametersView:116 -                Rank 2 : true
2025-03-07 13:42:49,358 [INFO] ADCParametersView:116 -                SequencerNbRanks 1 : true
2025-03-07 13:42:49,358 [INFO] ADCParametersView:116 -                Rank 1 : true
2025-03-07 13:42:49,358 [INFO] ADCParametersView:116 -                Rank 2 : true
2025-03-07 13:42:49,358 [INFO] ADCParametersView:116 -                SequencerNbRanks 1 : true
2025-03-07 13:42:49,358 [INFO] ADCParametersView:116 -                Rank 1 : true
2025-03-07 13:42:49,358 [INFO] ADCParametersView:116 -                Rank 2 : true
2025-03-07 13:42:49,358 [INFO] ADCParametersView:116 -                SequencerNbRanks 1 : true
2025-03-07 13:42:49,358 [INFO] ADCParametersView:116 -                Rank 1 : true
2025-03-07 13:42:49,358 [INFO] ADCParametersView:116 -                Rank 2 : true
2025-03-07 13:42:49,358 [INFO] ADCParametersView:116 -                SequencerNbRanks 1 : true
2025-03-07 13:42:49,358 [INFO] ADCParametersView:116 -                Rank 1 : true
2025-03-07 13:42:49,358 [INFO] ADCParametersView:116 -                Rank 2 : true
2025-03-07 13:42:49,358 [INFO] ADCParametersView:116 -                SequencerNbRanks 1 : true
2025-03-07 13:42:49,358 [INFO] ADCParametersView:116 -                Rank 1 : true
2025-03-07 13:42:49,358 [INFO] ADCParametersView:116 -                Rank 2 : true
2025-03-07 13:42:49,358 [INFO] ADCParametersView:116 -                SequencerNbRanks 1 : true
2025-03-07 13:42:49,358 [INFO] ADCParametersView:116 -                Rank 1 : true
2025-03-07 13:42:49,358 [INFO] ADCParametersView:116 -                Rank 2 : true
2025-03-07 13:42:49,358 [INFO] ADCParametersView:116 -                SequencerNbRanks 1 : true
2025-03-07 13:42:49,358 [INFO] ADCParametersView:116 -                Rank 1 : true
2025-03-07 13:42:49,358 [INFO] ADCParametersView:116 -                Rank 2 : true
2025-03-07 13:42:49,358 [INFO] ADCParametersView:116 -                SequencerNbRanks 1 : true
2025-03-07 13:42:49,358 [INFO] ADCParametersView:116 -                Rank 1 : true
2025-03-07 13:42:49,358 [INFO] ADCParametersView:116 -                Rank 2 : true
2025-03-07 13:42:49,358 [INFO] ADCParametersView:116 -                SequencerNbRanks 1 : true
2025-03-07 13:42:49,358 [INFO] ADCParametersView:116 -                Rank 1 : true
2025-03-07 13:42:49,358 [INFO] ADCParametersView:116 -                Rank 2 : true
2025-03-07 13:42:49,358 [INFO] ADCParametersView:116 -                SequencerNbRanks 1 : true
2025-03-07 13:42:49,358 [INFO] ADCParametersView:116 -                Rank 1 : true
2025-03-07 13:42:49,358 [INFO] ADCParametersView:116 -                Rank 2 : true
2025-03-07 13:42:49,358 [INFO] ADCParametersView:116 -                SequencerNbRanks 1 : true
2025-03-07 13:42:49,358 [INFO] ADCParametersView:116 -                Rank 1 : true
2025-03-07 13:42:49,358 [INFO] ADCParametersView:116 -                Rank 2 : true
2025-03-07 13:42:49,358 [INFO] ADCParametersView:116 -                SequencerNbRanks 1 : true
2025-03-07 13:42:49,358 [INFO] ADCParametersView:116 -                Rank 1 : true
2025-03-07 13:42:49,358 [INFO] ADCParametersView:116 -                Rank 2 : true
2025-03-07 13:42:49,358 [INFO] ADCParametersView:116 -                SequencerNbRanks 1 : true
2025-03-07 13:42:49,358 [INFO] ADCParametersView:116 -                Rank 1 : true
2025-03-07 13:42:49,358 [INFO] ADCParametersView:116 -                Rank 2 : true
2025-03-07 13:42:49,358 [INFO] ADCParametersView:116 -                SequencerNbRanks 1 : true
2025-03-07 13:42:49,358 [INFO] ADCParametersView:116 -                Rank 1 : true
2025-03-07 13:42:49,358 [INFO] ADCParametersView:116 -                Rank 2 : true
2025-03-07 13:42:49,358 [INFO] ADCParametersView:116 -                SequencerNbRanks 1 : true
2025-03-07 13:42:49,358 [INFO] ADCParametersView:116 -                Rank 1 : true
2025-03-07 13:42:49,358 [INFO] ADCParametersView:116 -                Rank 2 : true
2025-03-07 13:42:49,358 [INFO] ADCParametersView:116 -                Rank 1 : true
2025-03-07 13:42:49,358 [INFO] ADCParametersView:116 -                Rank 2 : true
2025-03-07 13:42:49,358 [INFO] ADCParametersView:116 -                Rank 1 : true
2025-03-07 13:42:49,358 [INFO] ADCParametersView:116 -                Rank 2 : true
2025-03-07 13:42:49,358 [INFO] ADCParametersView:116 -                Rank 1 : true
2025-03-07 13:42:49,358 [INFO] ADCParametersView:116 -                Rank 2 : true
2025-03-07 13:42:49,358 [INFO] ADCParametersView:116 -                Rank 1 : true
2025-03-07 13:42:49,358 [INFO] ADCParametersView:116 -                Rank 2 : true
2025-03-07 13:42:49,358 [INFO] ADCParametersView:116 -                Rank 1 : true
2025-03-07 13:42:49,358 [INFO] ADCParametersView:116 -                Rank 2 : true
2025-03-07 13:42:49,358 [INFO] ADCParametersView:116 -                Rank 1 : true
2025-03-07 13:42:49,358 [INFO] ADCParametersView:116 -                Rank 2 : true
2025-03-07 13:42:49,358 [INFO] ADCParametersView:116 -                Rank 2 : true
2025-03-07 13:42:49,420 [INFO] ADCParametersView:116 -                SequencerNbRanks 1 : true
2025-03-07 13:42:49,420 [INFO] ADCParametersView:116 -                SequencerNbRanks 1 : true
2025-03-07 13:42:49,436 [INFO] ADCParametersView:116 -                SequencerNbRanks 1 : true
2025-03-07 13:42:49,436 [INFO] ADCParametersView:116 -                SequencerNbRanks 1 : true
2025-03-07 13:42:49,436 [INFO] ADCParametersView:116 -                SequencerNbRanks 1 : true
2025-03-07 13:42:49,436 [INFO] ADCParametersView:116 -                SequencerNbRanks 1 : true
2025-03-07 13:42:49,436 [INFO] ADCParametersView:116 -                SequencerNbRanks 1 : true
2025-03-07 13:42:49,436 [INFO] ADCParametersView:116 -                Rank 1 : true
2025-03-07 13:42:49,436 [INFO] ADCParametersView:116 -                SequencerNbRanks 1 : true
2025-03-07 13:42:49,436 [INFO] ADCParametersView:116 -                Rank 1 : true
2025-03-07 13:42:49,436 [INFO] ADCParametersView:116 -                Rank 2 : true
2025-03-07 13:42:53,374 [INFO] ADCParametersView:116 -                SequencerNbRanks 1 : true
2025-03-07 13:42:53,374 [INFO] ADCParametersView:116 -                Rank 1 : true
2025-03-07 13:42:53,374 [INFO] ADCParametersView:116 -                Rank 2 : true
2025-03-07 13:42:53,374 [INFO] ADCParametersView:116 -                SequencerNbRanks 1 : true
2025-03-07 13:42:53,374 [INFO] ADCParametersView:116 -                Rank 1 : true
2025-03-07 13:42:53,374 [INFO] ADCParametersView:116 -                Rank 2 : true
2025-03-07 13:42:53,374 [INFO] ADCParametersView:116 -                SequencerNbRanks 1 : true
2025-03-07 13:42:53,374 [INFO] ADCParametersView:116 -                Rank 1 : true
2025-03-07 13:42:53,374 [INFO] ADCParametersView:116 -                Rank 2 : true
2025-03-07 13:42:53,374 [INFO] ADCParametersView:116 -                SequencerNbRanks 1 : true
2025-03-07 13:42:53,374 [INFO] ADCParametersView:116 -                Rank 1 : true
2025-03-07 13:42:53,374 [INFO] ADCParametersView:116 -                Rank 2 : true
2025-03-07 13:42:53,374 [INFO] ADCParametersView:116 -                SequencerNbRanks 1 : true
2025-03-07 13:42:53,374 [INFO] ADCParametersView:116 -                Rank 1 : true
2025-03-07 13:42:53,374 [INFO] ADCParametersView:116 -                Rank 2 : true
2025-03-07 13:42:53,374 [INFO] ADCParametersView:116 -                SequencerNbRanks 1 : true
2025-03-07 13:42:53,374 [INFO] ADCParametersView:116 -                Rank 1 : true
2025-03-07 13:42:53,374 [INFO] ADCParametersView:116 -                Rank 2 : true
2025-03-07 13:42:53,374 [INFO] ADCParametersView:116 -                SequencerNbRanks 1 : true
2025-03-07 13:42:53,374 [INFO] ADCParametersView:116 -                Rank 1 : true
2025-03-07 13:42:53,374 [INFO] ADCParametersView:116 -                Rank 2 : true
2025-03-07 13:42:53,374 [INFO] ADCParametersView:116 -                SequencerNbRanks 1 : true
2025-03-07 13:42:53,374 [INFO] ADCParametersView:116 -                Rank 1 : true
2025-03-07 13:42:53,374 [INFO] ADCParametersView:116 -                Rank 2 : true
2025-03-07 13:42:53,374 [INFO] ADCParametersView:116 -                SequencerNbRanks 1 : true
2025-03-07 13:42:53,374 [INFO] ADCParametersView:116 -                Rank 1 : true
2025-03-07 13:42:53,374 [INFO] ADCParametersView:116 -                Rank 2 : true
2025-03-07 13:42:53,374 [INFO] ADCParametersView:116 -                SequencerNbRanks 1 : true
2025-03-07 13:42:53,374 [INFO] ADCParametersView:116 -                Rank 1 : true
2025-03-07 13:42:53,374 [INFO] ADCParametersView:116 -                Rank 2 : true
2025-03-07 13:42:53,374 [INFO] ADCParametersView:116 -                SequencerNbRanks 1 : true
2025-03-07 13:42:53,374 [INFO] ADCParametersView:116 -                Rank 1 : true
2025-03-07 13:42:53,390 [INFO] ADCParametersView:116 -                Rank 2 : true
2025-03-07 13:42:53,390 [INFO] ADCParametersView:116 -                SequencerNbRanks 1 : true
2025-03-07 13:42:53,390 [INFO] ADCParametersView:116 -                Rank 1 : true
2025-03-07 13:42:53,390 [INFO] ADCParametersView:116 -                Rank 2 : true
2025-03-07 13:42:53,390 [INFO] ADCParametersView:116 -                SequencerNbRanks 1 : true
2025-03-07 13:42:53,390 [INFO] ADCParametersView:116 -                Rank 1 : true
2025-03-07 13:42:53,390 [INFO] ADCParametersView:116 -                Rank 2 : true
2025-03-07 13:42:53,390 [INFO] ADCParametersView:116 -                SequencerNbRanks 1 : true
2025-03-07 13:42:53,390 [INFO] ADCParametersView:116 -                Rank 1 : true
2025-03-07 13:42:53,390 [INFO] ADCParametersView:116 -                Rank 2 : true
2025-03-07 13:42:53,390 [INFO] ADCParametersView:116 -                SequencerNbRanks 1 : true
2025-03-07 13:42:53,390 [INFO] ADCParametersView:116 -                Rank 1 : true
2025-03-07 13:42:53,390 [INFO] ADCParametersView:116 -                Rank 2 : true
2025-03-07 13:42:53,390 [INFO] ADCParametersView:116 -                Rank 1 : true
2025-03-07 13:42:53,390 [INFO] ADCParametersView:116 -                Rank 2 : true
2025-03-07 13:42:53,390 [INFO] ADCParametersView:116 -                Rank 1 : true
2025-03-07 13:42:53,390 [INFO] ADCParametersView:116 -                Rank 2 : true
2025-03-07 13:42:53,390 [INFO] ADCParametersView:116 -                Rank 1 : true
2025-03-07 13:42:53,390 [INFO] ADCParametersView:116 -                Rank 2 : true
2025-03-07 13:42:53,390 [INFO] ADCParametersView:116 -                Rank 1 : true
2025-03-07 13:42:53,390 [INFO] ADCParametersView:116 -                Rank 2 : true
2025-03-07 13:42:53,390 [INFO] ADCParametersView:116 -                Rank 1 : true
2025-03-07 13:42:53,390 [INFO] ADCParametersView:116 -                Rank 2 : true
2025-03-07 13:42:53,390 [INFO] ADCParametersView:116 -                Rank 1 : true
2025-03-07 13:42:53,390 [INFO] ADCParametersView:116 -                Rank 2 : true
2025-03-07 13:42:53,390 [INFO] ADCParametersView:116 -                Rank 2 : true
2025-03-07 13:42:53,468 [INFO] ADCParametersView:116 -                SequencerNbRanks 1 : true
2025-03-07 13:42:53,468 [INFO] ADCParametersView:116 -                SequencerNbRanks 1 : true
2025-03-07 13:42:53,468 [INFO] ADCParametersView:116 -                SequencerNbRanks 1 : true
2025-03-07 13:42:53,468 [INFO] ADCParametersView:116 -                SequencerNbRanks 1 : true
2025-03-07 13:42:53,468 [INFO] ADCParametersView:116 -                SequencerNbRanks 1 : true
2025-03-07 13:42:53,468 [INFO] ADCParametersView:116 -                SequencerNbRanks 1 : true
2025-03-07 13:42:53,468 [INFO] ADCParametersView:116 -                SequencerNbRanks 1 : true
2025-03-07 13:42:53,468 [INFO] ADCParametersView:116 -                Rank 1 : true
2025-03-07 13:42:53,468 [INFO] ADCParametersView:116 -                SequencerNbRanks 1 : true
2025-03-07 13:42:53,468 [INFO] ADCParametersView:116 -                Rank 1 : true
2025-03-07 13:42:53,468 [INFO] ADCParametersView:116 -                Rank 2 : true
2025-03-07 13:42:56,624 [INFO] NvicIntPanel:101 - NVIC parent = com.st.microxplorer.plugins.ip.nvic.MultiNvicIntPanel[,0,0,453x244,layout=javax.swing.BoxLayout,alignmentX=0.0,alignmentY=0.0,border=,flags=9,maximumSize=,minimumSize=,preferredSize=]
2025-03-07 13:43:08,299 [INFO] ADCParametersView:116 -                SequencerNbRanks 1 : true
2025-03-07 13:43:08,299 [INFO] ADCParametersView:116 -                Rank 1 : false
2025-03-07 13:43:08,299 [INFO] ADCParametersView:116 -                SequencerNbRanks 1 : true
2025-03-07 13:43:08,299 [INFO] ADCParametersView:116 -                Rank 1 : false
2025-03-07 13:43:08,299 [INFO] ADCParametersView:116 -                SequencerNbRanks 1 : true
2025-03-07 13:43:08,299 [INFO] ADCParametersView:116 -                Rank 1 : false
2025-03-07 13:43:08,299 [INFO] ADCParametersView:116 -                SequencerNbRanks 1 : true
2025-03-07 13:43:08,299 [INFO] ADCParametersView:116 -                Rank 1 : false
2025-03-07 13:43:08,299 [INFO] ADCParametersView:116 -                SequencerNbRanks 1 : true
2025-03-07 13:43:08,299 [INFO] ADCParametersView:116 -                Rank 1 : false
2025-03-07 13:43:08,299 [INFO] ADCParametersView:116 -                SequencerNbRanks 1 : true
2025-03-07 13:43:08,299 [INFO] ADCParametersView:116 -                Rank 1 : false
2025-03-07 13:43:08,299 [INFO] ADCParametersView:116 -                SequencerNbRanks 1 : true
2025-03-07 13:43:08,299 [INFO] ADCParametersView:116 -                Rank 1 : false
2025-03-07 13:43:08,315 [INFO] ADCParametersView:116 -                SequencerNbRanks 1 : true
2025-03-07 13:43:08,315 [INFO] ADCParametersView:116 -                Rank 1 : false
2025-03-07 13:43:08,315 [INFO] ADCParametersView:116 -                SequencerNbRanks 1 : true
2025-03-07 13:43:08,315 [INFO] ADCParametersView:116 -                Rank 1 : false
2025-03-07 13:43:08,315 [INFO] ADCParametersView:116 -                SequencerNbRanks 1 : true
2025-03-07 13:43:08,315 [INFO] ADCParametersView:116 -                Rank 1 : false
2025-03-07 13:43:08,315 [INFO] ADCParametersView:116 -                SequencerNbRanks 1 : true
2025-03-07 13:43:08,315 [INFO] ADCParametersView:116 -                Rank 1 : false
2025-03-07 13:43:08,315 [INFO] ADCParametersView:116 -                SequencerNbRanks 1 : true
2025-03-07 13:43:08,315 [INFO] ADCParametersView:116 -                Rank 1 : false
2025-03-07 13:43:08,315 [INFO] ADCParametersView:116 -                SequencerNbRanks 1 : true
2025-03-07 13:43:08,315 [INFO] ADCParametersView:116 -                Rank 1 : false
2025-03-07 13:43:08,315 [INFO] ADCParametersView:116 -                SequencerNbRanks 1 : true
2025-03-07 13:43:08,315 [INFO] ADCParametersView:116 -                Rank 1 : false
2025-03-07 13:43:08,315 [INFO] ADCParametersView:116 -                SequencerNbRanks 1 : true
2025-03-07 13:43:08,315 [INFO] ADCParametersView:116 -                Rank 1 : false
2025-03-07 13:43:08,315 [INFO] ADCParametersView:116 -                Rank 1 : false
2025-03-07 13:43:08,315 [INFO] ADCParametersView:116 -                Rank 1 : false
2025-03-07 13:43:08,315 [INFO] ADCParametersView:116 -                Rank 1 : false
2025-03-07 13:43:08,315 [INFO] ADCParametersView:116 -                Rank 1 : false
2025-03-07 13:43:08,315 [INFO] ADCParametersView:116 -                Rank 1 : false
2025-03-07 13:43:08,315 [INFO] ADCParametersView:116 -                Rank 1 : false
2025-03-07 13:43:08,409 [INFO] ADCParametersView:116 -                SequencerNbRanks 1 : true
2025-03-07 13:43:08,409 [INFO] ADCParametersView:116 -                SequencerNbRanks 1 : true
2025-03-07 13:43:08,409 [INFO] ADCParametersView:116 -                SequencerNbRanks 1 : true
2025-03-07 13:43:08,409 [INFO] ADCParametersView:116 -                SequencerNbRanks 1 : true
2025-03-07 13:43:08,409 [INFO] ADCParametersView:116 -                SequencerNbRanks 1 : true
2025-03-07 13:43:08,409 [INFO] ADCParametersView:116 -                SequencerNbRanks 1 : true
2025-03-07 13:43:08,409 [INFO] ADCParametersView:116 -                SequencerNbRanks 1 : true
2025-03-07 13:43:08,409 [INFO] ADCParametersView:116 -                Rank 1 : false
2025-03-07 13:43:08,518 [INFO] ADCParametersView:116 -                SequencerNbRanks 1 : true
2025-03-07 13:43:08,518 [INFO] ADCParametersView:116 -                Rank 1 : false
2025-03-07 13:43:08,518 [INFO] ADCParametersView:116 -                SequencerNbRanks 1 : true
2025-03-07 13:43:08,518 [INFO] ADCParametersView:116 -                Rank 1 : false
2025-03-07 13:43:08,518 [INFO] ADCParametersView:116 -                SequencerNbRanks 1 : true
2025-03-07 13:43:08,518 [INFO] ADCParametersView:116 -                Rank 1 : false
2025-03-07 13:43:08,518 [INFO] ADCParametersView:116 -                SequencerNbRanks 1 : true
2025-03-07 13:43:08,518 [INFO] ADCParametersView:116 -                Rank 1 : false
2025-03-07 13:43:08,518 [INFO] ADCParametersView:116 -                SequencerNbRanks 1 : true
2025-03-07 13:43:08,518 [INFO] ADCParametersView:116 -                Rank 1 : false
2025-03-07 13:43:08,518 [INFO] ADCParametersView:116 -                SequencerNbRanks 1 : true
2025-03-07 13:43:08,518 [INFO] ADCParametersView:116 -                Rank 1 : false
2025-03-07 13:43:08,518 [INFO] ADCParametersView:116 -                SequencerNbRanks 1 : true
2025-03-07 13:43:08,518 [INFO] ADCParametersView:116 -                Rank 1 : false
2025-03-07 13:43:08,518 [INFO] ADCParametersView:116 -                SequencerNbRanks 1 : true
2025-03-07 13:43:08,518 [INFO] ADCParametersView:116 -                Rank 1 : false
2025-03-07 13:43:08,518 [INFO] ADCParametersView:116 -                SequencerNbRanks 1 : true
2025-03-07 13:43:08,518 [INFO] ADCParametersView:116 -                Rank 1 : false
2025-03-07 13:43:08,518 [INFO] ADCParametersView:116 -                SequencerNbRanks 1 : true
2025-03-07 13:43:08,518 [INFO] ADCParametersView:116 -                Rank 1 : false
2025-03-07 13:43:08,518 [INFO] ADCParametersView:116 -                SequencerNbRanks 1 : true
2025-03-07 13:43:08,518 [INFO] ADCParametersView:116 -                Rank 1 : false
2025-03-07 13:43:08,518 [INFO] ADCParametersView:116 -                SequencerNbRanks 1 : true
2025-03-07 13:43:08,518 [INFO] ADCParametersView:116 -                Rank 1 : false
2025-03-07 13:43:08,518 [INFO] ADCParametersView:116 -                SequencerNbRanks 1 : true
2025-03-07 13:43:08,518 [INFO] ADCParametersView:116 -                Rank 1 : false
2025-03-07 13:43:08,518 [INFO] ADCParametersView:116 -                SequencerNbRanks 1 : true
2025-03-07 13:43:08,518 [INFO] ADCParametersView:116 -                Rank 1 : false
2025-03-07 13:43:08,518 [INFO] ADCParametersView:116 -                SequencerNbRanks 1 : true
2025-03-07 13:43:08,518 [INFO] ADCParametersView:116 -                Rank 1 : false
2025-03-07 13:43:08,518 [INFO] ADCParametersView:116 -                Rank 1 : false
2025-03-07 13:43:08,518 [INFO] ADCParametersView:116 -                Rank 1 : false
2025-03-07 13:43:08,518 [INFO] ADCParametersView:116 -                Rank 1 : false
2025-03-07 13:43:08,518 [INFO] ADCParametersView:116 -                Rank 1 : false
2025-03-07 13:43:08,518 [INFO] ADCParametersView:116 -                Rank 1 : false
2025-03-07 13:43:08,518 [INFO] ADCParametersView:116 -                Rank 1 : false
2025-03-07 13:43:08,612 [INFO] ADCParametersView:116 -                SequencerNbRanks 1 : true
2025-03-07 13:43:08,612 [INFO] ADCParametersView:116 -                SequencerNbRanks 1 : true
2025-03-07 13:43:08,612 [INFO] ADCParametersView:116 -                SequencerNbRanks 1 : true
2025-03-07 13:43:08,612 [INFO] ADCParametersView:116 -                SequencerNbRanks 1 : true
2025-03-07 13:43:08,612 [INFO] ADCParametersView:116 -                SequencerNbRanks 1 : true
2025-03-07 13:43:08,627 [INFO] ADCParametersView:116 -                SequencerNbRanks 1 : true
2025-03-07 13:43:08,627 [INFO] ADCParametersView:116 -                SequencerNbRanks 1 : true
2025-03-07 13:43:08,627 [INFO] ADCParametersView:116 -                Rank 1 : false
2025-03-07 13:43:08,643 [INFO] NvicIntPanel:101 - NVIC parent = com.st.microxplorer.plugins.ip.nvic.MultiNvicIntPanel[,0,0,0x0,invalid,layout=javax.swing.BoxLayout,alignmentX=0.0,alignmentY=0.0,border=,flags=9,maximumSize=,minimumSize=,preferredSize=]
2025-03-07 13:43:15,504 [INFO] ADCParametersView:116 -                SequencerNbRanks 1 : true
2025-03-07 13:43:15,504 [INFO] ADCParametersView:116 -                Rank 1 : true
2025-03-07 13:43:15,504 [INFO] ADCParametersView:116 -                Rank 2 : true
2025-03-07 13:43:15,504 [INFO] ADCParametersView:116 -                SequencerNbRanks 1 : true
2025-03-07 13:43:15,504 [INFO] ADCParametersView:116 -                Rank 1 : true
2025-03-07 13:43:15,504 [INFO] ADCParametersView:116 -                Rank 2 : true
2025-03-07 13:43:15,504 [INFO] ADCParametersView:116 -                SequencerNbRanks 1 : true
2025-03-07 13:43:15,504 [INFO] ADCParametersView:116 -                Rank 1 : true
2025-03-07 13:43:15,504 [INFO] ADCParametersView:116 -                Rank 2 : true
2025-03-07 13:43:15,504 [INFO] ADCParametersView:116 -                SequencerNbRanks 1 : true
2025-03-07 13:43:15,504 [INFO] ADCParametersView:116 -                Rank 1 : true
2025-03-07 13:43:15,504 [INFO] ADCParametersView:116 -                Rank 2 : true
2025-03-07 13:43:15,504 [INFO] ADCParametersView:116 -                SequencerNbRanks 1 : true
2025-03-07 13:43:15,504 [INFO] ADCParametersView:116 -                Rank 1 : true
2025-03-07 13:43:15,504 [INFO] ADCParametersView:116 -                Rank 2 : true
2025-03-07 13:43:15,504 [INFO] ADCParametersView:116 -                SequencerNbRanks 1 : true
2025-03-07 13:43:15,504 [INFO] ADCParametersView:116 -                Rank 1 : true
2025-03-07 13:43:15,504 [INFO] ADCParametersView:116 -                Rank 2 : true
2025-03-07 13:43:15,504 [INFO] ADCParametersView:116 -                SequencerNbRanks 1 : true
2025-03-07 13:43:15,504 [INFO] ADCParametersView:116 -                Rank 1 : true
2025-03-07 13:43:15,504 [INFO] ADCParametersView:116 -                Rank 2 : true
2025-03-07 13:43:15,504 [INFO] ADCParametersView:116 -                SequencerNbRanks 1 : true
2025-03-07 13:43:15,504 [INFO] ADCParametersView:116 -                Rank 1 : true
2025-03-07 13:43:15,504 [INFO] ADCParametersView:116 -                Rank 2 : true
2025-03-07 13:43:15,504 [INFO] ADCParametersView:116 -                SequencerNbRanks 1 : true
2025-03-07 13:43:15,504 [INFO] ADCParametersView:116 -                Rank 1 : true
2025-03-07 13:43:15,504 [INFO] ADCParametersView:116 -                Rank 2 : true
2025-03-07 13:43:15,504 [INFO] ADCParametersView:116 -                SequencerNbRanks 1 : true
2025-03-07 13:43:15,504 [INFO] ADCParametersView:116 -                Rank 1 : true
2025-03-07 13:43:15,504 [INFO] ADCParametersView:116 -                Rank 2 : true
2025-03-07 13:43:15,504 [INFO] ADCParametersView:116 -                SequencerNbRanks 1 : true
2025-03-07 13:43:15,504 [INFO] ADCParametersView:116 -                Rank 1 : true
2025-03-07 13:43:15,504 [INFO] ADCParametersView:116 -                Rank 2 : true
2025-03-07 13:43:15,504 [INFO] ADCParametersView:116 -                SequencerNbRanks 1 : true
2025-03-07 13:43:15,504 [INFO] ADCParametersView:116 -                Rank 1 : true
2025-03-07 13:43:15,504 [INFO] ADCParametersView:116 -                Rank 2 : true
2025-03-07 13:43:15,504 [INFO] ADCParametersView:116 -                SequencerNbRanks 1 : true
2025-03-07 13:43:15,504 [INFO] ADCParametersView:116 -                Rank 1 : true
2025-03-07 13:43:15,504 [INFO] ADCParametersView:116 -                Rank 2 : true
2025-03-07 13:43:15,504 [INFO] ADCParametersView:116 -                SequencerNbRanks 1 : true
2025-03-07 13:43:15,504 [INFO] ADCParametersView:116 -                Rank 1 : true
2025-03-07 13:43:15,504 [INFO] ADCParametersView:116 -                Rank 2 : true
2025-03-07 13:43:15,504 [INFO] ADCParametersView:116 -                SequencerNbRanks 1 : true
2025-03-07 13:43:15,504 [INFO] ADCParametersView:116 -                Rank 1 : true
2025-03-07 13:43:15,504 [INFO] ADCParametersView:116 -                Rank 2 : true
2025-03-07 13:43:15,504 [INFO] ADCParametersView:116 -                Rank 1 : true
2025-03-07 13:43:15,504 [INFO] ADCParametersView:116 -                Rank 2 : true
2025-03-07 13:43:15,504 [INFO] ADCParametersView:116 -                Rank 1 : true
2025-03-07 13:43:15,504 [INFO] ADCParametersView:116 -                Rank 2 : true
2025-03-07 13:43:15,504 [INFO] ADCParametersView:116 -                Rank 1 : true
2025-03-07 13:43:15,504 [INFO] ADCParametersView:116 -                Rank 2 : true
2025-03-07 13:43:15,504 [INFO] ADCParametersView:116 -                Rank 1 : true
2025-03-07 13:43:15,504 [INFO] ADCParametersView:116 -                Rank 2 : true
2025-03-07 13:43:15,504 [INFO] ADCParametersView:116 -                Rank 1 : true
2025-03-07 13:43:15,504 [INFO] ADCParametersView:116 -                Rank 2 : true
2025-03-07 13:43:15,504 [INFO] ADCParametersView:116 -                Rank 1 : true
2025-03-07 13:43:15,504 [INFO] ADCParametersView:116 -                Rank 2 : true
2025-03-07 13:43:15,504 [INFO] ADCParametersView:116 -                Rank 2 : true
2025-03-07 13:43:15,566 [INFO] ADCParametersView:116 -                SequencerNbRanks 1 : true
2025-03-07 13:43:15,566 [INFO] ADCParametersView:116 -                SequencerNbRanks 1 : true
2025-03-07 13:43:15,566 [INFO] ADCParametersView:116 -                SequencerNbRanks 1 : true
2025-03-07 13:43:15,566 [INFO] ADCParametersView:116 -                SequencerNbRanks 1 : true
2025-03-07 13:43:15,566 [INFO] ADCParametersView:116 -                SequencerNbRanks 1 : true
2025-03-07 13:43:15,566 [INFO] ADCParametersView:116 -                SequencerNbRanks 1 : true
2025-03-07 13:43:15,566 [INFO] ADCParametersView:116 -                SequencerNbRanks 1 : true
2025-03-07 13:43:15,566 [INFO] ADCParametersView:116 -                Rank 1 : true
2025-03-07 13:43:15,566 [INFO] ADCParametersView:116 -                SequencerNbRanks 1 : true
2025-03-07 13:43:15,566 [INFO] ADCParametersView:116 -                Rank 1 : true
2025-03-07 13:43:15,566 [INFO] ADCParametersView:116 -                Rank 2 : true
2025-03-07 13:43:15,660 [INFO] ADCParametersView:116 -                SequencerNbRanks 1 : true
2025-03-07 13:43:15,660 [INFO] ADCParametersView:116 -                Rank 1 : true
2025-03-07 13:43:15,660 [INFO] ADCParametersView:116 -                Rank 2 : true
2025-03-07 13:43:15,660 [INFO] ADCParametersView:116 -                SequencerNbRanks 1 : true
2025-03-07 13:43:15,660 [INFO] ADCParametersView:116 -                Rank 1 : true
2025-03-07 13:43:15,660 [INFO] ADCParametersView:116 -                Rank 2 : true
2025-03-07 13:43:15,660 [INFO] ADCParametersView:116 -                SequencerNbRanks 1 : true
2025-03-07 13:43:15,660 [INFO] ADCParametersView:116 -                Rank 1 : true
2025-03-07 13:43:15,660 [INFO] ADCParametersView:116 -                Rank 2 : true
2025-03-07 13:43:15,660 [INFO] ADCParametersView:116 -                SequencerNbRanks 1 : true
2025-03-07 13:43:15,660 [INFO] ADCParametersView:116 -                Rank 1 : true
2025-03-07 13:43:15,660 [INFO] ADCParametersView:116 -                Rank 2 : true
2025-03-07 13:43:15,660 [INFO] ADCParametersView:116 -                SequencerNbRanks 1 : true
2025-03-07 13:43:15,660 [INFO] ADCParametersView:116 -                Rank 1 : true
2025-03-07 13:43:15,660 [INFO] ADCParametersView:116 -                Rank 2 : true
2025-03-07 13:43:15,660 [INFO] ADCParametersView:116 -                SequencerNbRanks 1 : true
2025-03-07 13:43:15,660 [INFO] ADCParametersView:116 -                Rank 1 : true
2025-03-07 13:43:15,660 [INFO] ADCParametersView:116 -                Rank 2 : true
2025-03-07 13:43:15,660 [INFO] ADCParametersView:116 -                SequencerNbRanks 1 : true
2025-03-07 13:43:15,660 [INFO] ADCParametersView:116 -                Rank 1 : true
2025-03-07 13:43:15,660 [INFO] ADCParametersView:116 -                Rank 2 : true
2025-03-07 13:43:15,660 [INFO] ADCParametersView:116 -                SequencerNbRanks 1 : true
2025-03-07 13:43:15,660 [INFO] ADCParametersView:116 -                Rank 1 : true
2025-03-07 13:43:15,660 [INFO] ADCParametersView:116 -                Rank 2 : true
2025-03-07 13:43:15,660 [INFO] ADCParametersView:116 -                SequencerNbRanks 1 : true
2025-03-07 13:43:15,660 [INFO] ADCParametersView:116 -                Rank 1 : true
2025-03-07 13:43:15,660 [INFO] ADCParametersView:116 -                Rank 2 : true
2025-03-07 13:43:15,660 [INFO] ADCParametersView:116 -                SequencerNbRanks 1 : true
2025-03-07 13:43:15,660 [INFO] ADCParametersView:116 -                Rank 1 : true
2025-03-07 13:43:15,660 [INFO] ADCParametersView:116 -                Rank 2 : true
2025-03-07 13:43:15,660 [INFO] ADCParametersView:116 -                SequencerNbRanks 1 : true
2025-03-07 13:43:15,660 [INFO] ADCParametersView:116 -                Rank 1 : true
2025-03-07 13:43:15,660 [INFO] ADCParametersView:116 -                Rank 2 : true
2025-03-07 13:43:15,676 [INFO] ADCParametersView:116 -                SequencerNbRanks 1 : true
2025-03-07 13:43:15,676 [INFO] ADCParametersView:116 -                Rank 1 : true
2025-03-07 13:43:15,676 [INFO] ADCParametersView:116 -                Rank 2 : true
2025-03-07 13:43:15,676 [INFO] ADCParametersView:116 -                SequencerNbRanks 1 : true
2025-03-07 13:43:15,676 [INFO] ADCParametersView:116 -                Rank 1 : true
2025-03-07 13:43:15,676 [INFO] ADCParametersView:116 -                Rank 2 : true
2025-03-07 13:43:15,676 [INFO] ADCParametersView:116 -                SequencerNbRanks 1 : true
2025-03-07 13:43:15,676 [INFO] ADCParametersView:116 -                Rank 1 : true
2025-03-07 13:43:15,676 [INFO] ADCParametersView:116 -                Rank 2 : true
2025-03-07 13:43:15,676 [INFO] ADCParametersView:116 -                SequencerNbRanks 1 : true
2025-03-07 13:43:15,676 [INFO] ADCParametersView:116 -                Rank 1 : true
2025-03-07 13:43:15,676 [INFO] ADCParametersView:116 -                Rank 2 : true
2025-03-07 13:43:15,676 [INFO] ADCParametersView:116 -                Rank 1 : true
2025-03-07 13:43:15,676 [INFO] ADCParametersView:116 -                Rank 2 : true
2025-03-07 13:43:15,676 [INFO] ADCParametersView:116 -                Rank 1 : true
2025-03-07 13:43:15,676 [INFO] ADCParametersView:116 -                Rank 2 : true
2025-03-07 13:43:15,676 [INFO] ADCParametersView:116 -                Rank 1 : true
2025-03-07 13:43:15,676 [INFO] ADCParametersView:116 -                Rank 2 : true
2025-03-07 13:43:15,676 [INFO] ADCParametersView:116 -                Rank 1 : true
2025-03-07 13:43:15,676 [INFO] ADCParametersView:116 -                Rank 2 : true
2025-03-07 13:43:15,676 [INFO] ADCParametersView:116 -                Rank 1 : true
2025-03-07 13:43:15,676 [INFO] ADCParametersView:116 -                Rank 2 : true
2025-03-07 13:43:15,676 [INFO] ADCParametersView:116 -                Rank 1 : true
2025-03-07 13:43:15,676 [INFO] ADCParametersView:116 -                Rank 2 : true
2025-03-07 13:43:15,676 [INFO] ADCParametersView:116 -                Rank 2 : true
2025-03-07 13:43:15,738 [INFO] ADCParametersView:116 -                SequencerNbRanks 1 : true
2025-03-07 13:43:15,738 [INFO] ADCParametersView:116 -                SequencerNbRanks 1 : true
2025-03-07 13:43:15,738 [INFO] ADCParametersView:116 -                SequencerNbRanks 1 : true
2025-03-07 13:43:15,738 [INFO] ADCParametersView:116 -                SequencerNbRanks 1 : true
2025-03-07 13:43:15,738 [INFO] ADCParametersView:116 -                SequencerNbRanks 1 : true
2025-03-07 13:43:15,738 [INFO] ADCParametersView:116 -                SequencerNbRanks 1 : true
2025-03-07 13:43:15,738 [INFO] ADCParametersView:116 -                SequencerNbRanks 1 : true
2025-03-07 13:43:15,738 [INFO] ADCParametersView:116 -                Rank 1 : true
2025-03-07 13:43:15,738 [INFO] ADCParametersView:116 -                SequencerNbRanks 1 : true
2025-03-07 13:43:15,738 [INFO] ADCParametersView:116 -                Rank 1 : true
2025-03-07 13:43:15,738 [INFO] ADCParametersView:116 -                Rank 2 : true
2025-03-07 13:43:15,754 [INFO] NvicIntPanel:101 - NVIC parent = com.st.microxplorer.plugins.ip.nvic.MultiNvicIntPanel[,0,0,0x0,invalid,layout=javax.swing.BoxLayout,alignmentX=0.0,alignmentY=0.0,border=,flags=9,maximumSize=,minimumSize=,preferredSize=]
2025-03-07 13:43:26,381 [INFO] ADCParametersView:116 -                SequencerNbRanks 1 : true
2025-03-07 13:43:26,381 [INFO] ADCParametersView:116 -                Rank 1 : true
2025-03-07 13:43:26,381 [INFO] ADCParametersView:116 -                Rank 2 : true
2025-03-07 13:43:26,381 [INFO] ADCParametersView:116 -                SequencerNbRanks 1 : true
2025-03-07 13:43:26,381 [INFO] ADCParametersView:116 -                Rank 1 : true
2025-03-07 13:43:26,381 [INFO] ADCParametersView:116 -                Rank 2 : true
2025-03-07 13:43:26,381 [INFO] ADCParametersView:116 -                SequencerNbRanks 1 : true
2025-03-07 13:43:26,381 [INFO] ADCParametersView:116 -                Rank 1 : true
2025-03-07 13:43:26,381 [INFO] ADCParametersView:116 -                Rank 2 : true
2025-03-07 13:43:26,381 [INFO] ADCParametersView:116 -                SequencerNbRanks 1 : true
2025-03-07 13:43:26,381 [INFO] ADCParametersView:116 -                Rank 1 : true
2025-03-07 13:43:26,381 [INFO] ADCParametersView:116 -                Rank 2 : true
2025-03-07 13:43:26,381 [INFO] ADCParametersView:116 -                SequencerNbRanks 1 : true
2025-03-07 13:43:26,381 [INFO] ADCParametersView:116 -                Rank 1 : true
2025-03-07 13:43:26,381 [INFO] ADCParametersView:116 -                Rank 2 : true
2025-03-07 13:43:26,381 [INFO] ADCParametersView:116 -                SequencerNbRanks 1 : true
2025-03-07 13:43:26,381 [INFO] ADCParametersView:116 -                Rank 1 : true
2025-03-07 13:43:26,381 [INFO] ADCParametersView:116 -                Rank 2 : true
2025-03-07 13:43:26,381 [INFO] ADCParametersView:116 -                SequencerNbRanks 1 : true
2025-03-07 13:43:26,381 [INFO] ADCParametersView:116 -                Rank 1 : true
2025-03-07 13:43:26,381 [INFO] ADCParametersView:116 -                Rank 2 : true
2025-03-07 13:43:26,381 [INFO] ADCParametersView:116 -                SequencerNbRanks 1 : true
2025-03-07 13:43:26,381 [INFO] ADCParametersView:116 -                Rank 1 : true
2025-03-07 13:43:26,381 [INFO] ADCParametersView:116 -                Rank 2 : true
2025-03-07 13:43:26,381 [INFO] ADCParametersView:116 -                SequencerNbRanks 1 : true
2025-03-07 13:43:26,381 [INFO] ADCParametersView:116 -                Rank 1 : true
2025-03-07 13:43:26,381 [INFO] ADCParametersView:116 -                Rank 2 : true
2025-03-07 13:43:26,381 [INFO] ADCParametersView:116 -                SequencerNbRanks 1 : true
2025-03-07 13:43:26,381 [INFO] ADCParametersView:116 -                Rank 1 : true
2025-03-07 13:43:26,381 [INFO] ADCParametersView:116 -                Rank 2 : true
2025-03-07 13:43:26,381 [INFO] ADCParametersView:116 -                SequencerNbRanks 1 : true
2025-03-07 13:43:26,381 [INFO] ADCParametersView:116 -                Rank 1 : true
2025-03-07 13:43:26,381 [INFO] ADCParametersView:116 -                Rank 2 : true
2025-03-07 13:43:26,381 [INFO] ADCParametersView:116 -                SequencerNbRanks 1 : true
2025-03-07 13:43:26,381 [INFO] ADCParametersView:116 -                Rank 1 : true
2025-03-07 13:43:26,381 [INFO] ADCParametersView:116 -                Rank 2 : true
2025-03-07 13:43:26,381 [INFO] ADCParametersView:116 -                SequencerNbRanks 1 : true
2025-03-07 13:43:26,381 [INFO] ADCParametersView:116 -                Rank 1 : true
2025-03-07 13:43:26,381 [INFO] ADCParametersView:116 -                Rank 2 : true
2025-03-07 13:43:26,381 [INFO] ADCParametersView:116 -                SequencerNbRanks 1 : true
2025-03-07 13:43:26,381 [INFO] ADCParametersView:116 -                Rank 1 : true
2025-03-07 13:43:26,381 [INFO] ADCParametersView:116 -                Rank 2 : true
2025-03-07 13:43:26,381 [INFO] ADCParametersView:116 -                SequencerNbRanks 1 : true
2025-03-07 13:43:26,381 [INFO] ADCParametersView:116 -                Rank 1 : true
2025-03-07 13:43:26,381 [INFO] ADCParametersView:116 -                Rank 2 : true
2025-03-07 13:43:26,381 [INFO] ADCParametersView:116 -                Rank 1 : true
2025-03-07 13:43:26,381 [INFO] ADCParametersView:116 -                Rank 2 : true
2025-03-07 13:43:26,381 [INFO] ADCParametersView:116 -                Rank 1 : true
2025-03-07 13:43:26,381 [INFO] ADCParametersView:116 -                Rank 2 : true
2025-03-07 13:43:26,381 [INFO] ADCParametersView:116 -                Rank 1 : true
2025-03-07 13:43:26,397 [INFO] ADCParametersView:116 -                Rank 2 : true
2025-03-07 13:43:26,397 [INFO] ADCParametersView:116 -                Rank 1 : true
2025-03-07 13:43:26,397 [INFO] ADCParametersView:116 -                Rank 2 : true
2025-03-07 13:43:26,397 [INFO] ADCParametersView:116 -                Rank 1 : true
2025-03-07 13:43:26,397 [INFO] ADCParametersView:116 -                Rank 2 : true
2025-03-07 13:43:26,397 [INFO] ADCParametersView:116 -                Rank 1 : true
2025-03-07 13:43:26,397 [INFO] ADCParametersView:116 -                Rank 2 : true
2025-03-07 13:43:26,397 [INFO] ADCParametersView:116 -                Rank 2 : true
2025-03-07 13:43:26,444 [INFO] ADCParametersView:116 -                SequencerNbRanks 1 : true
2025-03-07 13:43:26,444 [INFO] ADCParametersView:116 -                SequencerNbRanks 1 : true
2025-03-07 13:43:26,444 [INFO] ADCParametersView:116 -                SequencerNbRanks 1 : true
2025-03-07 13:43:26,444 [INFO] ADCParametersView:116 -                SequencerNbRanks 1 : true
2025-03-07 13:43:26,444 [INFO] ADCParametersView:116 -                SequencerNbRanks 1 : true
2025-03-07 13:43:26,444 [INFO] ADCParametersView:116 -                SequencerNbRanks 1 : true
2025-03-07 13:43:26,444 [INFO] ADCParametersView:116 -                SequencerNbRanks 1 : true
2025-03-07 13:43:26,444 [INFO] ADCParametersView:116 -                Rank 1 : true
2025-03-07 13:43:26,444 [INFO] ADCParametersView:116 -                SequencerNbRanks 1 : true
2025-03-07 13:43:26,444 [INFO] ADCParametersView:116 -                Rank 1 : true
2025-03-07 13:43:26,444 [INFO] ADCParametersView:116 -                Rank 2 : true
2025-03-07 13:48:43,217 [INFO] ADCParametersView:116 -                SequencerNbRanks 1 : true
2025-03-07 13:48:43,217 [INFO] ADCParametersView:116 -                Rank 1 : true
2025-03-07 13:48:43,217 [INFO] ADCParametersView:116 -                Rank 2 : true
2025-03-07 13:48:43,217 [INFO] ADCParametersView:116 -                SequencerNbRanks 1 : true
2025-03-07 13:48:43,217 [INFO] ADCParametersView:116 -                Rank 1 : true
2025-03-07 13:48:43,217 [INFO] ADCParametersView:116 -                Rank 2 : true
2025-03-07 13:48:43,217 [INFO] ADCParametersView:116 -                SequencerNbRanks 1 : true
2025-03-07 13:48:43,217 [INFO] ADCParametersView:116 -                Rank 1 : true
2025-03-07 13:48:43,217 [INFO] ADCParametersView:116 -                Rank 2 : true
2025-03-07 13:48:43,217 [INFO] ADCParametersView:116 -                SequencerNbRanks 1 : true
2025-03-07 13:48:43,217 [INFO] ADCParametersView:116 -                Rank 1 : true
2025-03-07 13:48:43,217 [INFO] ADCParametersView:116 -                Rank 2 : true
2025-03-07 13:48:43,217 [INFO] ADCParametersView:116 -                SequencerNbRanks 1 : true
2025-03-07 13:48:43,217 [INFO] ADCParametersView:116 -                Rank 1 : true
2025-03-07 13:48:43,217 [INFO] ADCParametersView:116 -                Rank 2 : true
2025-03-07 13:48:43,217 [INFO] ADCParametersView:116 -                SequencerNbRanks 1 : true
2025-03-07 13:48:43,217 [INFO] ADCParametersView:116 -                Rank 1 : true
2025-03-07 13:48:43,217 [INFO] ADCParametersView:116 -                Rank 2 : true
2025-03-07 13:48:43,217 [INFO] ADCParametersView:116 -                SequencerNbRanks 1 : true
2025-03-07 13:48:43,217 [INFO] ADCParametersView:116 -                Rank 1 : true
2025-03-07 13:48:43,217 [INFO] ADCParametersView:116 -                Rank 2 : true
2025-03-07 13:48:43,217 [INFO] ADCParametersView:116 -                SequencerNbRanks 1 : true
2025-03-07 13:48:43,217 [INFO] ADCParametersView:116 -                Rank 1 : true
2025-03-07 13:48:43,217 [INFO] ADCParametersView:116 -                Rank 2 : true
2025-03-07 13:48:43,217 [INFO] ADCParametersView:116 -                SequencerNbRanks 1 : true
2025-03-07 13:48:43,217 [INFO] ADCParametersView:116 -                Rank 1 : true
2025-03-07 13:48:43,217 [INFO] ADCParametersView:116 -                Rank 2 : true
2025-03-07 13:48:43,217 [INFO] ADCParametersView:116 -                SequencerNbRanks 1 : true
2025-03-07 13:48:43,217 [INFO] ADCParametersView:116 -                Rank 1 : true
2025-03-07 13:48:43,217 [INFO] ADCParametersView:116 -                Rank 2 : true
2025-03-07 13:48:43,217 [INFO] ADCParametersView:116 -                SequencerNbRanks 1 : true
2025-03-07 13:48:43,217 [INFO] ADCParametersView:116 -                Rank 1 : true
2025-03-07 13:48:43,217 [INFO] ADCParametersView:116 -                Rank 2 : true
2025-03-07 13:48:43,217 [INFO] ADCParametersView:116 -                SequencerNbRanks 1 : true
2025-03-07 13:48:43,217 [INFO] ADCParametersView:116 -                Rank 1 : true
2025-03-07 13:48:43,217 [INFO] ADCParametersView:116 -                Rank 2 : true
2025-03-07 13:48:43,217 [INFO] ADCParametersView:116 -                SequencerNbRanks 1 : true
2025-03-07 13:48:43,217 [INFO] ADCParametersView:116 -                Rank 1 : true
2025-03-07 13:48:43,217 [INFO] ADCParametersView:116 -                Rank 2 : true
2025-03-07 13:48:43,232 [INFO] ADCParametersView:116 -                SequencerNbRanks 1 : true
2025-03-07 13:48:43,232 [INFO] ADCParametersView:116 -                Rank 1 : true
2025-03-07 13:48:43,232 [INFO] ADCParametersView:116 -                Rank 2 : true
2025-03-07 13:48:43,232 [INFO] ADCParametersView:116 -                SequencerNbRanks 1 : true
2025-03-07 13:48:43,232 [INFO] ADCParametersView:116 -                Rank 1 : true
2025-03-07 13:48:43,232 [INFO] ADCParametersView:116 -                Rank 2 : true
2025-03-07 13:48:43,232 [INFO] ADCParametersView:116 -                Rank 1 : true
2025-03-07 13:48:43,232 [INFO] ADCParametersView:116 -                Rank 2 : true
2025-03-07 13:48:43,232 [INFO] ADCParametersView:116 -                Rank 1 : true
2025-03-07 13:48:43,232 [INFO] ADCParametersView:116 -                Rank 2 : true
2025-03-07 13:48:43,232 [INFO] ADCParametersView:116 -                Rank 1 : true
2025-03-07 13:48:43,232 [INFO] ADCParametersView:116 -                Rank 2 : true
2025-03-07 13:48:43,232 [INFO] ADCParametersView:116 -                Rank 1 : true
2025-03-07 13:48:43,232 [INFO] ADCParametersView:116 -                Rank 2 : true
2025-03-07 13:48:43,232 [INFO] ADCParametersView:116 -                Rank 1 : true
2025-03-07 13:48:43,232 [INFO] ADCParametersView:116 -                Rank 2 : true
2025-03-07 13:48:43,232 [INFO] ADCParametersView:116 -                Rank 1 : true
2025-03-07 13:48:43,232 [INFO] ADCParametersView:116 -                Rank 2 : true
2025-03-07 13:48:43,232 [INFO] ADCParametersView:116 -                Rank 2 : true
2025-03-07 13:48:43,623 [INFO] ADCParametersView:116 -                SequencerNbRanks 1 : true
2025-03-07 13:48:43,623 [INFO] ADCParametersView:116 -                SequencerNbRanks 1 : true
2025-03-07 13:48:43,685 [INFO] ADCParametersView:116 -                SequencerNbRanks 1 : true
2025-03-07 13:48:43,701 [INFO] ADCParametersView:116 -                SequencerNbRanks 1 : true
2025-03-07 13:48:43,701 [INFO] ADCParametersView:116 -                SequencerNbRanks 1 : true
2025-03-07 13:48:43,701 [INFO] ADCParametersView:116 -                SequencerNbRanks 1 : true
2025-03-07 13:48:43,748 [INFO] ADCParametersView:116 -                SequencerNbRanks 1 : true
2025-03-07 13:48:43,748 [INFO] ADCParametersView:116 -                Rank 1 : true
2025-03-07 13:48:43,795 [INFO] ADCParametersView:116 -                SequencerNbRanks 1 : true
2025-03-07 13:48:43,810 [INFO] ADCParametersView:116 -                Rank 1 : true
2025-03-07 13:48:43,810 [INFO] ADCParametersView:116 -                Rank 2 : true
2025-03-07 13:48:44,873 [INFO] ADCParametersView:116 -                SequencerNbRanks 1 : true
2025-03-07 13:48:44,873 [INFO] ADCParametersView:116 -                Rank 1 : true
2025-03-07 13:48:44,873 [INFO] ADCParametersView:116 -                Rank 2 : true
2025-03-07 13:48:44,873 [INFO] ADCParametersView:116 -                SequencerNbRanks 1 : true
2025-03-07 13:48:44,889 [INFO] ADCParametersView:116 -                Rank 1 : true
2025-03-07 13:48:44,889 [INFO] ADCParametersView:116 -                Rank 2 : true
2025-03-07 13:48:44,889 [INFO] ADCParametersView:116 -                SequencerNbRanks 1 : true
2025-03-07 13:48:44,889 [INFO] ADCParametersView:116 -                Rank 1 : true
2025-03-07 13:48:44,889 [INFO] ADCParametersView:116 -                Rank 2 : true
2025-03-07 13:48:44,889 [INFO] ADCParametersView:116 -                SequencerNbRanks 1 : true
2025-03-07 13:48:44,889 [INFO] ADCParametersView:116 -                Rank 1 : true
2025-03-07 13:48:44,889 [INFO] ADCParametersView:116 -                Rank 2 : true
2025-03-07 13:48:44,889 [INFO] ADCParametersView:116 -                SequencerNbRanks 1 : true
2025-03-07 13:48:44,889 [INFO] ADCParametersView:116 -                Rank 1 : true
2025-03-07 13:48:44,889 [INFO] ADCParametersView:116 -                Rank 2 : true
2025-03-07 13:48:44,889 [INFO] ADCParametersView:116 -                SequencerNbRanks 1 : true
2025-03-07 13:48:44,889 [INFO] ADCParametersView:116 -                Rank 1 : true
2025-03-07 13:48:44,889 [INFO] ADCParametersView:116 -                Rank 2 : true
2025-03-07 13:48:44,889 [INFO] ADCParametersView:116 -                SequencerNbRanks 1 : true
2025-03-07 13:48:44,889 [INFO] ADCParametersView:116 -                Rank 1 : true
2025-03-07 13:48:44,889 [INFO] ADCParametersView:116 -                Rank 2 : true
2025-03-07 13:48:44,889 [INFO] ADCParametersView:116 -                SequencerNbRanks 1 : true
2025-03-07 13:48:44,889 [INFO] ADCParametersView:116 -                Rank 1 : true
2025-03-07 13:48:44,889 [INFO] ADCParametersView:116 -                Rank 2 : true
2025-03-07 13:48:44,889 [INFO] ADCParametersView:116 -                SequencerNbRanks 1 : true
2025-03-07 13:48:44,889 [INFO] ADCParametersView:116 -                Rank 1 : true
2025-03-07 13:48:44,889 [INFO] ADCParametersView:116 -                Rank 2 : true
2025-03-07 13:48:44,889 [INFO] ADCParametersView:116 -                SequencerNbRanks 1 : true
2025-03-07 13:48:44,889 [INFO] ADCParametersView:116 -                Rank 1 : true
2025-03-07 13:48:44,889 [INFO] ADCParametersView:116 -                Rank 2 : true
2025-03-07 13:48:44,889 [INFO] ADCParametersView:116 -                SequencerNbRanks 1 : true
2025-03-07 13:48:44,889 [INFO] ADCParametersView:116 -                Rank 1 : true
2025-03-07 13:48:44,889 [INFO] ADCParametersView:116 -                Rank 2 : true
2025-03-07 13:48:44,889 [INFO] ADCParametersView:116 -                SequencerNbRanks 1 : true
2025-03-07 13:48:44,889 [INFO] ADCParametersView:116 -                Rank 1 : true
2025-03-07 13:48:44,889 [INFO] ADCParametersView:116 -                Rank 2 : true
2025-03-07 13:48:44,889 [INFO] ADCParametersView:116 -                SequencerNbRanks 1 : true
2025-03-07 13:48:44,889 [INFO] ADCParametersView:116 -                Rank 1 : true
2025-03-07 13:48:44,889 [INFO] ADCParametersView:116 -                Rank 2 : true
2025-03-07 13:48:44,889 [INFO] ADCParametersView:116 -                SequencerNbRanks 1 : true
2025-03-07 13:48:44,889 [INFO] ADCParametersView:116 -                Rank 1 : true
2025-03-07 13:48:44,889 [INFO] ADCParametersView:116 -                Rank 2 : true
2025-03-07 13:48:44,889 [INFO] ADCParametersView:116 -                SequencerNbRanks 1 : true
2025-03-07 13:48:44,889 [INFO] ADCParametersView:116 -                Rank 1 : true
2025-03-07 13:48:44,889 [INFO] ADCParametersView:116 -                Rank 2 : true
2025-03-07 13:48:44,889 [INFO] ADCParametersView:116 -                Rank 1 : true
2025-03-07 13:48:44,889 [INFO] ADCParametersView:116 -                Rank 2 : true
2025-03-07 13:48:44,889 [INFO] ADCParametersView:116 -                Rank 1 : true
2025-03-07 13:48:44,889 [INFO] ADCParametersView:116 -                Rank 2 : true
2025-03-07 13:48:44,889 [INFO] ADCParametersView:116 -                Rank 1 : true
2025-03-07 13:48:44,889 [INFO] ADCParametersView:116 -                Rank 2 : true
2025-03-07 13:48:44,889 [INFO] ADCParametersView:116 -                Rank 1 : true
2025-03-07 13:48:44,889 [INFO] ADCParametersView:116 -                Rank 2 : true
2025-03-07 13:48:44,889 [INFO] ADCParametersView:116 -                Rank 1 : true
2025-03-07 13:48:44,889 [INFO] ADCParametersView:116 -                Rank 2 : true
2025-03-07 13:48:44,889 [INFO] ADCParametersView:116 -                Rank 1 : true
2025-03-07 13:48:44,889 [INFO] ADCParametersView:116 -                Rank 2 : true
2025-03-07 13:48:44,889 [INFO] ADCParametersView:116 -                Rank 2 : true
2025-03-07 13:48:45,217 [INFO] ADCParametersView:116 -                SequencerNbRanks 1 : true
2025-03-07 13:48:45,217 [INFO] ADCParametersView:116 -                SequencerNbRanks 1 : true
2025-03-07 13:48:45,217 [INFO] ADCParametersView:116 -                SequencerNbRanks 1 : true
2025-03-07 13:48:45,217 [INFO] ADCParametersView:116 -                SequencerNbRanks 1 : true
2025-03-07 13:48:45,217 [INFO] ADCParametersView:116 -                SequencerNbRanks 1 : true
2025-03-07 13:48:45,217 [INFO] ADCParametersView:116 -                SequencerNbRanks 1 : true
2025-03-07 13:48:45,217 [INFO] ADCParametersView:116 -                SequencerNbRanks 1 : true
2025-03-07 13:48:45,217 [INFO] ADCParametersView:116 -                Rank 1 : true
2025-03-07 13:48:45,232 [INFO] ADCParametersView:116 -                SequencerNbRanks 1 : true
2025-03-07 13:48:45,232 [INFO] ADCParametersView:116 -                Rank 1 : true
2025-03-07 13:48:45,232 [INFO] ADCParametersView:116 -                Rank 2 : true
2025-03-07 13:48:46,030 [INFO] ADCParametersView:116 -                SequencerNbRanks 1 : true
2025-03-07 13:48:46,030 [INFO] ADCParametersView:116 -                Rank 1 : true
2025-03-07 13:48:46,030 [INFO] ADCParametersView:116 -                Rank 2 : true
2025-03-07 13:48:46,030 [INFO] ADCParametersView:116 -                SequencerNbRanks 1 : true
2025-03-07 13:48:46,030 [INFO] ADCParametersView:116 -                Rank 1 : true
2025-03-07 13:48:46,030 [INFO] ADCParametersView:116 -                Rank 2 : true
2025-03-07 13:48:46,030 [INFO] ADCParametersView:116 -                SequencerNbRanks 1 : true
2025-03-07 13:48:46,030 [INFO] ADCParametersView:116 -                Rank 1 : true
2025-03-07 13:48:46,030 [INFO] ADCParametersView:116 -                Rank 2 : true
2025-03-07 13:48:46,030 [INFO] ADCParametersView:116 -                SequencerNbRanks 1 : true
2025-03-07 13:48:46,030 [INFO] ADCParametersView:116 -                Rank 1 : true
2025-03-07 13:48:46,030 [INFO] ADCParametersView:116 -                Rank 2 : true
2025-03-07 13:48:46,030 [INFO] ADCParametersView:116 -                SequencerNbRanks 1 : true
2025-03-07 13:48:46,030 [INFO] ADCParametersView:116 -                Rank 1 : true
2025-03-07 13:48:46,030 [INFO] ADCParametersView:116 -                Rank 2 : true
2025-03-07 13:48:46,030 [INFO] ADCParametersView:116 -                SequencerNbRanks 1 : true
2025-03-07 13:48:46,030 [INFO] ADCParametersView:116 -                Rank 1 : true
2025-03-07 13:48:46,030 [INFO] ADCParametersView:116 -                Rank 2 : true
2025-03-07 13:48:46,030 [INFO] ADCParametersView:116 -                SequencerNbRanks 1 : true
2025-03-07 13:48:46,030 [INFO] ADCParametersView:116 -                Rank 1 : true
2025-03-07 13:48:46,030 [INFO] ADCParametersView:116 -                Rank 2 : true
2025-03-07 13:48:46,030 [INFO] ADCParametersView:116 -                SequencerNbRanks 1 : true
2025-03-07 13:48:46,030 [INFO] ADCParametersView:116 -                Rank 1 : true
2025-03-07 13:48:46,030 [INFO] ADCParametersView:116 -                Rank 2 : true
2025-03-07 13:48:46,030 [INFO] ADCParametersView:116 -                SequencerNbRanks 1 : true
2025-03-07 13:48:46,030 [INFO] ADCParametersView:116 -                Rank 1 : true
2025-03-07 13:48:46,030 [INFO] ADCParametersView:116 -                Rank 2 : true
2025-03-07 13:48:46,030 [INFO] ADCParametersView:116 -                SequencerNbRanks 1 : true
2025-03-07 13:48:46,030 [INFO] ADCParametersView:116 -                Rank 1 : true
2025-03-07 13:48:46,030 [INFO] ADCParametersView:116 -                Rank 2 : true
2025-03-07 13:48:46,030 [INFO] ADCParametersView:116 -                SequencerNbRanks 1 : true
2025-03-07 13:48:46,030 [INFO] ADCParametersView:116 -                Rank 1 : true
2025-03-07 13:48:46,030 [INFO] ADCParametersView:116 -                Rank 2 : true
2025-03-07 13:48:46,030 [INFO] ADCParametersView:116 -                SequencerNbRanks 1 : true
2025-03-07 13:48:46,030 [INFO] ADCParametersView:116 -                Rank 1 : true
2025-03-07 13:48:46,030 [INFO] ADCParametersView:116 -                Rank 2 : true
2025-03-07 13:48:46,045 [INFO] ADCParametersView:116 -                SequencerNbRanks 1 : true
2025-03-07 13:48:46,045 [INFO] ADCParametersView:116 -                Rank 1 : true
2025-03-07 13:48:46,045 [INFO] ADCParametersView:116 -                Rank 2 : true
2025-03-07 13:48:46,045 [INFO] ADCParametersView:116 -                SequencerNbRanks 1 : true
2025-03-07 13:48:46,045 [INFO] ADCParametersView:116 -                Rank 1 : true
2025-03-07 13:48:46,045 [INFO] ADCParametersView:116 -                Rank 2 : true
2025-03-07 13:48:46,045 [INFO] ADCParametersView:116 -                SequencerNbRanks 1 : true
2025-03-07 13:48:46,045 [INFO] ADCParametersView:116 -                Rank 1 : true
2025-03-07 13:48:46,045 [INFO] ADCParametersView:116 -                Rank 2 : true
2025-03-07 13:48:46,045 [INFO] ADCParametersView:116 -                Rank 1 : true
2025-03-07 13:48:46,045 [INFO] ADCParametersView:116 -                Rank 2 : true
2025-03-07 13:48:46,045 [INFO] ADCParametersView:116 -                Rank 1 : true
2025-03-07 13:48:46,045 [INFO] ADCParametersView:116 -                Rank 2 : true
2025-03-07 13:48:46,045 [INFO] ADCParametersView:116 -                Rank 1 : true
2025-03-07 13:48:46,045 [INFO] ADCParametersView:116 -                Rank 2 : true
2025-03-07 13:48:46,045 [INFO] ADCParametersView:116 -                Rank 1 : true
2025-03-07 13:48:46,045 [INFO] ADCParametersView:116 -                Rank 2 : true
2025-03-07 13:48:46,045 [INFO] ADCParametersView:116 -                Rank 1 : true
2025-03-07 13:48:46,045 [INFO] ADCParametersView:116 -                Rank 2 : true
2025-03-07 13:48:46,045 [INFO] ADCParametersView:116 -                Rank 1 : true
2025-03-07 13:48:46,045 [INFO] ADCParametersView:116 -                Rank 2 : true
2025-03-07 13:48:46,045 [INFO] ADCParametersView:116 -                Rank 2 : true
2025-03-07 13:48:46,155 [INFO] ADCParametersView:116 -                SequencerNbRanks 1 : true
2025-03-07 13:48:46,155 [INFO] ADCParametersView:116 -                SequencerNbRanks 1 : true
2025-03-07 13:48:46,155 [INFO] ADCParametersView:116 -                SequencerNbRanks 1 : true
2025-03-07 13:48:46,155 [INFO] ADCParametersView:116 -                SequencerNbRanks 1 : true
2025-03-07 13:48:46,155 [INFO] ADCParametersView:116 -                SequencerNbRanks 1 : true
2025-03-07 13:48:46,155 [INFO] ADCParametersView:116 -                SequencerNbRanks 1 : true
2025-03-07 13:48:46,155 [INFO] ADCParametersView:116 -                SequencerNbRanks 1 : true
2025-03-07 13:48:46,155 [INFO] ADCParametersView:116 -                Rank 1 : true
2025-03-07 13:48:46,155 [INFO] ADCParametersView:116 -                SequencerNbRanks 1 : true
2025-03-07 13:48:46,155 [INFO] ADCParametersView:116 -                Rank 1 : true
2025-03-07 13:48:46,155 [INFO] ADCParametersView:116 -                Rank 2 : true
2025-03-07 13:48:46,280 [INFO] ADCParametersView:116 -                SequencerNbRanks 1 : true
2025-03-07 13:48:46,280 [INFO] ADCParametersView:116 -                Rank 1 : true
2025-03-07 13:48:46,280 [INFO] ADCParametersView:116 -                Rank 2 : true
2025-03-07 13:48:46,280 [INFO] ADCParametersView:116 -                SequencerNbRanks 1 : true
2025-03-07 13:48:46,280 [INFO] ADCParametersView:116 -                Rank 1 : true
2025-03-07 13:48:46,280 [INFO] ADCParametersView:116 -                Rank 2 : true
2025-03-07 13:48:46,280 [INFO] ADCParametersView:116 -                SequencerNbRanks 1 : true
2025-03-07 13:48:46,280 [INFO] ADCParametersView:116 -                Rank 1 : true
2025-03-07 13:48:46,280 [INFO] ADCParametersView:116 -                Rank 2 : true
2025-03-07 13:48:46,280 [INFO] ADCParametersView:116 -                SequencerNbRanks 1 : true
2025-03-07 13:48:46,280 [INFO] ADCParametersView:116 -                Rank 1 : true
2025-03-07 13:48:46,280 [INFO] ADCParametersView:116 -                Rank 2 : true
2025-03-07 13:48:46,280 [INFO] ADCParametersView:116 -                SequencerNbRanks 1 : true
2025-03-07 13:48:46,280 [INFO] ADCParametersView:116 -                Rank 1 : true
2025-03-07 13:48:46,280 [INFO] ADCParametersView:116 -                Rank 2 : true
2025-03-07 13:48:46,280 [INFO] ADCParametersView:116 -                SequencerNbRanks 1 : true
2025-03-07 13:48:46,280 [INFO] ADCParametersView:116 -                Rank 1 : true
2025-03-07 13:48:46,280 [INFO] ADCParametersView:116 -                Rank 2 : true
2025-03-07 13:48:46,280 [INFO] ADCParametersView:116 -                SequencerNbRanks 1 : true
2025-03-07 13:48:46,280 [INFO] ADCParametersView:116 -                Rank 1 : true
2025-03-07 13:48:46,280 [INFO] ADCParametersView:116 -                Rank 2 : true
2025-03-07 13:48:46,280 [INFO] ADCParametersView:116 -                SequencerNbRanks 1 : true
2025-03-07 13:48:46,280 [INFO] ADCParametersView:116 -                Rank 1 : true
2025-03-07 13:48:46,280 [INFO] ADCParametersView:116 -                Rank 2 : true
2025-03-07 13:48:46,280 [INFO] ADCParametersView:116 -                SequencerNbRanks 1 : true
2025-03-07 13:48:46,280 [INFO] ADCParametersView:116 -                Rank 1 : true
2025-03-07 13:48:46,280 [INFO] ADCParametersView:116 -                Rank 2 : true
2025-03-07 13:48:46,280 [INFO] ADCParametersView:116 -                SequencerNbRanks 1 : true
2025-03-07 13:48:46,280 [INFO] ADCParametersView:116 -                Rank 1 : true
2025-03-07 13:48:46,280 [INFO] ADCParametersView:116 -                Rank 2 : true
2025-03-07 13:48:46,280 [INFO] ADCParametersView:116 -                SequencerNbRanks 1 : true
2025-03-07 13:48:46,280 [INFO] ADCParametersView:116 -                Rank 1 : true
2025-03-07 13:48:46,280 [INFO] ADCParametersView:116 -                Rank 2 : true
2025-03-07 13:48:46,280 [INFO] ADCParametersView:116 -                SequencerNbRanks 1 : true
2025-03-07 13:48:46,280 [INFO] ADCParametersView:116 -                Rank 1 : true
2025-03-07 13:48:46,280 [INFO] ADCParametersView:116 -                Rank 2 : true
2025-03-07 13:48:46,280 [INFO] ADCParametersView:116 -                SequencerNbRanks 1 : true
2025-03-07 13:48:46,280 [INFO] ADCParametersView:116 -                Rank 1 : true
2025-03-07 13:48:46,280 [INFO] ADCParametersView:116 -                Rank 2 : true
2025-03-07 13:48:46,280 [INFO] ADCParametersView:116 -                SequencerNbRanks 1 : true
2025-03-07 13:48:46,280 [INFO] ADCParametersView:116 -                Rank 1 : true
2025-03-07 13:48:46,280 [INFO] ADCParametersView:116 -                Rank 2 : true
2025-03-07 13:48:46,280 [INFO] ADCParametersView:116 -                SequencerNbRanks 1 : true
2025-03-07 13:48:46,280 [INFO] ADCParametersView:116 -                Rank 1 : true
2025-03-07 13:48:46,280 [INFO] ADCParametersView:116 -                Rank 2 : true
2025-03-07 13:48:46,280 [INFO] ADCParametersView:116 -                Rank 1 : true
2025-03-07 13:48:46,280 [INFO] ADCParametersView:116 -                Rank 2 : true
2025-03-07 13:48:46,280 [INFO] ADCParametersView:116 -                Rank 1 : true
2025-03-07 13:48:46,280 [INFO] ADCParametersView:116 -                Rank 2 : true
2025-03-07 13:48:46,280 [INFO] ADCParametersView:116 -                Rank 1 : true
2025-03-07 13:48:46,280 [INFO] ADCParametersView:116 -                Rank 2 : true
2025-03-07 13:48:46,280 [INFO] ADCParametersView:116 -                Rank 1 : true
2025-03-07 13:48:46,280 [INFO] ADCParametersView:116 -                Rank 2 : true
2025-03-07 13:48:46,280 [INFO] ADCParametersView:116 -                Rank 1 : true
2025-03-07 13:48:46,280 [INFO] ADCParametersView:116 -                Rank 2 : true
2025-03-07 13:48:46,280 [INFO] ADCParametersView:116 -                Rank 1 : true
2025-03-07 13:48:46,280 [INFO] ADCParametersView:116 -                Rank 2 : true
2025-03-07 13:48:46,280 [INFO] ADCParametersView:116 -                Rank 2 : true
2025-03-07 13:48:46,373 [INFO] ADCParametersView:116 -                SequencerNbRanks 1 : true
2025-03-07 13:48:46,373 [INFO] ADCParametersView:116 -                SequencerNbRanks 1 : true
2025-03-07 13:48:46,373 [INFO] ADCParametersView:116 -                SequencerNbRanks 1 : true
2025-03-07 13:48:46,373 [INFO] ADCParametersView:116 -                SequencerNbRanks 1 : true
2025-03-07 13:48:46,373 [INFO] ADCParametersView:116 -                SequencerNbRanks 1 : true
2025-03-07 13:48:46,373 [INFO] ADCParametersView:116 -                SequencerNbRanks 1 : true
2025-03-07 13:48:46,389 [INFO] ADCParametersView:116 -                SequencerNbRanks 1 : true
2025-03-07 13:48:46,389 [INFO] ADCParametersView:116 -                Rank 1 : true
2025-03-07 13:48:46,389 [INFO] ADCParametersView:116 -                SequencerNbRanks 1 : true
2025-03-07 13:48:46,389 [INFO] ADCParametersView:116 -                Rank 1 : true
2025-03-07 13:48:46,389 [INFO] ADCParametersView:116 -                Rank 2 : true
2025-03-07 13:48:52,375 [INFO] ADCParametersView:116 -                SequencerNbRanks 1 : true
2025-03-07 13:48:52,375 [INFO] ADCParametersView:116 -                Rank 1 : true
2025-03-07 13:48:52,375 [INFO] ADCParametersView:116 -                Rank 2 : true
2025-03-07 13:48:52,375 [INFO] ADCParametersView:116 -                SequencerNbRanks 1 : true
2025-03-07 13:48:52,375 [INFO] ADCParametersView:116 -                Rank 1 : true
2025-03-07 13:48:52,375 [INFO] ADCParametersView:116 -                Rank 2 : true
2025-03-07 13:48:52,375 [INFO] ADCParametersView:116 -                SequencerNbRanks 1 : true
2025-03-07 13:48:52,375 [INFO] ADCParametersView:116 -                Rank 1 : true
2025-03-07 13:48:52,375 [INFO] ADCParametersView:116 -                Rank 2 : true
2025-03-07 13:48:52,375 [INFO] ADCParametersView:116 -                SequencerNbRanks 1 : true
2025-03-07 13:48:52,375 [INFO] ADCParametersView:116 -                Rank 1 : true
2025-03-07 13:48:52,375 [INFO] ADCParametersView:116 -                Rank 2 : true
2025-03-07 13:48:52,375 [INFO] ADCParametersView:116 -                SequencerNbRanks 1 : true
2025-03-07 13:48:52,375 [INFO] ADCParametersView:116 -                Rank 1 : true
2025-03-07 13:48:52,375 [INFO] ADCParametersView:116 -                Rank 2 : true
2025-03-07 13:48:52,375 [INFO] ADCParametersView:116 -                SequencerNbRanks 1 : true
2025-03-07 13:48:52,375 [INFO] ADCParametersView:116 -                Rank 1 : true
2025-03-07 13:48:52,375 [INFO] ADCParametersView:116 -                Rank 2 : true
2025-03-07 13:48:52,375 [INFO] ADCParametersView:116 -                SequencerNbRanks 1 : true
2025-03-07 13:48:52,375 [INFO] ADCParametersView:116 -                Rank 1 : true
2025-03-07 13:48:52,375 [INFO] ADCParametersView:116 -                Rank 2 : true
2025-03-07 13:48:52,375 [INFO] ADCParametersView:116 -                SequencerNbRanks 1 : true
2025-03-07 13:48:52,375 [INFO] ADCParametersView:116 -                Rank 1 : true
2025-03-07 13:48:52,375 [INFO] ADCParametersView:116 -                Rank 2 : true
2025-03-07 13:48:52,375 [INFO] ADCParametersView:116 -                SequencerNbRanks 1 : true
2025-03-07 13:48:52,375 [INFO] ADCParametersView:116 -                Rank 1 : true
2025-03-07 13:48:52,375 [INFO] ADCParametersView:116 -                Rank 2 : true
2025-03-07 13:48:52,375 [INFO] ADCParametersView:116 -                SequencerNbRanks 1 : true
2025-03-07 13:48:52,375 [INFO] ADCParametersView:116 -                Rank 1 : true
2025-03-07 13:48:52,375 [INFO] ADCParametersView:116 -                Rank 2 : true
2025-03-07 13:48:52,375 [INFO] ADCParametersView:116 -                SequencerNbRanks 1 : true
2025-03-07 13:48:52,375 [INFO] ADCParametersView:116 -                Rank 1 : true
2025-03-07 13:48:52,375 [INFO] ADCParametersView:116 -                Rank 2 : true
2025-03-07 13:48:52,375 [INFO] ADCParametersView:116 -                SequencerNbRanks 1 : true
2025-03-07 13:48:52,375 [INFO] ADCParametersView:116 -                Rank 1 : true
2025-03-07 13:48:52,375 [INFO] ADCParametersView:116 -                Rank 2 : true
2025-03-07 13:48:52,375 [INFO] ADCParametersView:116 -                SequencerNbRanks 1 : true
2025-03-07 13:48:52,375 [INFO] ADCParametersView:116 -                Rank 1 : true
2025-03-07 13:48:52,375 [INFO] ADCParametersView:116 -                Rank 2 : true
2025-03-07 13:48:52,375 [INFO] ADCParametersView:116 -                SequencerNbRanks 1 : true
2025-03-07 13:48:52,375 [INFO] ADCParametersView:116 -                Rank 1 : true
2025-03-07 13:48:52,375 [INFO] ADCParametersView:116 -                Rank 2 : true
2025-03-07 13:48:52,375 [INFO] ADCParametersView:116 -                SequencerNbRanks 1 : true
2025-03-07 13:48:52,375 [INFO] ADCParametersView:116 -                Rank 1 : true
2025-03-07 13:48:52,375 [INFO] ADCParametersView:116 -                Rank 2 : true
2025-03-07 13:48:52,375 [INFO] ADCParametersView:116 -                Rank 1 : true
2025-03-07 13:48:52,375 [INFO] ADCParametersView:116 -                Rank 2 : true
2025-03-07 13:48:52,375 [INFO] ADCParametersView:116 -                Rank 1 : true
2025-03-07 13:48:52,375 [INFO] ADCParametersView:116 -                Rank 2 : true
2025-03-07 13:48:52,375 [INFO] ADCParametersView:116 -                Rank 1 : true
2025-03-07 13:48:52,375 [INFO] ADCParametersView:116 -                Rank 2 : true
2025-03-07 13:48:52,375 [INFO] ADCParametersView:116 -                Rank 1 : true
2025-03-07 13:48:52,375 [INFO] ADCParametersView:116 -                Rank 2 : true
2025-03-07 13:48:52,375 [INFO] ADCParametersView:116 -                Rank 1 : true
2025-03-07 13:48:52,375 [INFO] ADCParametersView:116 -                Rank 2 : true
2025-03-07 13:48:52,375 [INFO] ADCParametersView:116 -                Rank 1 : true
2025-03-07 13:48:52,375 [INFO] ADCParametersView:116 -                Rank 2 : true
2025-03-07 13:48:52,375 [INFO] ADCParametersView:116 -                Rank 2 : true
2025-03-07 13:48:52,907 [INFO] ADCParametersView:116 -                SequencerNbRanks 1 : true
2025-03-07 13:48:52,907 [INFO] ADCParametersView:116 -                SequencerNbRanks 1 : true
2025-03-07 13:48:52,969 [INFO] ADCParametersView:116 -                SequencerNbRanks 1 : true
2025-03-07 13:48:52,969 [INFO] ADCParametersView:116 -                SequencerNbRanks 1 : true
2025-03-07 13:48:52,969 [INFO] ADCParametersView:116 -                SequencerNbRanks 1 : true
2025-03-07 13:48:52,969 [INFO] ADCParametersView:116 -                SequencerNbRanks 1 : true
2025-03-07 13:48:53,110 [INFO] ADCParametersView:116 -                SequencerNbRanks 1 : true
2025-03-07 13:48:53,110 [INFO] ADCParametersView:116 -                Rank 1 : true
2025-03-07 13:48:53,235 [INFO] ADCParametersView:116 -                SequencerNbRanks 1 : true
2025-03-07 13:48:53,235 [INFO] ADCParametersView:116 -                Rank 1 : true
2025-03-07 13:48:53,235 [INFO] ADCParametersView:116 -                Rank 2 : true
2025-03-07 13:48:55,704 [INFO] ADCParametersView:116 -                SequencerNbRanks 1 : true
2025-03-07 13:48:55,704 [INFO] ADCParametersView:116 -                Rank 1 : true
2025-03-07 13:48:55,704 [INFO] ADCParametersView:116 -                Rank 2 : true
2025-03-07 13:48:55,720 [INFO] ADCParametersView:116 -                SequencerNbRanks 1 : true
2025-03-07 13:48:55,720 [INFO] ADCParametersView:116 -                Rank 1 : true
2025-03-07 13:48:55,720 [INFO] ADCParametersView:116 -                Rank 2 : true
2025-03-07 13:48:55,720 [INFO] ADCParametersView:116 -                SequencerNbRanks 1 : true
2025-03-07 13:48:55,720 [INFO] ADCParametersView:116 -                Rank 1 : true
2025-03-07 13:48:55,720 [INFO] ADCParametersView:116 -                Rank 2 : true
2025-03-07 13:48:55,720 [INFO] ADCParametersView:116 -                SequencerNbRanks 1 : true
2025-03-07 13:48:55,720 [INFO] ADCParametersView:116 -                Rank 1 : true
2025-03-07 13:48:55,720 [INFO] ADCParametersView:116 -                Rank 2 : true
2025-03-07 13:48:55,720 [INFO] ADCParametersView:116 -                SequencerNbRanks 1 : true
2025-03-07 13:48:55,720 [INFO] ADCParametersView:116 -                Rank 1 : true
2025-03-07 13:48:55,720 [INFO] ADCParametersView:116 -                Rank 2 : true
2025-03-07 13:48:55,720 [INFO] ADCParametersView:116 -                SequencerNbRanks 1 : true
2025-03-07 13:48:55,720 [INFO] ADCParametersView:116 -                Rank 1 : true
2025-03-07 13:48:55,720 [INFO] ADCParametersView:116 -                Rank 2 : true
2025-03-07 13:48:55,720 [INFO] ADCParametersView:116 -                SequencerNbRanks 1 : true
2025-03-07 13:48:55,720 [INFO] ADCParametersView:116 -                Rank 1 : true
2025-03-07 13:48:55,720 [INFO] ADCParametersView:116 -                Rank 2 : true
2025-03-07 13:48:55,720 [INFO] ADCParametersView:116 -                SequencerNbRanks 1 : true
2025-03-07 13:48:55,720 [INFO] ADCParametersView:116 -                Rank 1 : true
2025-03-07 13:48:55,720 [INFO] ADCParametersView:116 -                Rank 2 : true
2025-03-07 13:48:55,720 [INFO] ADCParametersView:116 -                SequencerNbRanks 1 : true
2025-03-07 13:48:55,720 [INFO] ADCParametersView:116 -                Rank 1 : true
2025-03-07 13:48:55,720 [INFO] ADCParametersView:116 -                Rank 2 : true
2025-03-07 13:48:55,720 [INFO] ADCParametersView:116 -                SequencerNbRanks 1 : true
2025-03-07 13:48:55,720 [INFO] ADCParametersView:116 -                Rank 1 : true
2025-03-07 13:48:55,720 [INFO] ADCParametersView:116 -                Rank 2 : true
2025-03-07 13:48:55,720 [INFO] ADCParametersView:116 -                SequencerNbRanks 1 : true
2025-03-07 13:48:55,720 [INFO] ADCParametersView:116 -                Rank 1 : true
2025-03-07 13:48:55,720 [INFO] ADCParametersView:116 -                Rank 2 : true
2025-03-07 13:48:55,720 [INFO] ADCParametersView:116 -                SequencerNbRanks 1 : true
2025-03-07 13:48:55,720 [INFO] ADCParametersView:116 -                Rank 1 : true
2025-03-07 13:48:55,720 [INFO] ADCParametersView:116 -                Rank 2 : true
2025-03-07 13:48:55,720 [INFO] ADCParametersView:116 -                SequencerNbRanks 1 : true
2025-03-07 13:48:55,720 [INFO] ADCParametersView:116 -                Rank 1 : true
2025-03-07 13:48:55,720 [INFO] ADCParametersView:116 -                Rank 2 : true
2025-03-07 13:48:55,720 [INFO] ADCParametersView:116 -                SequencerNbRanks 1 : true
2025-03-07 13:48:55,720 [INFO] ADCParametersView:116 -                Rank 1 : true
2025-03-07 13:48:55,720 [INFO] ADCParametersView:116 -                Rank 2 : true
2025-03-07 13:48:55,720 [INFO] ADCParametersView:116 -                SequencerNbRanks 1 : true
2025-03-07 13:48:55,720 [INFO] ADCParametersView:116 -                Rank 1 : true
2025-03-07 13:48:55,720 [INFO] ADCParametersView:116 -                Rank 2 : true
2025-03-07 13:48:55,720 [INFO] ADCParametersView:116 -                Rank 1 : true
2025-03-07 13:48:55,720 [INFO] ADCParametersView:116 -                Rank 2 : true
2025-03-07 13:48:55,720 [INFO] ADCParametersView:116 -                Rank 1 : true
2025-03-07 13:48:55,720 [INFO] ADCParametersView:116 -                Rank 2 : true
2025-03-07 13:48:55,720 [INFO] ADCParametersView:116 -                Rank 1 : true
2025-03-07 13:48:55,720 [INFO] ADCParametersView:116 -                Rank 2 : true
2025-03-07 13:48:55,720 [INFO] ADCParametersView:116 -                Rank 1 : true
2025-03-07 13:48:55,720 [INFO] ADCParametersView:116 -                Rank 2 : true
2025-03-07 13:48:55,720 [INFO] ADCParametersView:116 -                Rank 1 : true
2025-03-07 13:48:55,720 [INFO] ADCParametersView:116 -                Rank 2 : true
2025-03-07 13:48:55,720 [INFO] ADCParametersView:116 -                Rank 1 : true
2025-03-07 13:48:55,720 [INFO] ADCParametersView:116 -                Rank 2 : true
2025-03-07 13:48:55,720 [INFO] ADCParametersView:116 -                Rank 2 : true
2025-03-07 13:48:56,314 [INFO] ADCParametersView:116 -                SequencerNbRanks 1 : true
2025-03-07 13:48:56,314 [INFO] ADCParametersView:116 -                SequencerNbRanks 1 : true
2025-03-07 13:48:56,314 [INFO] ADCParametersView:116 -                SequencerNbRanks 1 : true
2025-03-07 13:48:56,314 [INFO] ADCParametersView:116 -                SequencerNbRanks 1 : true
2025-03-07 13:48:56,314 [INFO] ADCParametersView:116 -                SequencerNbRanks 1 : true
2025-03-07 13:48:56,314 [INFO] ADCParametersView:116 -                SequencerNbRanks 1 : true
2025-03-07 13:48:56,314 [INFO] ADCParametersView:116 -                SequencerNbRanks 1 : true
2025-03-07 13:48:56,314 [INFO] ADCParametersView:116 -                Rank 1 : true
2025-03-07 13:48:56,376 [INFO] ADCParametersView:116 -                SequencerNbRanks 1 : true
2025-03-07 13:48:56,376 [INFO] ADCParametersView:116 -                Rank 1 : true
2025-03-07 13:48:56,376 [INFO] ADCParametersView:116 -                Rank 2 : true
2025-03-07 13:48:57,721 [INFO] ADCParametersView:116 -                SequencerNbRanks 1 : true
2025-03-07 13:48:57,721 [INFO] ADCParametersView:116 -                Rank 1 : true
2025-03-07 13:48:57,721 [INFO] ADCParametersView:116 -                Rank 2 : true
2025-03-07 13:48:57,721 [INFO] ADCParametersView:116 -                SequencerNbRanks 1 : true
2025-03-07 13:48:57,721 [INFO] ADCParametersView:116 -                Rank 1 : true
2025-03-07 13:48:57,721 [INFO] ADCParametersView:116 -                Rank 2 : true
2025-03-07 13:48:57,721 [INFO] ADCParametersView:116 -                SequencerNbRanks 1 : true
2025-03-07 13:48:57,721 [INFO] ADCParametersView:116 -                Rank 1 : true
2025-03-07 13:48:57,721 [INFO] ADCParametersView:116 -                Rank 2 : true
2025-03-07 13:48:57,721 [INFO] ADCParametersView:116 -                SequencerNbRanks 1 : true
2025-03-07 13:48:57,721 [INFO] ADCParametersView:116 -                Rank 1 : true
2025-03-07 13:48:57,721 [INFO] ADCParametersView:116 -                Rank 2 : true
2025-03-07 13:48:57,721 [INFO] ADCParametersView:116 -                SequencerNbRanks 1 : true
2025-03-07 13:48:57,721 [INFO] ADCParametersView:116 -                Rank 1 : true
2025-03-07 13:48:57,721 [INFO] ADCParametersView:116 -                Rank 2 : true
2025-03-07 13:48:57,721 [INFO] ADCParametersView:116 -                SequencerNbRanks 1 : true
2025-03-07 13:48:57,721 [INFO] ADCParametersView:116 -                Rank 1 : true
2025-03-07 13:48:57,721 [INFO] ADCParametersView:116 -                Rank 2 : true
2025-03-07 13:48:57,721 [INFO] ADCParametersView:116 -                SequencerNbRanks 1 : true
2025-03-07 13:48:57,721 [INFO] ADCParametersView:116 -                Rank 1 : true
2025-03-07 13:48:57,721 [INFO] ADCParametersView:116 -                Rank 2 : true
2025-03-07 13:48:57,721 [INFO] ADCParametersView:116 -                SequencerNbRanks 1 : true
2025-03-07 13:48:57,814 [INFO] ADCParametersView:116 -                Rank 1 : true
2025-03-07 13:48:57,814 [INFO] ADCParametersView:116 -                Rank 2 : true
2025-03-07 13:48:57,814 [INFO] ADCParametersView:116 -                SequencerNbRanks 1 : true
2025-03-07 13:48:57,814 [INFO] ADCParametersView:116 -                Rank 1 : true
2025-03-07 13:48:57,814 [INFO] ADCParametersView:116 -                Rank 2 : true
2025-03-07 13:48:57,814 [INFO] ADCParametersView:116 -                SequencerNbRanks 1 : true
2025-03-07 13:48:57,814 [INFO] ADCParametersView:116 -                Rank 1 : true
2025-03-07 13:48:57,814 [INFO] ADCParametersView:116 -                Rank 2 : true
2025-03-07 13:48:57,814 [INFO] ADCParametersView:116 -                SequencerNbRanks 1 : true
2025-03-07 13:48:57,814 [INFO] ADCParametersView:116 -                Rank 1 : true
2025-03-07 13:48:57,814 [INFO] ADCParametersView:116 -                Rank 2 : true
2025-03-07 13:48:57,814 [INFO] ADCParametersView:116 -                SequencerNbRanks 1 : true
2025-03-07 13:48:57,814 [INFO] ADCParametersView:116 -                Rank 1 : true
2025-03-07 13:48:57,814 [INFO] ADCParametersView:116 -                Rank 2 : true
2025-03-07 13:48:57,814 [INFO] ADCParametersView:116 -                SequencerNbRanks 1 : true
2025-03-07 13:48:57,814 [INFO] ADCParametersView:116 -                Rank 1 : true
2025-03-07 13:48:57,814 [INFO] ADCParametersView:116 -                Rank 2 : true
2025-03-07 13:48:57,814 [INFO] ADCParametersView:116 -                SequencerNbRanks 1 : true
2025-03-07 13:48:57,814 [INFO] ADCParametersView:116 -                Rank 1 : true
2025-03-07 13:48:57,814 [INFO] ADCParametersView:116 -                Rank 2 : true
2025-03-07 13:48:57,814 [INFO] ADCParametersView:116 -                SequencerNbRanks 1 : true
2025-03-07 13:48:57,814 [INFO] ADCParametersView:116 -                Rank 1 : true
2025-03-07 13:48:57,814 [INFO] ADCParametersView:116 -                Rank 2 : true
2025-03-07 13:48:57,814 [INFO] ADCParametersView:116 -                Rank 1 : true
2025-03-07 13:48:57,814 [INFO] ADCParametersView:116 -                Rank 2 : true
2025-03-07 13:48:57,814 [INFO] ADCParametersView:116 -                Rank 1 : true
2025-03-07 13:48:57,814 [INFO] ADCParametersView:116 -                Rank 2 : true
2025-03-07 13:48:57,814 [INFO] ADCParametersView:116 -                Rank 1 : true
2025-03-07 13:48:57,814 [INFO] ADCParametersView:116 -                Rank 2 : true
2025-03-07 13:48:57,814 [INFO] ADCParametersView:116 -                Rank 1 : true
2025-03-07 13:48:57,814 [INFO] ADCParametersView:116 -                Rank 2 : true
2025-03-07 13:48:57,814 [INFO] ADCParametersView:116 -                Rank 1 : true
2025-03-07 13:48:57,814 [INFO] ADCParametersView:116 -                Rank 2 : true
2025-03-07 13:48:57,814 [INFO] ADCParametersView:116 -                Rank 1 : true
2025-03-07 13:48:57,814 [INFO] ADCParametersView:116 -                Rank 2 : true
2025-03-07 13:48:57,814 [INFO] ADCParametersView:116 -                Rank 2 : true
2025-03-07 13:48:57,955 [INFO] ADCParametersView:116 -                SequencerNbRanks 1 : true
2025-03-07 13:48:57,955 [INFO] ADCParametersView:116 -                SequencerNbRanks 1 : true
2025-03-07 13:48:57,955 [INFO] ADCParametersView:116 -                SequencerNbRanks 1 : true
2025-03-07 13:48:57,955 [INFO] ADCParametersView:116 -                SequencerNbRanks 1 : true
2025-03-07 13:48:57,955 [INFO] ADCParametersView:116 -                SequencerNbRanks 1 : true
2025-03-07 13:48:57,955 [INFO] ADCParametersView:116 -                SequencerNbRanks 1 : true
2025-03-07 13:48:57,955 [INFO] ADCParametersView:116 -                SequencerNbRanks 1 : true
2025-03-07 13:48:57,955 [INFO] ADCParametersView:116 -                Rank 1 : true
2025-03-07 13:48:57,955 [INFO] ADCParametersView:116 -                SequencerNbRanks 1 : true
2025-03-07 13:48:57,955 [INFO] ADCParametersView:116 -                Rank 1 : true
2025-03-07 13:48:57,955 [INFO] ADCParametersView:116 -                Rank 2 : true
2025-03-07 13:48:58,096 [INFO] ADCParametersView:116 -                SequencerNbRanks 1 : true
2025-03-07 13:48:58,096 [INFO] ADCParametersView:116 -                Rank 1 : true
2025-03-07 13:48:58,096 [INFO] ADCParametersView:116 -                Rank 2 : true
2025-03-07 13:48:58,096 [INFO] ADCParametersView:116 -                SequencerNbRanks 1 : true
2025-03-07 13:48:58,111 [INFO] ADCParametersView:116 -                Rank 1 : true
2025-03-07 13:48:58,111 [INFO] ADCParametersView:116 -                Rank 2 : true
2025-03-07 13:48:58,111 [INFO] ADCParametersView:116 -                SequencerNbRanks 1 : true
2025-03-07 13:48:58,111 [INFO] ADCParametersView:116 -                Rank 1 : true
2025-03-07 13:48:58,111 [INFO] ADCParametersView:116 -                Rank 2 : true
2025-03-07 13:48:58,111 [INFO] ADCParametersView:116 -                SequencerNbRanks 1 : true
2025-03-07 13:48:58,111 [INFO] ADCParametersView:116 -                Rank 1 : true
2025-03-07 13:48:58,111 [INFO] ADCParametersView:116 -                Rank 2 : true
2025-03-07 13:48:58,111 [INFO] ADCParametersView:116 -                SequencerNbRanks 1 : true
2025-03-07 13:48:58,111 [INFO] ADCParametersView:116 -                Rank 1 : true
2025-03-07 13:48:58,111 [INFO] ADCParametersView:116 -                Rank 2 : true
2025-03-07 13:48:58,111 [INFO] ADCParametersView:116 -                SequencerNbRanks 1 : true
2025-03-07 13:48:58,111 [INFO] ADCParametersView:116 -                Rank 1 : true
2025-03-07 13:48:58,111 [INFO] ADCParametersView:116 -                Rank 2 : true
2025-03-07 13:48:58,111 [INFO] ADCParametersView:116 -                SequencerNbRanks 1 : true
2025-03-07 13:48:58,111 [INFO] ADCParametersView:116 -                Rank 1 : true
2025-03-07 13:48:58,111 [INFO] ADCParametersView:116 -                Rank 2 : true
2025-03-07 13:48:58,111 [INFO] ADCParametersView:116 -                SequencerNbRanks 1 : true
2025-03-07 13:48:58,111 [INFO] ADCParametersView:116 -                Rank 1 : true
2025-03-07 13:48:58,111 [INFO] ADCParametersView:116 -                Rank 2 : true
2025-03-07 13:48:58,111 [INFO] ADCParametersView:116 -                SequencerNbRanks 1 : true
2025-03-07 13:48:58,111 [INFO] ADCParametersView:116 -                Rank 1 : true
2025-03-07 13:48:58,111 [INFO] ADCParametersView:116 -                Rank 2 : true
2025-03-07 13:48:58,111 [INFO] ADCParametersView:116 -                SequencerNbRanks 1 : true
2025-03-07 13:48:58,111 [INFO] ADCParametersView:116 -                Rank 1 : true
2025-03-07 13:48:58,111 [INFO] ADCParametersView:116 -                Rank 2 : true
2025-03-07 13:48:58,111 [INFO] ADCParametersView:116 -                SequencerNbRanks 1 : true
2025-03-07 13:48:58,111 [INFO] ADCParametersView:116 -                Rank 1 : true
2025-03-07 13:48:58,111 [INFO] ADCParametersView:116 -                Rank 2 : true
2025-03-07 13:48:58,111 [INFO] ADCParametersView:116 -                SequencerNbRanks 1 : true
2025-03-07 13:48:58,111 [INFO] ADCParametersView:116 -                Rank 1 : true
2025-03-07 13:48:58,111 [INFO] ADCParametersView:116 -                Rank 2 : true
2025-03-07 13:48:58,111 [INFO] ADCParametersView:116 -                SequencerNbRanks 1 : true
2025-03-07 13:48:58,111 [INFO] ADCParametersView:116 -                Rank 1 : true
2025-03-07 13:48:58,111 [INFO] ADCParametersView:116 -                Rank 2 : true
2025-03-07 13:48:58,111 [INFO] ADCParametersView:116 -                SequencerNbRanks 1 : true
2025-03-07 13:48:58,111 [INFO] ADCParametersView:116 -                Rank 1 : true
2025-03-07 13:48:58,111 [INFO] ADCParametersView:116 -                Rank 2 : true
2025-03-07 13:48:58,111 [INFO] ADCParametersView:116 -                SequencerNbRanks 1 : true
2025-03-07 13:48:58,111 [INFO] ADCParametersView:116 -                Rank 1 : true
2025-03-07 13:48:58,111 [INFO] ADCParametersView:116 -                Rank 2 : true
2025-03-07 13:48:58,111 [INFO] ADCParametersView:116 -                Rank 1 : true
2025-03-07 13:48:58,111 [INFO] ADCParametersView:116 -                Rank 2 : true
2025-03-07 13:48:58,111 [INFO] ADCParametersView:116 -                Rank 1 : true
2025-03-07 13:48:58,111 [INFO] ADCParametersView:116 -                Rank 2 : true
2025-03-07 13:48:58,111 [INFO] ADCParametersView:116 -                Rank 1 : true
2025-03-07 13:48:58,111 [INFO] ADCParametersView:116 -                Rank 2 : true
2025-03-07 13:48:58,111 [INFO] ADCParametersView:116 -                Rank 1 : true
2025-03-07 13:48:58,111 [INFO] ADCParametersView:116 -                Rank 2 : true
2025-03-07 13:48:58,111 [INFO] ADCParametersView:116 -                Rank 1 : true
2025-03-07 13:48:58,111 [INFO] ADCParametersView:116 -                Rank 2 : true
2025-03-07 13:48:58,111 [INFO] ADCParametersView:116 -                Rank 1 : true
2025-03-07 13:48:58,111 [INFO] ADCParametersView:116 -                Rank 2 : true
2025-03-07 13:48:58,111 [INFO] ADCParametersView:116 -                Rank 2 : true
2025-03-07 13:48:58,236 [INFO] ADCParametersView:116 -                SequencerNbRanks 1 : true
2025-03-07 13:48:58,236 [INFO] ADCParametersView:116 -                SequencerNbRanks 1 : true
2025-03-07 13:48:58,252 [INFO] ADCParametersView:116 -                SequencerNbRanks 1 : true
2025-03-07 13:48:58,252 [INFO] ADCParametersView:116 -                SequencerNbRanks 1 : true
2025-03-07 13:48:58,252 [INFO] ADCParametersView:116 -                SequencerNbRanks 1 : true
2025-03-07 13:48:58,252 [INFO] ADCParametersView:116 -                SequencerNbRanks 1 : true
2025-03-07 13:48:58,252 [INFO] ADCParametersView:116 -                SequencerNbRanks 1 : true
2025-03-07 13:48:58,252 [INFO] ADCParametersView:116 -                Rank 1 : true
2025-03-07 13:48:58,252 [INFO] ADCParametersView:116 -                SequencerNbRanks 1 : true
2025-03-07 13:48:58,252 [INFO] ADCParametersView:116 -                Rank 1 : true
2025-03-07 13:48:58,252 [INFO] ADCParametersView:116 -                Rank 2 : true
2025-03-07 13:49:18,135 [INFO] ADCParametersView:116 -                SequencerNbRanks 1 : true
2025-03-07 13:49:18,135 [INFO] ADCParametersView:116 -                Rank 1 : true
2025-03-07 13:49:18,135 [INFO] ADCParametersView:116 -                Rank 2 : true
2025-03-07 13:49:18,135 [INFO] ADCParametersView:116 -                SequencerNbRanks 1 : true
2025-03-07 13:49:18,135 [INFO] ADCParametersView:116 -                Rank 1 : true
2025-03-07 13:49:18,135 [INFO] ADCParametersView:116 -                Rank 2 : true
2025-03-07 13:49:18,135 [INFO] ADCParametersView:116 -                SequencerNbRanks 1 : true
2025-03-07 13:49:18,135 [INFO] ADCParametersView:116 -                Rank 1 : true
2025-03-07 13:49:18,135 [INFO] ADCParametersView:116 -                Rank 2 : true
2025-03-07 13:49:18,135 [INFO] ADCParametersView:116 -                SequencerNbRanks 1 : true
2025-03-07 13:49:18,135 [INFO] ADCParametersView:116 -                Rank 1 : true
2025-03-07 13:49:18,135 [INFO] ADCParametersView:116 -                Rank 2 : true
2025-03-07 13:49:18,135 [INFO] ADCParametersView:116 -                SequencerNbRanks 1 : true
2025-03-07 13:49:18,135 [INFO] ADCParametersView:116 -                Rank 1 : true
2025-03-07 13:49:18,135 [INFO] ADCParametersView:116 -                Rank 2 : true
2025-03-07 13:49:18,135 [INFO] ADCParametersView:116 -                SequencerNbRanks 1 : true
2025-03-07 13:49:18,135 [INFO] ADCParametersView:116 -                Rank 1 : true
2025-03-07 13:49:18,135 [INFO] ADCParametersView:116 -                Rank 2 : true
2025-03-07 13:49:18,135 [INFO] ADCParametersView:116 -                SequencerNbRanks 1 : true
2025-03-07 13:49:18,135 [INFO] ADCParametersView:116 -                Rank 1 : true
2025-03-07 13:49:18,135 [INFO] ADCParametersView:116 -                Rank 2 : true
2025-03-07 13:49:18,135 [INFO] ADCParametersView:116 -                SequencerNbRanks 1 : true
2025-03-07 13:49:18,135 [INFO] ADCParametersView:116 -                Rank 1 : true
2025-03-07 13:49:18,135 [INFO] ADCParametersView:116 -                Rank 2 : true
2025-03-07 13:49:18,135 [INFO] ADCParametersView:116 -                SequencerNbRanks 1 : true
2025-03-07 13:49:18,135 [INFO] ADCParametersView:116 -                Rank 1 : true
2025-03-07 13:49:18,135 [INFO] ADCParametersView:116 -                Rank 2 : true
2025-03-07 13:49:18,135 [INFO] ADCParametersView:116 -                SequencerNbRanks 1 : true
2025-03-07 13:49:18,135 [INFO] ADCParametersView:116 -                Rank 1 : true
2025-03-07 13:49:18,135 [INFO] ADCParametersView:116 -                Rank 2 : true
2025-03-07 13:49:18,135 [INFO] ADCParametersView:116 -                SequencerNbRanks 1 : true
2025-03-07 13:49:18,135 [INFO] ADCParametersView:116 -                Rank 1 : true
2025-03-07 13:49:18,135 [INFO] ADCParametersView:116 -                Rank 2 : true
2025-03-07 13:49:18,135 [INFO] ADCParametersView:116 -                SequencerNbRanks 1 : true
2025-03-07 13:49:18,135 [INFO] ADCParametersView:116 -                Rank 1 : true
2025-03-07 13:49:18,135 [INFO] ADCParametersView:116 -                Rank 2 : true
2025-03-07 13:49:18,135 [INFO] ADCParametersView:116 -                SequencerNbRanks 1 : true
2025-03-07 13:49:18,135 [INFO] ADCParametersView:116 -                Rank 1 : true
2025-03-07 13:49:18,135 [INFO] ADCParametersView:116 -                Rank 2 : true
2025-03-07 13:49:18,135 [INFO] ADCParametersView:116 -                SequencerNbRanks 1 : true
2025-03-07 13:49:18,135 [INFO] ADCParametersView:116 -                Rank 1 : true
2025-03-07 13:49:18,135 [INFO] ADCParametersView:116 -                Rank 2 : true
2025-03-07 13:49:18,135 [INFO] ADCParametersView:116 -                SequencerNbRanks 1 : true
2025-03-07 13:49:18,135 [INFO] ADCParametersView:116 -                Rank 1 : true
2025-03-07 13:49:18,135 [INFO] ADCParametersView:116 -                Rank 2 : true
2025-03-07 13:49:18,135 [INFO] ADCParametersView:116 -                Rank 1 : true
2025-03-07 13:49:18,135 [INFO] ADCParametersView:116 -                Rank 2 : true
2025-03-07 13:49:18,135 [INFO] ADCParametersView:116 -                Rank 1 : true
2025-03-07 13:49:18,135 [INFO] ADCParametersView:116 -                Rank 2 : true
2025-03-07 13:49:18,135 [INFO] ADCParametersView:116 -                Rank 1 : true
2025-03-07 13:49:18,135 [INFO] ADCParametersView:116 -                Rank 2 : true
2025-03-07 13:49:18,135 [INFO] ADCParametersView:116 -                Rank 1 : true
2025-03-07 13:49:18,135 [INFO] ADCParametersView:116 -                Rank 2 : true
2025-03-07 13:49:18,135 [INFO] ADCParametersView:116 -                Rank 1 : true
2025-03-07 13:49:18,135 [INFO] ADCParametersView:116 -                Rank 2 : true
2025-03-07 13:49:18,135 [INFO] ADCParametersView:116 -                Rank 1 : true
2025-03-07 13:49:18,135 [INFO] ADCParametersView:116 -                Rank 2 : true
2025-03-07 13:49:18,135 [INFO] ADCParametersView:116 -                Rank 2 : true
2025-03-07 13:49:18,200 [INFO] ADCParametersView:116 -                SequencerNbRanks 1 : true
2025-03-07 13:49:18,200 [INFO] ADCParametersView:116 -                SequencerNbRanks 1 : true
2025-03-07 13:49:18,200 [INFO] ADCParametersView:116 -                SequencerNbRanks 1 : true
2025-03-07 13:49:18,200 [INFO] ADCParametersView:116 -                SequencerNbRanks 1 : true
2025-03-07 13:49:18,200 [INFO] ADCParametersView:116 -                SequencerNbRanks 1 : true
2025-03-07 13:49:18,200 [INFO] ADCParametersView:116 -                SequencerNbRanks 1 : true
2025-03-07 13:49:18,214 [INFO] ADCParametersView:116 -                SequencerNbRanks 1 : true
2025-03-07 13:49:18,214 [INFO] ADCParametersView:116 -                Rank 1 : true
2025-03-07 13:49:18,214 [INFO] ADCParametersView:116 -                SequencerNbRanks 1 : true
2025-03-07 13:49:18,214 [INFO] ADCParametersView:116 -                Rank 1 : true
2025-03-07 13:49:18,214 [INFO] ADCParametersView:116 -                Rank 2 : true
2025-03-07 13:49:18,292 [INFO] ADCParametersView:116 -                SequencerNbRanks 1 : true
2025-03-07 13:49:18,292 [INFO] ADCParametersView:116 -                Rank 1 : true
2025-03-07 13:49:18,292 [INFO] ADCParametersView:116 -                Rank 2 : true
2025-03-07 13:49:18,292 [INFO] ADCParametersView:116 -                SequencerNbRanks 1 : true
2025-03-07 13:49:18,292 [INFO] ADCParametersView:116 -                Rank 1 : true
2025-03-07 13:49:18,292 [INFO] ADCParametersView:116 -                Rank 2 : true
2025-03-07 13:49:18,292 [INFO] ADCParametersView:116 -                SequencerNbRanks 1 : true
2025-03-07 13:49:18,292 [INFO] ADCParametersView:116 -                Rank 1 : true
2025-03-07 13:49:18,292 [INFO] ADCParametersView:116 -                Rank 2 : true
2025-03-07 13:49:18,292 [INFO] ADCParametersView:116 -                SequencerNbRanks 1 : true
2025-03-07 13:49:18,292 [INFO] ADCParametersView:116 -                Rank 1 : true
2025-03-07 13:49:18,292 [INFO] ADCParametersView:116 -                Rank 2 : true
2025-03-07 13:49:18,292 [INFO] ADCParametersView:116 -                SequencerNbRanks 1 : true
2025-03-07 13:49:18,292 [INFO] ADCParametersView:116 -                Rank 1 : true
2025-03-07 13:49:18,292 [INFO] ADCParametersView:116 -                Rank 2 : true
2025-03-07 13:49:18,292 [INFO] ADCParametersView:116 -                SequencerNbRanks 1 : true
2025-03-07 13:49:18,292 [INFO] ADCParametersView:116 -                Rank 1 : true
2025-03-07 13:49:18,292 [INFO] ADCParametersView:116 -                Rank 2 : true
2025-03-07 13:49:18,292 [INFO] ADCParametersView:116 -                SequencerNbRanks 1 : true
2025-03-07 13:49:18,292 [INFO] ADCParametersView:116 -                Rank 1 : true
2025-03-07 13:49:18,292 [INFO] ADCParametersView:116 -                Rank 2 : true
2025-03-07 13:49:18,308 [INFO] ADCParametersView:116 -                SequencerNbRanks 1 : true
2025-03-07 13:49:18,308 [INFO] ADCParametersView:116 -                Rank 1 : true
2025-03-07 13:49:18,308 [INFO] ADCParametersView:116 -                Rank 2 : true
2025-03-07 13:49:18,308 [INFO] ADCParametersView:116 -                SequencerNbRanks 1 : true
2025-03-07 13:49:18,308 [INFO] ADCParametersView:116 -                Rank 1 : true
2025-03-07 13:49:18,308 [INFO] ADCParametersView:116 -                Rank 2 : true
2025-03-07 13:49:18,308 [INFO] ADCParametersView:116 -                SequencerNbRanks 1 : true
2025-03-07 13:49:18,308 [INFO] ADCParametersView:116 -                Rank 1 : true
2025-03-07 13:49:18,308 [INFO] ADCParametersView:116 -                Rank 2 : true
2025-03-07 13:49:18,308 [INFO] ADCParametersView:116 -                SequencerNbRanks 1 : true
2025-03-07 13:49:18,308 [INFO] ADCParametersView:116 -                Rank 1 : true
2025-03-07 13:49:18,308 [INFO] ADCParametersView:116 -                Rank 2 : true
2025-03-07 13:49:18,308 [INFO] ADCParametersView:116 -                SequencerNbRanks 1 : true
2025-03-07 13:49:18,308 [INFO] ADCParametersView:116 -                Rank 1 : true
2025-03-07 13:49:18,308 [INFO] ADCParametersView:116 -                Rank 2 : true
2025-03-07 13:49:18,308 [INFO] ADCParametersView:116 -                SequencerNbRanks 1 : true
2025-03-07 13:49:18,308 [INFO] ADCParametersView:116 -                Rank 1 : true
2025-03-07 13:49:18,308 [INFO] ADCParametersView:116 -                Rank 2 : true
2025-03-07 13:49:18,308 [INFO] ADCParametersView:116 -                SequencerNbRanks 1 : true
2025-03-07 13:49:18,308 [INFO] ADCParametersView:116 -                Rank 1 : true
2025-03-07 13:49:18,308 [INFO] ADCParametersView:116 -                Rank 2 : true
2025-03-07 13:49:18,308 [INFO] ADCParametersView:116 -                SequencerNbRanks 1 : true
2025-03-07 13:49:18,308 [INFO] ADCParametersView:116 -                Rank 1 : true
2025-03-07 13:49:18,308 [INFO] ADCParametersView:116 -                Rank 2 : true
2025-03-07 13:49:18,308 [INFO] ADCParametersView:116 -                Rank 1 : true
2025-03-07 13:49:18,308 [INFO] ADCParametersView:116 -                Rank 2 : true
2025-03-07 13:49:18,308 [INFO] ADCParametersView:116 -                Rank 1 : true
2025-03-07 13:49:18,308 [INFO] ADCParametersView:116 -                Rank 2 : true
2025-03-07 13:49:18,308 [INFO] ADCParametersView:116 -                Rank 1 : true
2025-03-07 13:49:18,308 [INFO] ADCParametersView:116 -                Rank 2 : true
2025-03-07 13:49:18,308 [INFO] ADCParametersView:116 -                Rank 1 : true
2025-03-07 13:49:18,308 [INFO] ADCParametersView:116 -                Rank 2 : true
2025-03-07 13:49:18,308 [INFO] ADCParametersView:116 -                Rank 1 : true
2025-03-07 13:49:18,308 [INFO] ADCParametersView:116 -                Rank 2 : true
2025-03-07 13:49:18,308 [INFO] ADCParametersView:116 -                Rank 1 : true
2025-03-07 13:49:18,308 [INFO] ADCParametersView:116 -                Rank 2 : true
2025-03-07 13:49:18,308 [INFO] ADCParametersView:116 -                Rank 2 : true
2025-03-07 13:49:18,370 [INFO] ADCParametersView:116 -                SequencerNbRanks 1 : true
2025-03-07 13:49:18,370 [INFO] ADCParametersView:116 -                SequencerNbRanks 1 : true
2025-03-07 13:49:18,370 [INFO] ADCParametersView:116 -                SequencerNbRanks 1 : true
2025-03-07 13:49:18,370 [INFO] ADCParametersView:116 -                SequencerNbRanks 1 : true
2025-03-07 13:49:18,370 [INFO] ADCParametersView:116 -                SequencerNbRanks 1 : true
2025-03-07 13:49:18,370 [INFO] ADCParametersView:116 -                SequencerNbRanks 1 : true
2025-03-07 13:49:18,370 [INFO] ADCParametersView:116 -                SequencerNbRanks 1 : true
2025-03-07 13:49:18,370 [INFO] ADCParametersView:116 -                Rank 1 : true
2025-03-07 13:49:18,370 [INFO] ADCParametersView:116 -                SequencerNbRanks 1 : true
2025-03-07 13:49:18,370 [INFO] ADCParametersView:116 -                Rank 1 : true
2025-03-07 13:49:18,370 [INFO] ADCParametersView:116 -                Rank 2 : true
2025-03-07 13:49:30,143 [INFO] UtilMem:75 - End SaveConfig() Used Memory: 724808528 Bytes (1073741824)
2025-03-07 13:49:32,248 [INFO] UtilMem:75 - End SaveConfig() Used Memory: 749974352 Bytes (1073741824)
2025-03-07 13:49:37,218 [INFO] UtilMem:75 - End SaveConfig() Used Memory: 768359376 Bytes (1073741824)
2025-03-07 13:49:38,078 [INFO] BlockDiagram:2759 - set Specific Code input for plugin: SPI
2025-03-07 13:49:38,078 [INFO] BlockDiagram:2759 - set Specific Code input for plugin: DAC
2025-03-07 13:49:38,078 [INFO] BlockDiagram:2759 - set Specific Code input for plugin: TIM1_8F3
2025-03-07 13:49:38,078 [INFO] BlockDiagram:2759 - set Specific Code input for plugin: ADC
2025-03-07 13:49:38,078 [INFO] BlockDiagram:2759 - set Specific Code input for plugin: ADC
2025-03-07 13:49:38,078 [INFO] BlockDiagram:2759 - set Specific Code input for plugin: SYS
2025-03-07 13:49:38,078 [INFO] BlockDiagram:2759 - set Specific Code input for plugin: ADC
2025-03-07 13:49:38,078 [INFO] BlockDiagram:2759 - set Specific Code input for plugin: RCC
2025-03-07 13:49:38,078 [INFO] BlockDiagram:2759 - set Specific Code input for plugin: NVIC
2025-03-07 13:49:38,078 [INFO] BlockDiagram:2759 - set Specific Code input for plugin: USART
2025-03-07 13:49:38,078 [INFO] BlockDiagram:2759 - set Specific Code input for plugin: DMA
2025-03-07 13:49:38,078 [INFO] BlockDiagram:2759 - set Specific Code input for plugin: GPIO
2025-03-07 13:49:38,078 [INFO] CodeGenerator:793 - code generatio: config db path: C:\ST\STM32CubeIDE_1.12.1\STM32CubeIDE\plugins\com.st.stm32cube.common.mx_6.8.1.202304191431\\db\
2025-03-07 13:49:38,117 [INFO] Argument:319 - Argument : hdmavalue: null
2025-03-07 13:49:38,117 [INFO] Argument:321 - 	 sub Args: 
2025-03-07 13:49:38,117 [INFO] Argument:319 - Argument : Instancevalue: DMA2_Channel1
2025-03-07 13:49:38,117 [INFO] Argument:329 - Argument : Instancevalue: DMA2_Channel1
2025-03-07 13:49:38,117 [INFO] Argument:319 - Argument : Initvalue: null
2025-03-07 13:49:38,117 [INFO] Argument:321 - 	 sub Args: 
2025-03-07 13:49:38,117 [INFO] Argument:319 - Argument : Directionvalue: DMA_PERIPH_TO_MEMORY
2025-03-07 13:49:38,117 [INFO] Argument:329 - Argument : Directionvalue: DMA_PERIPH_TO_MEMORY
2025-03-07 13:49:38,117 [INFO] Argument:319 - Argument : PeriphIncvalue: DMA_PINC_DISABLE
2025-03-07 13:49:38,117 [INFO] Argument:329 - Argument : PeriphIncvalue: DMA_PINC_DISABLE
2025-03-07 13:49:38,117 [INFO] Argument:319 - Argument : MemIncvalue: DMA_MINC_ENABLE
2025-03-07 13:49:38,117 [INFO] Argument:329 - Argument : MemIncvalue: DMA_MINC_ENABLE
2025-03-07 13:49:38,117 [INFO] Argument:319 - Argument : PeriphDataAlignmentvalue: DMA_PDATAALIGN_HALFWORD
2025-03-07 13:49:38,117 [INFO] Argument:329 - Argument : PeriphDataAlignmentvalue: DMA_PDATAALIGN_HALFWORD
2025-03-07 13:49:38,117 [INFO] Argument:319 - Argument : MemDataAlignmentvalue: DMA_MDATAALIGN_HALFWORD
2025-03-07 13:49:38,117 [INFO] Argument:329 - Argument : MemDataAlignmentvalue: DMA_MDATAALIGN_HALFWORD
2025-03-07 13:49:38,117 [INFO] Argument:319 - Argument : Modevalue: DMA_NORMAL
2025-03-07 13:49:38,117 [INFO] Argument:329 - Argument : Modevalue: DMA_NORMAL
2025-03-07 13:49:38,117 [INFO] Argument:319 - Argument : Priorityvalue: DMA_PRIORITY_LOW
2025-03-07 13:49:38,117 [INFO] Argument:329 - Argument : Priorityvalue: DMA_PRIORITY_LOW
2025-03-07 13:49:38,117 [INFO] Argument:319 - Argument : Lockvalue: null
2025-03-07 13:49:38,117 [INFO] Argument:329 - Argument : Lockvalue: null
2025-03-07 13:49:38,117 [INFO] Argument:319 - Argument : Statevalue: null
2025-03-07 13:49:38,117 [INFO] Argument:329 - Argument : Statevalue: null
2025-03-07 13:49:38,117 [INFO] Argument:319 - Argument : Parentvalue: null
2025-03-07 13:49:38,117 [INFO] Argument:329 - Argument : Parentvalue: null
2025-03-07 13:49:38,117 [INFO] Argument:319 - Argument : XferCpltCallbackvalue: null
2025-03-07 13:49:38,117 [INFO] Argument:329 - Argument : XferCpltCallbackvalue: null
2025-03-07 13:49:38,117 [INFO] Argument:319 - Argument : XferHalfCpltCallbackvalue: null
2025-03-07 13:49:38,117 [INFO] Argument:329 - Argument : XferHalfCpltCallbackvalue: null
2025-03-07 13:49:38,117 [INFO] Argument:319 - Argument : XferErrorCallbackvalue: null
2025-03-07 13:49:38,117 [INFO] Argument:329 - Argument : XferErrorCallbackvalue: null
2025-03-07 13:49:38,117 [INFO] Argument:319 - Argument : ErrorCodevalue: null
2025-03-07 13:49:38,117 [INFO] Argument:329 - Argument : ErrorCodevalue: null
2025-03-07 13:49:38,117 [INFO] Argument:319 - Argument : DMA_Remapvalue: null
2025-03-07 13:49:38,117 [INFO] Argument:329 - Argument : DMA_Remapvalue: null
2025-03-07 13:49:38,125 [INFO] Argument:319 - Argument : hdmavalue: null
2025-03-07 13:49:38,125 [INFO] Argument:321 - 	 sub Args: 
2025-03-07 13:49:38,125 [INFO] Argument:319 - Argument : Instancevalue: DMA2_Channel2
2025-03-07 13:49:38,125 [INFO] Argument:329 - Argument : Instancevalue: DMA2_Channel2
2025-03-07 13:49:38,125 [INFO] Argument:319 - Argument : Initvalue: null
2025-03-07 13:49:38,125 [INFO] Argument:321 - 	 sub Args: 
2025-03-07 13:49:38,125 [INFO] Argument:319 - Argument : Directionvalue: DMA_PERIPH_TO_MEMORY
2025-03-07 13:49:38,125 [INFO] Argument:329 - Argument : Directionvalue: DMA_PERIPH_TO_MEMORY
2025-03-07 13:49:38,125 [INFO] Argument:319 - Argument : PeriphIncvalue: DMA_PINC_DISABLE
2025-03-07 13:49:38,125 [INFO] Argument:329 - Argument : PeriphIncvalue: DMA_PINC_DISABLE
2025-03-07 13:49:38,125 [INFO] Argument:319 - Argument : MemIncvalue: DMA_MINC_ENABLE
2025-03-07 13:49:38,125 [INFO] Argument:329 - Argument : MemIncvalue: DMA_MINC_ENABLE
2025-03-07 13:49:38,125 [INFO] Argument:319 - Argument : PeriphDataAlignmentvalue: DMA_PDATAALIGN_HALFWORD
2025-03-07 13:49:38,125 [INFO] Argument:329 - Argument : PeriphDataAlignmentvalue: DMA_PDATAALIGN_HALFWORD
2025-03-07 13:49:38,125 [INFO] Argument:319 - Argument : MemDataAlignmentvalue: DMA_MDATAALIGN_HALFWORD
2025-03-07 13:49:38,125 [INFO] Argument:329 - Argument : MemDataAlignmentvalue: DMA_MDATAALIGN_HALFWORD
2025-03-07 13:49:38,125 [INFO] Argument:319 - Argument : Modevalue: DMA_NORMAL
2025-03-07 13:49:38,125 [INFO] Argument:329 - Argument : Modevalue: DMA_NORMAL
2025-03-07 13:49:38,125 [INFO] Argument:319 - Argument : Priorityvalue: DMA_PRIORITY_LOW
2025-03-07 13:49:38,125 [INFO] Argument:329 - Argument : Priorityvalue: DMA_PRIORITY_LOW
2025-03-07 13:49:38,125 [INFO] Argument:319 - Argument : Lockvalue: null
2025-03-07 13:49:38,125 [INFO] Argument:329 - Argument : Lockvalue: null
2025-03-07 13:49:38,125 [INFO] Argument:319 - Argument : Statevalue: null
2025-03-07 13:49:38,125 [INFO] Argument:329 - Argument : Statevalue: null
2025-03-07 13:49:38,125 [INFO] Argument:319 - Argument : Parentvalue: null
2025-03-07 13:49:38,125 [INFO] Argument:329 - Argument : Parentvalue: null
2025-03-07 13:49:38,125 [INFO] Argument:319 - Argument : XferCpltCallbackvalue: null
2025-03-07 13:49:38,125 [INFO] Argument:329 - Argument : XferCpltCallbackvalue: null
2025-03-07 13:49:38,125 [INFO] Argument:319 - Argument : XferHalfCpltCallbackvalue: null
2025-03-07 13:49:38,125 [INFO] Argument:329 - Argument : XferHalfCpltCallbackvalue: null
2025-03-07 13:49:38,125 [INFO] Argument:319 - Argument : XferErrorCallbackvalue: null
2025-03-07 13:49:38,125 [INFO] Argument:329 - Argument : XferErrorCallbackvalue: null
2025-03-07 13:49:38,125 [INFO] Argument:319 - Argument : ErrorCodevalue: null
2025-03-07 13:49:38,125 [INFO] Argument:329 - Argument : ErrorCodevalue: null
2025-03-07 13:49:38,125 [INFO] Argument:319 - Argument : DMA_Remapvalue: null
2025-03-07 13:49:38,125 [INFO] Argument:329 - Argument : DMA_Remapvalue: null
2025-03-07 13:49:38,406 [INFO] CodeEngine:255 - oldGeneratedFile, C:\Users\user\Documents\WS24\Schaltungsentwicklung\bsp_project\battery_management1\MXTmpFiles\license.tmp_save
2025-03-07 13:49:38,547 [INFO] CodeEngine:279 - Generated code: C:\Users\user\Documents\WS24\Schaltungsentwicklung\bsp_project\battery_management1\MXTmpFiles\license.tmp
2025-03-07 13:49:38,687 [INFO] CodeEngine:255 - oldGeneratedFile, C:\Users\user\Documents\WS24\Schaltungsentwicklung\bsp_project\battery_management1\MXTmpFiles\gpio.tmp_save
2025-03-07 13:49:38,875 [INFO] CodeEngine:279 - Generated code: C:\Users\user\Documents\WS24\Schaltungsentwicklung\bsp_project\battery_management1\MXTmpFiles\gpio.tmp
2025-03-07 13:49:39,985 [INFO] CodeEngine:255 - oldGeneratedFile, C:\Users\user\Documents\WS24\Schaltungsentwicklung\bsp_project\battery_management1\MXTmpFiles\dma.tmp_save
2025-03-07 13:49:40,063 [INFO] CodeEngine:279 - Generated code: C:\Users\user\Documents\WS24\Schaltungsentwicklung\bsp_project\battery_management1\MXTmpFiles\dma.tmp
2025-03-07 13:49:40,078 [INFO] CodeEngine:255 - oldGeneratedFile, C:\Users\user\Documents\WS24\Schaltungsentwicklung\bsp_project\battery_management1\MXTmpFiles\dma_GV.tmp_save
2025-03-07 13:49:40,156 [INFO] CodeEngine:279 - Generated code: C:\Users\user\Documents\WS24\Schaltungsentwicklung\bsp_project\battery_management1\MXTmpFiles\dma_GV.tmp
2025-03-07 13:49:40,188 [INFO] CodeEngine:255 - oldGeneratedFile, C:\Users\user\Documents\WS24\Schaltungsentwicklung\bsp_project\battery_management1\Core\Src\stm32f3xx_it.c_save
2025-03-07 13:49:40,469 [INFO] CodeEngine:279 - Generated code: C:\Users\user\Documents\WS24\Schaltungsentwicklung\bsp_project\battery_management1\Core\Src\stm32f3xx_it.c
2025-03-07 13:49:40,485 [INFO] CodeEngine:255 - oldGeneratedFile, C:\Users\user\Documents\WS24\Schaltungsentwicklung\bsp_project\battery_management1\Core\Inc\stm32f3xx_it.h_save
2025-03-07 13:49:40,625 [INFO] CodeEngine:279 - Generated code: C:\Users\user\Documents\WS24\Schaltungsentwicklung\bsp_project\battery_management1\Core\Inc\stm32f3xx_it.h
2025-03-07 13:49:40,656 [INFO] CodeEngine:255 - oldGeneratedFile, C:\Users\user\Documents\WS24\Schaltungsentwicklung\bsp_project\battery_management1\Core\Src\stm32f3xx_hal_msp.c_save
2025-03-07 13:49:40,906 [INFO] CodeEngine:279 - Generated code: C:\Users\user\Documents\WS24\Schaltungsentwicklung\bsp_project\battery_management1\Core\Src\stm32f3xx_hal_msp.c
2025-03-07 13:49:40,922 [INFO] CodeEngine:255 - oldGeneratedFile, C:\Users\user\Documents\WS24\Schaltungsentwicklung\bsp_project\battery_management1\MXTmpFiles\system.tmp_save
2025-03-07 13:49:41,031 [INFO] CodeEngine:279 - Generated code: C:\Users\user\Documents\WS24\Schaltungsentwicklung\bsp_project\battery_management1\MXTmpFiles\system.tmp
2025-03-07 13:49:41,063 [INFO] CodeEngine:311 - oldGeneratedFile, C:\Users\user\Documents\WS24\Schaltungsentwicklung\bsp_project\battery_management1\Core\Inc\stm32f3xx_hal_conf.h_save
2025-03-07 13:49:41,203 [INFO] CodeEngine:335 - Generated code: C:\Users\user\Documents\WS24\Schaltungsentwicklung\bsp_project\battery_management1\Core\Inc\stm32f3xx_hal_conf.h
2025-03-07 13:49:41,250 [WARN] IPConfigManager:3431 - IP not found : TIM
2025-03-07 13:49:41,250 [WARN] CodeGenerator:3754 - IP not found : null
2025-03-07 13:49:41,266 [INFO] CodeEngine:255 - oldGeneratedFile, C:\Users\user\Documents\WS24\Schaltungsentwicklung\bsp_project\battery_management1\Core\Inc\main.h_save
2025-03-07 13:49:41,500 [INFO] CodeEngine:279 - Generated code: C:\Users\user\Documents\WS24\Schaltungsentwicklung\bsp_project\battery_management1\Core\Inc\main.h
2025-03-07 13:49:41,500 [INFO] CodeEngine:255 - oldGeneratedFile, C:\Users\user\Documents\WS24\Schaltungsentwicklung\bsp_project\battery_management1\Core\Src\main.c_save
2025-03-07 13:49:41,750 [INFO] CodeEngine:279 - Generated code: C:\Users\user\Documents\WS24\Schaltungsentwicklung\bsp_project\battery_management1\Core\Src\main.c
2025-03-07 13:49:42,829 [INFO] ProjectBuilder:2996 - Time for Copy HAL[1] : 407mS.
2025-03-07 13:49:42,829 [INFO] ProjectBuilder:4304 - Project Generator version: 3.19.2
2025-03-07 13:49:43,454 [INFO] ConfigFileManager:1483 - The Die is : DIE446
2025-03-07 13:49:46,063 [INFO] ProjectBuilder:4505 - Time for Generating toolchain IDE Files: 3234mS.
2025-03-07 13:49:46,063 [INFO] ProjectBuilder:2867 - Time for Copy CMSIS : 0mS.
2025-03-07 13:49:46,079 [INFO] ProjectBuilder:2867 - Time for Copy CMSIS : 0mS.
2025-03-07 13:59:58,572 [INFO] UtilMem:75 - End SaveConfig() Used Memory: 874135792 Bytes (1073741824)
2025-03-07 14:00:01,094 [INFO] UtilMem:75 - End SaveConfig() Used Memory: 898252016 Bytes (1073741824)
2025-03-07 14:00:03,797 [INFO] UtilMem:75 - End SaveConfig() Used Memory: 794926408 Bytes (1073741824)
2025-03-07 14:00:04,750 [INFO] BlockDiagram:2759 - set Specific Code input for plugin: SPI
2025-03-07 14:00:04,750 [INFO] BlockDiagram:2759 - set Specific Code input for plugin: DAC
2025-03-07 14:00:04,750 [INFO] BlockDiagram:2759 - set Specific Code input for plugin: TIM1_8F3
2025-03-07 14:00:04,750 [INFO] BlockDiagram:2759 - set Specific Code input for plugin: ADC
2025-03-07 14:00:04,750 [INFO] BlockDiagram:2759 - set Specific Code input for plugin: ADC
2025-03-07 14:00:04,750 [INFO] BlockDiagram:2759 - set Specific Code input for plugin: SYS
2025-03-07 14:00:04,750 [INFO] BlockDiagram:2759 - set Specific Code input for plugin: ADC
2025-03-07 14:00:04,750 [INFO] BlockDiagram:2759 - set Specific Code input for plugin: RCC
2025-03-07 14:00:04,750 [INFO] BlockDiagram:2759 - set Specific Code input for plugin: NVIC
2025-03-07 14:00:04,750 [INFO] BlockDiagram:2759 - set Specific Code input for plugin: USART
2025-03-07 14:00:04,750 [INFO] BlockDiagram:2759 - set Specific Code input for plugin: DMA
2025-03-07 14:00:04,750 [INFO] BlockDiagram:2759 - set Specific Code input for plugin: GPIO
2025-03-07 14:00:04,750 [INFO] CodeGenerator:793 - code generatio: config db path: C:\ST\STM32CubeIDE_1.12.1\STM32CubeIDE\plugins\com.st.stm32cube.common.mx_6.8.1.202304191431\\db\
2025-03-07 14:00:04,782 [INFO] Argument:319 - Argument : hdmavalue: null
2025-03-07 14:00:04,782 [INFO] Argument:321 - 	 sub Args: 
2025-03-07 14:00:04,782 [INFO] Argument:319 - Argument : Instancevalue: DMA2_Channel1
2025-03-07 14:00:04,782 [INFO] Argument:329 - Argument : Instancevalue: DMA2_Channel1
2025-03-07 14:00:04,782 [INFO] Argument:319 - Argument : Initvalue: null
2025-03-07 14:00:04,782 [INFO] Argument:321 - 	 sub Args: 
2025-03-07 14:00:04,782 [INFO] Argument:319 - Argument : Directionvalue: DMA_PERIPH_TO_MEMORY
2025-03-07 14:00:04,782 [INFO] Argument:329 - Argument : Directionvalue: DMA_PERIPH_TO_MEMORY
2025-03-07 14:00:04,782 [INFO] Argument:319 - Argument : PeriphIncvalue: DMA_PINC_DISABLE
2025-03-07 14:00:04,782 [INFO] Argument:329 - Argument : PeriphIncvalue: DMA_PINC_DISABLE
2025-03-07 14:00:04,782 [INFO] Argument:319 - Argument : MemIncvalue: DMA_MINC_ENABLE
2025-03-07 14:00:04,782 [INFO] Argument:329 - Argument : MemIncvalue: DMA_MINC_ENABLE
2025-03-07 14:00:04,782 [INFO] Argument:319 - Argument : PeriphDataAlignmentvalue: DMA_PDATAALIGN_HALFWORD
2025-03-07 14:00:04,782 [INFO] Argument:329 - Argument : PeriphDataAlignmentvalue: DMA_PDATAALIGN_HALFWORD
2025-03-07 14:00:04,782 [INFO] Argument:319 - Argument : MemDataAlignmentvalue: DMA_MDATAALIGN_HALFWORD
2025-03-07 14:00:04,782 [INFO] Argument:329 - Argument : MemDataAlignmentvalue: DMA_MDATAALIGN_HALFWORD
2025-03-07 14:00:04,782 [INFO] Argument:319 - Argument : Modevalue: DMA_NORMAL
2025-03-07 14:00:04,782 [INFO] Argument:329 - Argument : Modevalue: DMA_NORMAL
2025-03-07 14:00:04,782 [INFO] Argument:319 - Argument : Priorityvalue: DMA_PRIORITY_LOW
2025-03-07 14:00:04,782 [INFO] Argument:329 - Argument : Priorityvalue: DMA_PRIORITY_LOW
2025-03-07 14:00:04,782 [INFO] Argument:319 - Argument : Lockvalue: null
2025-03-07 14:00:04,782 [INFO] Argument:329 - Argument : Lockvalue: null
2025-03-07 14:00:04,782 [INFO] Argument:319 - Argument : Statevalue: null
2025-03-07 14:00:04,782 [INFO] Argument:329 - Argument : Statevalue: null
2025-03-07 14:00:04,782 [INFO] Argument:319 - Argument : Parentvalue: null
2025-03-07 14:00:04,782 [INFO] Argument:329 - Argument : Parentvalue: null
2025-03-07 14:00:04,782 [INFO] Argument:319 - Argument : XferCpltCallbackvalue: null
2025-03-07 14:00:04,782 [INFO] Argument:329 - Argument : XferCpltCallbackvalue: null
2025-03-07 14:00:04,782 [INFO] Argument:319 - Argument : XferHalfCpltCallbackvalue: null
2025-03-07 14:00:04,782 [INFO] Argument:329 - Argument : XferHalfCpltCallbackvalue: null
2025-03-07 14:00:04,782 [INFO] Argument:319 - Argument : XferErrorCallbackvalue: null
2025-03-07 14:00:04,782 [INFO] Argument:329 - Argument : XferErrorCallbackvalue: null
2025-03-07 14:00:04,782 [INFO] Argument:319 - Argument : ErrorCodevalue: null
2025-03-07 14:00:04,782 [INFO] Argument:329 - Argument : ErrorCodevalue: null
2025-03-07 14:00:04,782 [INFO] Argument:319 - Argument : DMA_Remapvalue: null
2025-03-07 14:00:04,782 [INFO] Argument:329 - Argument : DMA_Remapvalue: null
2025-03-07 14:00:04,797 [INFO] Argument:319 - Argument : hdmavalue: null
2025-03-07 14:00:04,797 [INFO] Argument:321 - 	 sub Args: 
2025-03-07 14:00:04,797 [INFO] Argument:319 - Argument : Instancevalue: DMA2_Channel2
2025-03-07 14:00:04,797 [INFO] Argument:329 - Argument : Instancevalue: DMA2_Channel2
2025-03-07 14:00:04,797 [INFO] Argument:319 - Argument : Initvalue: null
2025-03-07 14:00:04,797 [INFO] Argument:321 - 	 sub Args: 
2025-03-07 14:00:04,797 [INFO] Argument:319 - Argument : Directionvalue: DMA_PERIPH_TO_MEMORY
2025-03-07 14:00:04,797 [INFO] Argument:329 - Argument : Directionvalue: DMA_PERIPH_TO_MEMORY
2025-03-07 14:00:04,797 [INFO] Argument:319 - Argument : PeriphIncvalue: DMA_PINC_DISABLE
2025-03-07 14:00:04,797 [INFO] Argument:329 - Argument : PeriphIncvalue: DMA_PINC_DISABLE
2025-03-07 14:00:04,797 [INFO] Argument:319 - Argument : MemIncvalue: DMA_MINC_ENABLE
2025-03-07 14:00:04,797 [INFO] Argument:329 - Argument : MemIncvalue: DMA_MINC_ENABLE
2025-03-07 14:00:04,797 [INFO] Argument:319 - Argument : PeriphDataAlignmentvalue: DMA_PDATAALIGN_HALFWORD
2025-03-07 14:00:04,797 [INFO] Argument:329 - Argument : PeriphDataAlignmentvalue: DMA_PDATAALIGN_HALFWORD
2025-03-07 14:00:04,797 [INFO] Argument:319 - Argument : MemDataAlignmentvalue: DMA_MDATAALIGN_HALFWORD
2025-03-07 14:00:04,797 [INFO] Argument:329 - Argument : MemDataAlignmentvalue: DMA_MDATAALIGN_HALFWORD
2025-03-07 14:00:04,797 [INFO] Argument:319 - Argument : Modevalue: DMA_NORMAL
2025-03-07 14:00:04,797 [INFO] Argument:329 - Argument : Modevalue: DMA_NORMAL
2025-03-07 14:00:04,797 [INFO] Argument:319 - Argument : Priorityvalue: DMA_PRIORITY_LOW
2025-03-07 14:00:04,797 [INFO] Argument:329 - Argument : Priorityvalue: DMA_PRIORITY_LOW
2025-03-07 14:00:04,797 [INFO] Argument:319 - Argument : Lockvalue: null
2025-03-07 14:00:04,797 [INFO] Argument:329 - Argument : Lockvalue: null
2025-03-07 14:00:04,797 [INFO] Argument:319 - Argument : Statevalue: null
2025-03-07 14:00:04,797 [INFO] Argument:329 - Argument : Statevalue: null
2025-03-07 14:00:04,797 [INFO] Argument:319 - Argument : Parentvalue: null
2025-03-07 14:00:04,797 [INFO] Argument:329 - Argument : Parentvalue: null
2025-03-07 14:00:04,797 [INFO] Argument:319 - Argument : XferCpltCallbackvalue: null
2025-03-07 14:00:04,797 [INFO] Argument:329 - Argument : XferCpltCallbackvalue: null
2025-03-07 14:00:04,797 [INFO] Argument:319 - Argument : XferHalfCpltCallbackvalue: null
2025-03-07 14:00:04,797 [INFO] Argument:329 - Argument : XferHalfCpltCallbackvalue: null
2025-03-07 14:00:04,797 [INFO] Argument:319 - Argument : XferErrorCallbackvalue: null
2025-03-07 14:00:04,797 [INFO] Argument:329 - Argument : XferErrorCallbackvalue: null
2025-03-07 14:00:04,797 [INFO] Argument:319 - Argument : ErrorCodevalue: null
2025-03-07 14:00:04,797 [INFO] Argument:329 - Argument : ErrorCodevalue: null
2025-03-07 14:00:04,797 [INFO] Argument:319 - Argument : DMA_Remapvalue: null
2025-03-07 14:00:04,797 [INFO] Argument:329 - Argument : DMA_Remapvalue: null
2025-03-07 14:00:05,110 [INFO] CodeEngine:255 - oldGeneratedFile, C:\Users\user\Documents\WS24\Schaltungsentwicklung\bsp_project\battery_management1\MXTmpFiles\license.tmp_save
2025-03-07 14:00:05,298 [INFO] CodeEngine:279 - Generated code: C:\Users\user\Documents\WS24\Schaltungsentwicklung\bsp_project\battery_management1\MXTmpFiles\license.tmp
2025-03-07 14:00:05,501 [INFO] CodeEngine:255 - oldGeneratedFile, C:\Users\user\Documents\WS24\Schaltungsentwicklung\bsp_project\battery_management1\MXTmpFiles\gpio.tmp_save
2025-03-07 14:00:05,611 [INFO] CodeEngine:279 - Generated code: C:\Users\user\Documents\WS24\Schaltungsentwicklung\bsp_project\battery_management1\MXTmpFiles\gpio.tmp
2025-03-07 14:00:06,548 [INFO] CodeEngine:255 - oldGeneratedFile, C:\Users\user\Documents\WS24\Schaltungsentwicklung\bsp_project\battery_management1\MXTmpFiles\dma.tmp_save
2025-03-07 14:00:06,626 [INFO] CodeEngine:279 - Generated code: C:\Users\user\Documents\WS24\Schaltungsentwicklung\bsp_project\battery_management1\MXTmpFiles\dma.tmp
2025-03-07 14:00:06,626 [INFO] CodeEngine:255 - oldGeneratedFile, C:\Users\user\Documents\WS24\Schaltungsentwicklung\bsp_project\battery_management1\MXTmpFiles\dma_GV.tmp_save
2025-03-07 14:00:06,704 [INFO] CodeEngine:279 - Generated code: C:\Users\user\Documents\WS24\Schaltungsentwicklung\bsp_project\battery_management1\MXTmpFiles\dma_GV.tmp
2025-03-07 14:00:06,736 [INFO] CodeEngine:255 - oldGeneratedFile, C:\Users\user\Documents\WS24\Schaltungsentwicklung\bsp_project\battery_management1\Core\Src\stm32f3xx_it.c_save
2025-03-07 14:00:06,986 [INFO] CodeEngine:279 - Generated code: C:\Users\user\Documents\WS24\Schaltungsentwicklung\bsp_project\battery_management1\Core\Src\stm32f3xx_it.c
2025-03-07 14:00:07,001 [INFO] CodeEngine:255 - oldGeneratedFile, C:\Users\user\Documents\WS24\Schaltungsentwicklung\bsp_project\battery_management1\Core\Inc\stm32f3xx_it.h_save
2025-03-07 14:00:07,126 [INFO] CodeEngine:279 - Generated code: C:\Users\user\Documents\WS24\Schaltungsentwicklung\bsp_project\battery_management1\Core\Inc\stm32f3xx_it.h
2025-03-07 14:00:07,158 [INFO] CodeEngine:255 - oldGeneratedFile, C:\Users\user\Documents\WS24\Schaltungsentwicklung\bsp_project\battery_management1\Core\Src\stm32f3xx_hal_msp.c_save
2025-03-07 14:00:07,376 [INFO] CodeEngine:279 - Generated code: C:\Users\user\Documents\WS24\Schaltungsentwicklung\bsp_project\battery_management1\Core\Src\stm32f3xx_hal_msp.c
2025-03-07 14:00:07,376 [INFO] CodeEngine:255 - oldGeneratedFile, C:\Users\user\Documents\WS24\Schaltungsentwicklung\bsp_project\battery_management1\MXTmpFiles\system.tmp_save
2025-03-07 14:00:07,517 [INFO] CodeEngine:279 - Generated code: C:\Users\user\Documents\WS24\Schaltungsentwicklung\bsp_project\battery_management1\MXTmpFiles\system.tmp
2025-03-07 14:00:07,533 [INFO] CodeEngine:311 - oldGeneratedFile, C:\Users\user\Documents\WS24\Schaltungsentwicklung\bsp_project\battery_management1\Core\Inc\stm32f3xx_hal_conf.h_save
2025-03-07 14:00:07,658 [INFO] CodeEngine:335 - Generated code: C:\Users\user\Documents\WS24\Schaltungsentwicklung\bsp_project\battery_management1\Core\Inc\stm32f3xx_hal_conf.h
2025-03-07 14:00:07,689 [WARN] IPConfigManager:3431 - IP not found : TIM
2025-03-07 14:00:07,689 [WARN] CodeGenerator:3754 - IP not found : null
2025-03-07 14:00:07,705 [INFO] CodeEngine:255 - oldGeneratedFile, C:\Users\user\Documents\WS24\Schaltungsentwicklung\bsp_project\battery_management1\Core\Inc\main.h_save
2025-03-07 14:00:07,908 [INFO] CodeEngine:279 - Generated code: C:\Users\user\Documents\WS24\Schaltungsentwicklung\bsp_project\battery_management1\Core\Inc\main.h
2025-03-07 14:00:07,924 [INFO] CodeEngine:255 - oldGeneratedFile, C:\Users\user\Documents\WS24\Schaltungsentwicklung\bsp_project\battery_management1\Core\Src\main.c_save
2025-03-07 14:00:08,158 [INFO] CodeEngine:279 - Generated code: C:\Users\user\Documents\WS24\Schaltungsentwicklung\bsp_project\battery_management1\Core\Src\main.c
2025-03-07 14:00:09,158 [INFO] ProjectBuilder:2996 - Time for Copy HAL[1] : 406mS.
2025-03-07 14:00:09,158 [INFO] ProjectBuilder:4304 - Project Generator version: 3.19.2
2025-03-07 14:00:09,830 [INFO] ConfigFileManager:1483 - The Die is : DIE446
2025-03-07 14:00:13,018 [INFO] ProjectBuilder:4505 - Time for Generating toolchain IDE Files: 3860mS.
2025-03-07 14:00:13,018 [INFO] ProjectBuilder:2867 - Time for Copy CMSIS : 0mS.
2025-03-07 14:00:13,018 [INFO] ProjectBuilder:2867 - Time for Copy CMSIS : 0mS.
2025-03-07 16:21:47,650 [INFO] ADCParametersView:116 -                SequencerNbRanks 1 : true
2025-03-07 16:21:47,650 [INFO] ADCParametersView:116 -                Rank 1 : false
2025-03-07 16:21:47,651 [INFO] ADCParametersView:116 -                SequencerNbRanks 1 : true
2025-03-07 16:21:47,651 [INFO] ADCParametersView:116 -                Rank 1 : false
2025-03-07 16:21:47,651 [INFO] ADCParametersView:116 -                SequencerNbRanks 1 : true
2025-03-07 16:21:47,651 [INFO] ADCParametersView:116 -                Rank 1 : false
2025-03-07 16:21:47,652 [INFO] ADCParametersView:116 -                SequencerNbRanks 1 : true
2025-03-07 16:21:47,652 [INFO] ADCParametersView:116 -                Rank 1 : false
2025-03-07 16:21:47,652 [INFO] ADCParametersView:116 -                SequencerNbRanks 1 : true
2025-03-07 16:21:47,652 [INFO] ADCParametersView:116 -                Rank 1 : false
2025-03-07 16:21:47,652 [INFO] ADCParametersView:116 -                SequencerNbRanks 1 : true
2025-03-07 16:21:47,652 [INFO] ADCParametersView:116 -                Rank 1 : false
2025-03-07 16:21:47,652 [INFO] ADCParametersView:116 -                SequencerNbRanks 1 : true
2025-03-07 16:21:47,652 [INFO] ADCParametersView:116 -                Rank 1 : false
2025-03-07 16:21:47,653 [INFO] ADCParametersView:116 -                SequencerNbRanks 1 : true
2025-03-07 16:21:47,653 [INFO] ADCParametersView:116 -                Rank 1 : false
2025-03-07 16:21:47,653 [INFO] ADCParametersView:116 -                SequencerNbRanks 1 : true
2025-03-07 16:21:47,653 [INFO] ADCParametersView:116 -                Rank 1 : false
2025-03-07 16:21:47,653 [INFO] ADCParametersView:116 -                SequencerNbRanks 1 : true
2025-03-07 16:21:47,653 [INFO] ADCParametersView:116 -                Rank 1 : false
2025-03-07 16:21:47,653 [INFO] ADCParametersView:116 -                SequencerNbRanks 1 : true
2025-03-07 16:21:47,653 [INFO] ADCParametersView:116 -                Rank 1 : false
2025-03-07 16:21:47,653 [INFO] ADCParametersView:116 -                SequencerNbRanks 1 : true
2025-03-07 16:21:47,653 [INFO] ADCParametersView:116 -                Rank 1 : false
2025-03-07 16:21:47,654 [INFO] ADCParametersView:116 -                SequencerNbRanks 1 : true
2025-03-07 16:21:47,654 [INFO] ADCParametersView:116 -                Rank 1 : false
2025-03-07 16:21:47,655 [INFO] ADCParametersView:116 -                SequencerNbRanks 1 : true
2025-03-07 16:21:47,655 [INFO] ADCParametersView:116 -                Rank 1 : false
2025-03-07 16:21:47,655 [INFO] ADCParametersView:116 -                SequencerNbRanks 1 : true
2025-03-07 16:21:47,655 [INFO] ADCParametersView:116 -                Rank 1 : false
2025-03-07 16:21:47,655 [INFO] ADCParametersView:116 -                Rank 1 : false
2025-03-07 16:21:47,655 [INFO] ADCParametersView:116 -                Rank 1 : false
2025-03-07 16:21:47,655 [INFO] ADCParametersView:116 -                Rank 1 : false
2025-03-07 16:21:47,656 [INFO] ADCParametersView:116 -                Rank 1 : false
2025-03-07 16:21:47,656 [INFO] ADCParametersView:116 -                Rank 1 : false
2025-03-07 16:21:47,656 [INFO] ADCParametersView:116 -                Rank 1 : false
2025-03-07 16:21:47,739 [INFO] ADCParametersView:116 -                SequencerNbRanks 1 : true
2025-03-07 16:21:47,739 [INFO] ADCParametersView:116 -                SequencerNbRanks 1 : true
2025-03-07 16:21:47,741 [INFO] ADCParametersView:116 -                SequencerNbRanks 1 : true
2025-03-07 16:21:47,741 [INFO] ADCParametersView:116 -                SequencerNbRanks 1 : true
2025-03-07 16:21:47,741 [INFO] ADCParametersView:116 -                SequencerNbRanks 1 : true
2025-03-07 16:21:47,741 [INFO] ADCParametersView:116 -                SequencerNbRanks 1 : true
2025-03-07 16:21:47,742 [INFO] ADCParametersView:116 -                SequencerNbRanks 1 : true
2025-03-07 16:21:47,742 [INFO] ADCParametersView:116 -                Rank 1 : false
2025-03-07 16:21:47,840 [INFO] ADCParametersView:116 -                SequencerNbRanks 1 : true
2025-03-07 16:21:47,841 [INFO] ADCParametersView:116 -                Rank 1 : false
2025-03-07 16:21:47,841 [INFO] ADCParametersView:116 -                SequencerNbRanks 1 : true
2025-03-07 16:21:47,842 [INFO] ADCParametersView:116 -                Rank 1 : false
2025-03-07 16:21:47,842 [INFO] ADCParametersView:116 -                SequencerNbRanks 1 : true
2025-03-07 16:21:47,842 [INFO] ADCParametersView:116 -                Rank 1 : false
2025-03-07 16:21:47,842 [INFO] ADCParametersView:116 -                SequencerNbRanks 1 : true
2025-03-07 16:21:47,842 [INFO] ADCParametersView:116 -                Rank 1 : false
2025-03-07 16:21:47,842 [INFO] ADCParametersView:116 -                SequencerNbRanks 1 : true
2025-03-07 16:21:47,842 [INFO] ADCParametersView:116 -                Rank 1 : false
2025-03-07 16:21:47,842 [INFO] ADCParametersView:116 -                SequencerNbRanks 1 : true
2025-03-07 16:21:47,842 [INFO] ADCParametersView:116 -                Rank 1 : false
2025-03-07 16:21:47,843 [INFO] ADCParametersView:116 -                SequencerNbRanks 1 : true
2025-03-07 16:21:47,843 [INFO] ADCParametersView:116 -                Rank 1 : false
2025-03-07 16:21:47,843 [INFO] ADCParametersView:116 -                SequencerNbRanks 1 : true
2025-03-07 16:21:47,843 [INFO] ADCParametersView:116 -                Rank 1 : false
2025-03-07 16:21:47,843 [INFO] ADCParametersView:116 -                SequencerNbRanks 1 : true
2025-03-07 16:21:47,843 [INFO] ADCParametersView:116 -                Rank 1 : false
2025-03-07 16:21:47,843 [INFO] ADCParametersView:116 -                SequencerNbRanks 1 : true
2025-03-07 16:21:47,843 [INFO] ADCParametersView:116 -                Rank 1 : false
2025-03-07 16:21:47,843 [INFO] ADCParametersView:116 -                SequencerNbRanks 1 : true
2025-03-07 16:21:47,843 [INFO] ADCParametersView:116 -                Rank 1 : false
2025-03-07 16:21:47,843 [INFO] ADCParametersView:116 -                SequencerNbRanks 1 : true
2025-03-07 16:21:47,843 [INFO] ADCParametersView:116 -                Rank 1 : false
2025-03-07 16:21:47,844 [INFO] ADCParametersView:116 -                SequencerNbRanks 1 : true
2025-03-07 16:21:47,844 [INFO] ADCParametersView:116 -                Rank 1 : false
2025-03-07 16:21:47,844 [INFO] ADCParametersView:116 -                SequencerNbRanks 1 : true
2025-03-07 16:21:47,844 [INFO] ADCParametersView:116 -                Rank 1 : false
2025-03-07 16:21:47,844 [INFO] ADCParametersView:116 -                SequencerNbRanks 1 : true
2025-03-07 16:21:47,844 [INFO] ADCParametersView:116 -                Rank 1 : false
2025-03-07 16:21:47,844 [INFO] ADCParametersView:116 -                Rank 1 : false
2025-03-07 16:21:47,844 [INFO] ADCParametersView:116 -                Rank 1 : false
2025-03-07 16:21:47,844 [INFO] ADCParametersView:116 -                Rank 1 : false
2025-03-07 16:21:47,844 [INFO] ADCParametersView:116 -                Rank 1 : false
2025-03-07 16:21:47,844 [INFO] ADCParametersView:116 -                Rank 1 : false
2025-03-07 16:21:47,844 [INFO] ADCParametersView:116 -                Rank 1 : false
2025-03-07 16:21:47,908 [INFO] ADCParametersView:116 -                SequencerNbRanks 1 : true
2025-03-07 16:21:47,908 [INFO] ADCParametersView:116 -                SequencerNbRanks 1 : true
2025-03-07 16:21:47,910 [INFO] ADCParametersView:116 -                SequencerNbRanks 1 : true
2025-03-07 16:21:47,910 [INFO] ADCParametersView:116 -                SequencerNbRanks 1 : true
2025-03-07 16:21:47,910 [INFO] ADCParametersView:116 -                SequencerNbRanks 1 : true
2025-03-07 16:21:47,910 [INFO] ADCParametersView:116 -                SequencerNbRanks 1 : true
2025-03-07 16:21:47,912 [INFO] ADCParametersView:116 -                SequencerNbRanks 1 : true
2025-03-07 16:21:47,912 [INFO] ADCParametersView:116 -                Rank 1 : false
2025-03-07 16:22:10,887 [INFO] ADCParametersView:116 -                SequencerNbRanks 1 : true
2025-03-07 16:22:10,887 [INFO] ADCParametersView:116 -                Rank 1 : false
2025-03-07 16:22:10,888 [INFO] ADCParametersView:116 -                SequencerNbRanks 1 : true
2025-03-07 16:22:10,888 [INFO] ADCParametersView:116 -                Rank 1 : false
2025-03-07 16:22:10,888 [INFO] ADCParametersView:116 -                SequencerNbRanks 1 : true
2025-03-07 16:22:10,888 [INFO] ADCParametersView:116 -                Rank 1 : false
2025-03-07 16:22:10,888 [INFO] ADCParametersView:116 -                SequencerNbRanks 1 : true
2025-03-07 16:22:10,889 [INFO] ADCParametersView:116 -                Rank 1 : false
2025-03-07 16:22:10,889 [INFO] ADCParametersView:116 -                SequencerNbRanks 1 : true
2025-03-07 16:22:10,889 [INFO] ADCParametersView:116 -                Rank 1 : false
2025-03-07 16:22:10,889 [INFO] ADCParametersView:116 -                SequencerNbRanks 1 : true
2025-03-07 16:22:10,889 [INFO] ADCParametersView:116 -                Rank 1 : false
2025-03-07 16:22:10,889 [INFO] ADCParametersView:116 -                SequencerNbRanks 1 : true
2025-03-07 16:22:10,889 [INFO] ADCParametersView:116 -                Rank 1 : false
2025-03-07 16:22:10,890 [INFO] ADCParametersView:116 -                SequencerNbRanks 1 : true
2025-03-07 16:22:10,890 [INFO] ADCParametersView:116 -                Rank 1 : false
2025-03-07 16:22:10,890 [INFO] ADCParametersView:116 -                SequencerNbRanks 1 : true
2025-03-07 16:22:10,890 [INFO] ADCParametersView:116 -                Rank 1 : false
2025-03-07 16:22:10,890 [INFO] ADCParametersView:116 -                SequencerNbRanks 1 : true
2025-03-07 16:22:10,890 [INFO] ADCParametersView:116 -                Rank 1 : false
2025-03-07 16:22:10,890 [INFO] ADCParametersView:116 -                SequencerNbRanks 1 : true
2025-03-07 16:22:10,890 [INFO] ADCParametersView:116 -                Rank 1 : false
2025-03-07 16:22:10,890 [INFO] ADCParametersView:116 -                SequencerNbRanks 1 : true
2025-03-07 16:22:10,890 [INFO] ADCParametersView:116 -                Rank 1 : false
2025-03-07 16:22:10,890 [INFO] ADCParametersView:116 -                SequencerNbRanks 1 : true
2025-03-07 16:22:10,890 [INFO] ADCParametersView:116 -                Rank 1 : false
2025-03-07 16:22:10,891 [INFO] ADCParametersView:116 -                SequencerNbRanks 1 : true
2025-03-07 16:22:10,891 [INFO] ADCParametersView:116 -                Rank 1 : false
2025-03-07 16:22:10,891 [INFO] ADCParametersView:116 -                SequencerNbRanks 1 : true
2025-03-07 16:22:10,891 [INFO] ADCParametersView:116 -                Rank 1 : false
2025-03-07 16:22:10,891 [INFO] ADCParametersView:116 -                Rank 1 : false
2025-03-07 16:22:10,891 [INFO] ADCParametersView:116 -                Rank 1 : false
2025-03-07 16:22:10,891 [INFO] ADCParametersView:116 -                Rank 1 : false
2025-03-07 16:22:10,891 [INFO] ADCParametersView:116 -                Rank 1 : false
2025-03-07 16:22:10,891 [INFO] ADCParametersView:116 -                Rank 1 : false
2025-03-07 16:22:10,892 [INFO] ADCParametersView:116 -                Rank 1 : false
2025-03-07 16:22:10,950 [INFO] ADCParametersView:116 -                SequencerNbRanks 1 : true
2025-03-07 16:22:10,950 [INFO] ADCParametersView:116 -                SequencerNbRanks 1 : true
2025-03-07 16:22:10,951 [INFO] ADCParametersView:116 -                SequencerNbRanks 1 : true
2025-03-07 16:22:10,951 [INFO] ADCParametersView:116 -                SequencerNbRanks 1 : true
2025-03-07 16:22:10,951 [INFO] ADCParametersView:116 -                SequencerNbRanks 1 : true
2025-03-07 16:22:10,951 [INFO] ADCParametersView:116 -                SequencerNbRanks 1 : true
2025-03-07 16:22:10,952 [INFO] ADCParametersView:116 -                SequencerNbRanks 1 : true
2025-03-07 16:22:10,952 [INFO] ADCParametersView:116 -                Rank 1 : false
2025-03-07 16:22:11,060 [INFO] ADCParametersView:116 -                SequencerNbRanks 1 : true
2025-03-07 16:22:11,061 [INFO] ADCParametersView:116 -                Rank 1 : false
2025-03-07 16:22:11,063 [INFO] ADCParametersView:116 -                SequencerNbRanks 1 : true
2025-03-07 16:22:11,063 [INFO] ADCParametersView:116 -                Rank 1 : false
2025-03-07 16:22:11,063 [INFO] ADCParametersView:116 -                SequencerNbRanks 1 : true
2025-03-07 16:22:11,063 [INFO] ADCParametersView:116 -                Rank 1 : false
2025-03-07 16:22:11,063 [INFO] ADCParametersView:116 -                SequencerNbRanks 1 : true
2025-03-07 16:22:11,063 [INFO] ADCParametersView:116 -                Rank 1 : false
2025-03-07 16:22:11,063 [INFO] ADCParametersView:116 -                SequencerNbRanks 1 : true
2025-03-07 16:22:11,064 [INFO] ADCParametersView:116 -                Rank 1 : false
2025-03-07 16:22:11,064 [INFO] ADCParametersView:116 -                SequencerNbRanks 1 : true
2025-03-07 16:22:11,064 [INFO] ADCParametersView:116 -                Rank 1 : false
2025-03-07 16:22:11,065 [INFO] ADCParametersView:116 -                SequencerNbRanks 1 : true
2025-03-07 16:22:11,065 [INFO] ADCParametersView:116 -                Rank 1 : false
2025-03-07 16:22:11,065 [INFO] ADCParametersView:116 -                SequencerNbRanks 1 : true
2025-03-07 16:22:11,065 [INFO] ADCParametersView:116 -                Rank 1 : false
2025-03-07 16:22:11,065 [INFO] ADCParametersView:116 -                SequencerNbRanks 1 : true
2025-03-07 16:22:11,065 [INFO] ADCParametersView:116 -                Rank 1 : false
2025-03-07 16:22:11,066 [INFO] ADCParametersView:116 -                SequencerNbRanks 1 : true
2025-03-07 16:22:11,066 [INFO] ADCParametersView:116 -                Rank 1 : false
2025-03-07 16:22:11,066 [INFO] ADCParametersView:116 -                SequencerNbRanks 1 : true
2025-03-07 16:22:11,066 [INFO] ADCParametersView:116 -                Rank 1 : false
2025-03-07 16:22:11,066 [INFO] ADCParametersView:116 -                SequencerNbRanks 1 : true
2025-03-07 16:22:11,066 [INFO] ADCParametersView:116 -                Rank 1 : false
2025-03-07 16:22:11,066 [INFO] ADCParametersView:116 -                SequencerNbRanks 1 : true
2025-03-07 16:22:11,067 [INFO] ADCParametersView:116 -                Rank 1 : false
2025-03-07 16:22:11,067 [INFO] ADCParametersView:116 -                SequencerNbRanks 1 : true
2025-03-07 16:22:11,067 [INFO] ADCParametersView:116 -                Rank 1 : false
2025-03-07 16:22:11,067 [INFO] ADCParametersView:116 -                SequencerNbRanks 1 : true
2025-03-07 16:22:11,067 [INFO] ADCParametersView:116 -                Rank 1 : false
2025-03-07 16:22:11,067 [INFO] ADCParametersView:116 -                Rank 1 : false
2025-03-07 16:22:11,067 [INFO] ADCParametersView:116 -                Rank 1 : false
2025-03-07 16:22:11,067 [INFO] ADCParametersView:116 -                Rank 1 : false
2025-03-07 16:22:11,067 [INFO] ADCParametersView:116 -                Rank 1 : false
2025-03-07 16:22:11,067 [INFO] ADCParametersView:116 -                Rank 1 : false
2025-03-07 16:22:11,068 [INFO] ADCParametersView:116 -                Rank 1 : false
2025-03-07 16:22:11,134 [INFO] ADCParametersView:116 -                SequencerNbRanks 1 : true
2025-03-07 16:22:11,134 [INFO] ADCParametersView:116 -                SequencerNbRanks 1 : true
2025-03-07 16:22:11,135 [INFO] ADCParametersView:116 -                SequencerNbRanks 1 : true
2025-03-07 16:22:11,135 [INFO] ADCParametersView:116 -                SequencerNbRanks 1 : true
2025-03-07 16:22:11,136 [INFO] ADCParametersView:116 -                SequencerNbRanks 1 : true
2025-03-07 16:22:11,136 [INFO] ADCParametersView:116 -                SequencerNbRanks 1 : true
2025-03-07 16:22:11,136 [INFO] ADCParametersView:116 -                SequencerNbRanks 1 : true
2025-03-07 16:22:11,137 [INFO] ADCParametersView:116 -                Rank 1 : false
2025-03-07 16:22:12,013 [INFO] ADCParametersView:116 -                SequencerNbRanks 1 : true
2025-03-07 16:22:12,013 [INFO] ADCParametersView:116 -                Rank 1 : false
2025-03-07 16:22:12,015 [INFO] ADCParametersView:116 -                SequencerNbRanks 1 : true
2025-03-07 16:22:12,015 [INFO] ADCParametersView:116 -                Rank 1 : false
2025-03-07 16:22:12,015 [INFO] ADCParametersView:116 -                SequencerNbRanks 1 : true
2025-03-07 16:22:12,015 [INFO] ADCParametersView:116 -                Rank 1 : false
2025-03-07 16:22:12,016 [INFO] ADCParametersView:116 -                SequencerNbRanks 1 : true
2025-03-07 16:22:12,016 [INFO] ADCParametersView:116 -                Rank 1 : false
2025-03-07 16:22:12,016 [INFO] ADCParametersView:116 -                SequencerNbRanks 1 : true
2025-03-07 16:22:12,016 [INFO] ADCParametersView:116 -                Rank 1 : false
2025-03-07 16:22:12,016 [INFO] ADCParametersView:116 -                SequencerNbRanks 1 : true
2025-03-07 16:22:12,016 [INFO] ADCParametersView:116 -                Rank 1 : false
2025-03-07 16:22:12,016 [INFO] ADCParametersView:116 -                SequencerNbRanks 1 : true
2025-03-07 16:22:12,016 [INFO] ADCParametersView:116 -                Rank 1 : false
2025-03-07 16:22:12,016 [INFO] ADCParametersView:116 -                SequencerNbRanks 1 : true
2025-03-07 16:22:12,016 [INFO] ADCParametersView:116 -                Rank 1 : false
2025-03-07 16:22:12,017 [INFO] ADCParametersView:116 -                SequencerNbRanks 1 : true
2025-03-07 16:22:12,017 [INFO] ADCParametersView:116 -                Rank 1 : false
2025-03-07 16:22:12,017 [INFO] ADCParametersView:116 -                SequencerNbRanks 1 : true
2025-03-07 16:22:12,017 [INFO] ADCParametersView:116 -                Rank 1 : false
2025-03-07 16:22:12,017 [INFO] ADCParametersView:116 -                SequencerNbRanks 1 : true
2025-03-07 16:22:12,017 [INFO] ADCParametersView:116 -                Rank 1 : false
2025-03-07 16:22:12,017 [INFO] ADCParametersView:116 -                SequencerNbRanks 1 : true
2025-03-07 16:22:12,017 [INFO] ADCParametersView:116 -                Rank 1 : false
2025-03-07 16:22:12,017 [INFO] ADCParametersView:116 -                SequencerNbRanks 1 : true
2025-03-07 16:22:12,017 [INFO] ADCParametersView:116 -                Rank 1 : false
2025-03-07 16:22:12,017 [INFO] ADCParametersView:116 -                SequencerNbRanks 1 : true
2025-03-07 16:22:12,018 [INFO] ADCParametersView:116 -                Rank 1 : false
2025-03-07 16:22:12,018 [INFO] ADCParametersView:116 -                SequencerNbRanks 1 : true
2025-03-07 16:22:12,018 [INFO] ADCParametersView:116 -                Rank 1 : false
2025-03-07 16:22:12,018 [INFO] ADCParametersView:116 -                Rank 1 : false
2025-03-07 16:22:12,018 [INFO] ADCParametersView:116 -                Rank 1 : false
2025-03-07 16:22:12,018 [INFO] ADCParametersView:116 -                Rank 1 : false
2025-03-07 16:22:12,018 [INFO] ADCParametersView:116 -                Rank 1 : false
2025-03-07 16:22:12,018 [INFO] ADCParametersView:116 -                Rank 1 : false
2025-03-07 16:22:12,018 [INFO] ADCParametersView:116 -                Rank 1 : false
2025-03-07 16:22:12,111 [INFO] ADCParametersView:116 -                SequencerNbRanks 1 : true
2025-03-07 16:22:12,112 [INFO] ADCParametersView:116 -                SequencerNbRanks 1 : true
2025-03-07 16:22:12,113 [INFO] ADCParametersView:116 -                SequencerNbRanks 1 : true
2025-03-07 16:22:12,113 [INFO] ADCParametersView:116 -                SequencerNbRanks 1 : true
2025-03-07 16:22:12,114 [INFO] ADCParametersView:116 -                SequencerNbRanks 1 : true
2025-03-07 16:22:12,114 [INFO] ADCParametersView:116 -                SequencerNbRanks 1 : true
2025-03-07 16:22:12,115 [INFO] ADCParametersView:116 -                SequencerNbRanks 1 : true
2025-03-07 16:22:12,115 [INFO] ADCParametersView:116 -                Rank 1 : false
2025-03-07 16:22:12,235 [INFO] ADCParametersView:116 -                SequencerNbRanks 1 : true
2025-03-07 16:22:12,236 [INFO] ADCParametersView:116 -                Rank 1 : false
2025-03-07 16:22:12,237 [INFO] ADCParametersView:116 -                SequencerNbRanks 1 : true
2025-03-07 16:22:12,237 [INFO] ADCParametersView:116 -                Rank 1 : false
2025-03-07 16:22:12,238 [INFO] ADCParametersView:116 -                SequencerNbRanks 1 : true
2025-03-07 16:22:12,238 [INFO] ADCParametersView:116 -                Rank 1 : false
2025-03-07 16:22:12,238 [INFO] ADCParametersView:116 -                SequencerNbRanks 1 : true
2025-03-07 16:22:12,238 [INFO] ADCParametersView:116 -                Rank 1 : false
2025-03-07 16:22:12,238 [INFO] ADCParametersView:116 -                SequencerNbRanks 1 : true
2025-03-07 16:22:12,238 [INFO] ADCParametersView:116 -                Rank 1 : false
2025-03-07 16:22:12,238 [INFO] ADCParametersView:116 -                SequencerNbRanks 1 : true
2025-03-07 16:22:12,238 [INFO] ADCParametersView:116 -                Rank 1 : false
2025-03-07 16:22:12,239 [INFO] ADCParametersView:116 -                SequencerNbRanks 1 : true
2025-03-07 16:22:12,239 [INFO] ADCParametersView:116 -                Rank 1 : false
2025-03-07 16:22:12,239 [INFO] ADCParametersView:116 -                SequencerNbRanks 1 : true
2025-03-07 16:22:12,239 [INFO] ADCParametersView:116 -                Rank 1 : false
2025-03-07 16:22:12,239 [INFO] ADCParametersView:116 -                SequencerNbRanks 1 : true
2025-03-07 16:22:12,239 [INFO] ADCParametersView:116 -                Rank 1 : false
2025-03-07 16:22:12,239 [INFO] ADCParametersView:116 -                SequencerNbRanks 1 : true
2025-03-07 16:22:12,239 [INFO] ADCParametersView:116 -                Rank 1 : false
2025-03-07 16:22:12,239 [INFO] ADCParametersView:116 -                SequencerNbRanks 1 : true
2025-03-07 16:22:12,240 [INFO] ADCParametersView:116 -                Rank 1 : false
2025-03-07 16:22:12,240 [INFO] ADCParametersView:116 -                SequencerNbRanks 1 : true
2025-03-07 16:22:12,240 [INFO] ADCParametersView:116 -                Rank 1 : false
2025-03-07 16:22:12,240 [INFO] ADCParametersView:116 -                SequencerNbRanks 1 : true
2025-03-07 16:22:12,240 [INFO] ADCParametersView:116 -                Rank 1 : false
2025-03-07 16:22:12,240 [INFO] ADCParametersView:116 -                SequencerNbRanks 1 : true
2025-03-07 16:22:12,240 [INFO] ADCParametersView:116 -                Rank 1 : false
2025-03-07 16:22:12,241 [INFO] ADCParametersView:116 -                SequencerNbRanks 1 : true
2025-03-07 16:22:12,241 [INFO] ADCParametersView:116 -                Rank 1 : false
2025-03-07 16:22:12,241 [INFO] ADCParametersView:116 -                Rank 1 : false
2025-03-07 16:22:12,241 [INFO] ADCParametersView:116 -                Rank 1 : false
2025-03-07 16:22:12,241 [INFO] ADCParametersView:116 -                Rank 1 : false
2025-03-07 16:22:12,241 [INFO] ADCParametersView:116 -                Rank 1 : false
2025-03-07 16:22:12,241 [INFO] ADCParametersView:116 -                Rank 1 : false
2025-03-07 16:22:12,241 [INFO] ADCParametersView:116 -                Rank 1 : false
2025-03-07 16:22:12,327 [INFO] ADCParametersView:116 -                SequencerNbRanks 1 : true
2025-03-07 16:22:12,327 [INFO] ADCParametersView:116 -                SequencerNbRanks 1 : true
2025-03-07 16:22:12,328 [INFO] ADCParametersView:116 -                SequencerNbRanks 1 : true
2025-03-07 16:22:12,329 [INFO] ADCParametersView:116 -                SequencerNbRanks 1 : true
2025-03-07 16:22:12,329 [INFO] ADCParametersView:116 -                SequencerNbRanks 1 : true
2025-03-07 16:22:12,329 [INFO] ADCParametersView:116 -                SequencerNbRanks 1 : true
2025-03-07 16:22:12,330 [INFO] ADCParametersView:116 -                SequencerNbRanks 1 : true
2025-03-07 16:22:12,330 [INFO] ADCParametersView:116 -                Rank 1 : false
2025-03-07 16:22:42,973 [INFO] NvicIntPanel:101 - NVIC parent = com.st.microxplorer.plugins.ip.nvic.MultiNvicIntPanel[,0,0,0x0,invalid,layout=javax.swing.BoxLayout,alignmentX=0.0,alignmentY=0.0,border=,flags=9,maximumSize=,minimumSize=,preferredSize=]
2025-03-07 16:22:43,057 [INFO] ADCParametersView:116 -                SequencerNbRanks 1 : true
2025-03-07 16:22:43,057 [INFO] ADCParametersView:116 -                Rank 1 : false
2025-03-07 16:22:43,059 [INFO] ADCParametersView:116 -                SequencerNbRanks 1 : true
2025-03-07 16:22:43,059 [INFO] ADCParametersView:116 -                Rank 1 : false
2025-03-07 16:22:43,060 [INFO] ADCParametersView:116 -                SequencerNbRanks 1 : true
2025-03-07 16:22:43,060 [INFO] ADCParametersView:116 -                Rank 1 : false
2025-03-07 16:22:43,060 [INFO] ADCParametersView:116 -                SequencerNbRanks 1 : true
2025-03-07 16:22:43,060 [INFO] ADCParametersView:116 -                Rank 1 : false
2025-03-07 16:22:43,060 [INFO] ADCParametersView:116 -                SequencerNbRanks 1 : true
2025-03-07 16:22:43,060 [INFO] ADCParametersView:116 -                Rank 1 : false
2025-03-07 16:22:43,060 [INFO] ADCParametersView:116 -                SequencerNbRanks 1 : true
2025-03-07 16:22:43,060 [INFO] ADCParametersView:116 -                Rank 1 : false
2025-03-07 16:22:43,061 [INFO] ADCParametersView:116 -                SequencerNbRanks 1 : true
2025-03-07 16:22:43,061 [INFO] ADCParametersView:116 -                Rank 1 : false
2025-03-07 16:22:43,061 [INFO] ADCParametersView:116 -                SequencerNbRanks 1 : true
2025-03-07 16:22:43,061 [INFO] ADCParametersView:116 -                Rank 1 : false
2025-03-07 16:22:43,061 [INFO] ADCParametersView:116 -                SequencerNbRanks 1 : true
2025-03-07 16:22:43,061 [INFO] ADCParametersView:116 -                Rank 1 : false
2025-03-07 16:22:43,062 [INFO] ADCParametersView:116 -                SequencerNbRanks 1 : true
2025-03-07 16:22:43,062 [INFO] ADCParametersView:116 -                Rank 1 : false
2025-03-07 16:22:43,062 [INFO] ADCParametersView:116 -                SequencerNbRanks 1 : true
2025-03-07 16:22:43,062 [INFO] ADCParametersView:116 -                Rank 1 : false
2025-03-07 16:22:43,062 [INFO] ADCParametersView:116 -                SequencerNbRanks 1 : true
2025-03-07 16:22:43,062 [INFO] ADCParametersView:116 -                Rank 1 : false
2025-03-07 16:22:43,062 [INFO] ADCParametersView:116 -                SequencerNbRanks 1 : true
2025-03-07 16:22:43,062 [INFO] ADCParametersView:116 -                Rank 1 : false
2025-03-07 16:22:43,062 [INFO] ADCParametersView:116 -                SequencerNbRanks 1 : true
2025-03-07 16:22:43,063 [INFO] ADCParametersView:116 -                Rank 1 : false
2025-03-07 16:22:43,063 [INFO] ADCParametersView:116 -                SequencerNbRanks 1 : true
2025-03-07 16:22:43,063 [INFO] ADCParametersView:116 -                Rank 1 : false
2025-03-07 16:22:43,063 [INFO] ADCParametersView:116 -                Rank 1 : false
2025-03-07 16:22:43,063 [INFO] ADCParametersView:116 -                Rank 1 : false
2025-03-07 16:22:43,063 [INFO] ADCParametersView:116 -                Rank 1 : false
2025-03-07 16:22:43,063 [INFO] ADCParametersView:116 -                Rank 1 : false
2025-03-07 16:22:43,063 [INFO] ADCParametersView:116 -                Rank 1 : false
2025-03-07 16:22:43,063 [INFO] ADCParametersView:116 -                Rank 1 : false
2025-03-07 16:22:43,149 [INFO] ADCParametersView:116 -                SequencerNbRanks 1 : true
2025-03-07 16:22:43,150 [INFO] ADCParametersView:116 -                SequencerNbRanks 1 : true
2025-03-07 16:22:43,151 [INFO] ADCParametersView:116 -                SequencerNbRanks 1 : true
2025-03-07 16:22:43,151 [INFO] ADCParametersView:116 -                SequencerNbRanks 1 : true
2025-03-07 16:22:43,151 [INFO] ADCParametersView:116 -                SequencerNbRanks 1 : true
2025-03-07 16:22:43,151 [INFO] ADCParametersView:116 -                SequencerNbRanks 1 : true
2025-03-07 16:22:43,152 [INFO] ADCParametersView:116 -                SequencerNbRanks 1 : true
2025-03-07 16:22:43,152 [INFO] ADCParametersView:116 -                Rank 1 : false
2025-03-07 16:22:43,271 [INFO] ADCParametersView:116 -                SequencerNbRanks 1 : true
2025-03-07 16:22:43,272 [INFO] ADCParametersView:116 -                Rank 1 : false
2025-03-07 16:22:43,273 [INFO] ADCParametersView:116 -                SequencerNbRanks 1 : true
2025-03-07 16:22:43,273 [INFO] ADCParametersView:116 -                Rank 1 : false
2025-03-07 16:22:43,274 [INFO] ADCParametersView:116 -                SequencerNbRanks 1 : true
2025-03-07 16:22:43,274 [INFO] ADCParametersView:116 -                Rank 1 : false
2025-03-07 16:22:43,274 [INFO] ADCParametersView:116 -                SequencerNbRanks 1 : true
2025-03-07 16:22:43,274 [INFO] ADCParametersView:116 -                Rank 1 : false
2025-03-07 16:22:43,274 [INFO] ADCParametersView:116 -                SequencerNbRanks 1 : true
2025-03-07 16:22:43,274 [INFO] ADCParametersView:116 -                Rank 1 : false
2025-03-07 16:22:43,274 [INFO] ADCParametersView:116 -                SequencerNbRanks 1 : true
2025-03-07 16:22:43,274 [INFO] ADCParametersView:116 -                Rank 1 : false
2025-03-07 16:22:43,275 [INFO] ADCParametersView:116 -                SequencerNbRanks 1 : true
2025-03-07 16:22:43,275 [INFO] ADCParametersView:116 -                Rank 1 : false
2025-03-07 16:22:43,275 [INFO] ADCParametersView:116 -                SequencerNbRanks 1 : true
2025-03-07 16:22:43,275 [INFO] ADCParametersView:116 -                Rank 1 : false
2025-03-07 16:22:43,275 [INFO] ADCParametersView:116 -                SequencerNbRanks 1 : true
2025-03-07 16:22:43,275 [INFO] ADCParametersView:116 -                Rank 1 : false
2025-03-07 16:22:43,276 [INFO] ADCParametersView:116 -                SequencerNbRanks 1 : true
2025-03-07 16:22:43,276 [INFO] ADCParametersView:116 -                Rank 1 : false
2025-03-07 16:22:43,276 [INFO] ADCParametersView:116 -                SequencerNbRanks 1 : true
2025-03-07 16:22:43,276 [INFO] ADCParametersView:116 -                Rank 1 : false
2025-03-07 16:22:43,276 [INFO] ADCParametersView:116 -                SequencerNbRanks 1 : true
2025-03-07 16:22:43,276 [INFO] ADCParametersView:116 -                Rank 1 : false
2025-03-07 16:22:43,276 [INFO] ADCParametersView:116 -                SequencerNbRanks 1 : true
2025-03-07 16:22:43,276 [INFO] ADCParametersView:116 -                Rank 1 : false
2025-03-07 16:22:43,277 [INFO] ADCParametersView:116 -                SequencerNbRanks 1 : true
2025-03-07 16:22:43,277 [INFO] ADCParametersView:116 -                Rank 1 : false
2025-03-07 16:22:43,277 [INFO] ADCParametersView:116 -                SequencerNbRanks 1 : true
2025-03-07 16:22:43,277 [INFO] ADCParametersView:116 -                Rank 1 : false
2025-03-07 16:22:43,277 [INFO] ADCParametersView:116 -                Rank 1 : false
2025-03-07 16:22:43,277 [INFO] ADCParametersView:116 -                Rank 1 : false
2025-03-07 16:22:43,277 [INFO] ADCParametersView:116 -                Rank 1 : false
2025-03-07 16:22:43,278 [INFO] ADCParametersView:116 -                Rank 1 : false
2025-03-07 16:22:43,278 [INFO] ADCParametersView:116 -                Rank 1 : false
2025-03-07 16:22:43,278 [INFO] ADCParametersView:116 -                Rank 1 : false
2025-03-07 16:22:43,349 [INFO] ADCParametersView:116 -                SequencerNbRanks 1 : true
2025-03-07 16:22:43,350 [INFO] ADCParametersView:116 -                SequencerNbRanks 1 : true
2025-03-07 16:22:43,351 [INFO] ADCParametersView:116 -                SequencerNbRanks 1 : true
2025-03-07 16:22:43,352 [INFO] ADCParametersView:116 -                SequencerNbRanks 1 : true
2025-03-07 16:22:43,352 [INFO] ADCParametersView:116 -                SequencerNbRanks 1 : true
2025-03-07 16:22:43,352 [INFO] ADCParametersView:116 -                SequencerNbRanks 1 : true
2025-03-07 16:22:43,354 [INFO] ADCParametersView:116 -                SequencerNbRanks 1 : true
2025-03-07 16:22:43,354 [INFO] ADCParametersView:116 -                Rank 1 : false
2025-03-07 16:22:43,774 [INFO] ADCParametersView:116 -                SequencerNbRanks 1 : true
2025-03-07 16:22:43,774 [INFO] ADCParametersView:116 -                Rank 1 : false
2025-03-07 16:22:43,775 [INFO] ADCParametersView:116 -                SequencerNbRanks 1 : true
2025-03-07 16:22:43,775 [INFO] ADCParametersView:116 -                Rank 1 : false
2025-03-07 16:22:43,775 [INFO] ADCParametersView:116 -                SequencerNbRanks 1 : true
2025-03-07 16:22:43,775 [INFO] ADCParametersView:116 -                Rank 1 : false
2025-03-07 16:22:43,775 [INFO] ADCParametersView:116 -                SequencerNbRanks 1 : true
2025-03-07 16:22:43,775 [INFO] ADCParametersView:116 -                Rank 1 : false
2025-03-07 16:22:43,775 [INFO] ADCParametersView:116 -                SequencerNbRanks 1 : true
2025-03-07 16:22:43,776 [INFO] ADCParametersView:116 -                Rank 1 : false
2025-03-07 16:22:43,776 [INFO] ADCParametersView:116 -                SequencerNbRanks 1 : true
2025-03-07 16:22:43,776 [INFO] ADCParametersView:116 -                Rank 1 : false
2025-03-07 16:22:43,776 [INFO] ADCParametersView:116 -                SequencerNbRanks 1 : true
2025-03-07 16:22:43,776 [INFO] ADCParametersView:116 -                Rank 1 : false
2025-03-07 16:22:43,776 [INFO] ADCParametersView:116 -                SequencerNbRanks 1 : true
2025-03-07 16:22:43,776 [INFO] ADCParametersView:116 -                Rank 1 : false
2025-03-07 16:22:43,776 [INFO] ADCParametersView:116 -                SequencerNbRanks 1 : true
2025-03-07 16:22:43,776 [INFO] ADCParametersView:116 -                Rank 1 : false
2025-03-07 16:22:43,776 [INFO] ADCParametersView:116 -                SequencerNbRanks 1 : true
2025-03-07 16:22:43,777 [INFO] ADCParametersView:116 -                Rank 1 : false
2025-03-07 16:22:43,777 [INFO] ADCParametersView:116 -                SequencerNbRanks 1 : true
2025-03-07 16:22:43,777 [INFO] ADCParametersView:116 -                Rank 1 : false
2025-03-07 16:22:43,777 [INFO] ADCParametersView:116 -                SequencerNbRanks 1 : true
2025-03-07 16:22:43,777 [INFO] ADCParametersView:116 -                Rank 1 : false
2025-03-07 16:22:43,777 [INFO] ADCParametersView:116 -                SequencerNbRanks 1 : true
2025-03-07 16:22:43,777 [INFO] ADCParametersView:116 -                Rank 1 : false
2025-03-07 16:22:43,777 [INFO] ADCParametersView:116 -                SequencerNbRanks 1 : true
2025-03-07 16:22:43,778 [INFO] ADCParametersView:116 -                Rank 1 : false
2025-03-07 16:22:43,778 [INFO] ADCParametersView:116 -                SequencerNbRanks 1 : true
2025-03-07 16:22:43,778 [INFO] ADCParametersView:116 -                Rank 1 : false
2025-03-07 16:22:43,778 [INFO] ADCParametersView:116 -                Rank 1 : false
2025-03-07 16:22:43,778 [INFO] ADCParametersView:116 -                Rank 1 : false
2025-03-07 16:22:43,778 [INFO] ADCParametersView:116 -                Rank 1 : false
2025-03-07 16:22:43,778 [INFO] ADCParametersView:116 -                Rank 1 : false
2025-03-07 16:22:43,778 [INFO] ADCParametersView:116 -                Rank 1 : false
2025-03-07 16:22:43,778 [INFO] ADCParametersView:116 -                Rank 1 : false
2025-03-07 16:22:43,847 [INFO] ADCParametersView:116 -                SequencerNbRanks 1 : true
2025-03-07 16:22:43,847 [INFO] ADCParametersView:116 -                SequencerNbRanks 1 : true
2025-03-07 16:22:43,848 [INFO] ADCParametersView:116 -                SequencerNbRanks 1 : true
2025-03-07 16:22:43,848 [INFO] ADCParametersView:116 -                SequencerNbRanks 1 : true
2025-03-07 16:22:43,848 [INFO] ADCParametersView:116 -                SequencerNbRanks 1 : true
2025-03-07 16:22:43,848 [INFO] ADCParametersView:116 -                SequencerNbRanks 1 : true
2025-03-07 16:22:43,849 [INFO] ADCParametersView:116 -                SequencerNbRanks 1 : true
2025-03-07 16:22:43,849 [INFO] ADCParametersView:116 -                Rank 1 : false
2025-03-07 16:22:43,940 [INFO] ADCParametersView:116 -                SequencerNbRanks 1 : true
2025-03-07 16:22:43,940 [INFO] ADCParametersView:116 -                Rank 1 : false
2025-03-07 16:22:43,942 [INFO] ADCParametersView:116 -                SequencerNbRanks 1 : true
2025-03-07 16:22:43,942 [INFO] ADCParametersView:116 -                Rank 1 : false
2025-03-07 16:22:43,942 [INFO] ADCParametersView:116 -                SequencerNbRanks 1 : true
2025-03-07 16:22:43,942 [INFO] ADCParametersView:116 -                Rank 1 : false
2025-03-07 16:22:43,942 [INFO] ADCParametersView:116 -                SequencerNbRanks 1 : true
2025-03-07 16:22:43,942 [INFO] ADCParametersView:116 -                Rank 1 : false
2025-03-07 16:22:43,942 [INFO] ADCParametersView:116 -                SequencerNbRanks 1 : true
2025-03-07 16:22:43,943 [INFO] ADCParametersView:116 -                Rank 1 : false
2025-03-07 16:22:43,943 [INFO] ADCParametersView:116 -                SequencerNbRanks 1 : true
2025-03-07 16:22:43,943 [INFO] ADCParametersView:116 -                Rank 1 : false
2025-03-07 16:22:43,943 [INFO] ADCParametersView:116 -                SequencerNbRanks 1 : true
2025-03-07 16:22:43,943 [INFO] ADCParametersView:116 -                Rank 1 : false
2025-03-07 16:22:43,943 [INFO] ADCParametersView:116 -                SequencerNbRanks 1 : true
2025-03-07 16:22:43,943 [INFO] ADCParametersView:116 -                Rank 1 : false
2025-03-07 16:22:43,943 [INFO] ADCParametersView:116 -                SequencerNbRanks 1 : true
2025-03-07 16:22:43,943 [INFO] ADCParametersView:116 -                Rank 1 : false
2025-03-07 16:22:43,944 [INFO] ADCParametersView:116 -                SequencerNbRanks 1 : true
2025-03-07 16:22:43,944 [INFO] ADCParametersView:116 -                Rank 1 : false
2025-03-07 16:22:43,944 [INFO] ADCParametersView:116 -                SequencerNbRanks 1 : true
2025-03-07 16:22:43,944 [INFO] ADCParametersView:116 -                Rank 1 : false
2025-03-07 16:22:43,944 [INFO] ADCParametersView:116 -                SequencerNbRanks 1 : true
2025-03-07 16:22:43,944 [INFO] ADCParametersView:116 -                Rank 1 : false
2025-03-07 16:22:43,944 [INFO] ADCParametersView:116 -                SequencerNbRanks 1 : true
2025-03-07 16:22:43,945 [INFO] ADCParametersView:116 -                Rank 1 : false
2025-03-07 16:22:43,945 [INFO] ADCParametersView:116 -                SequencerNbRanks 1 : true
2025-03-07 16:22:43,945 [INFO] ADCParametersView:116 -                Rank 1 : false
2025-03-07 16:22:43,945 [INFO] ADCParametersView:116 -                SequencerNbRanks 1 : true
2025-03-07 16:22:43,945 [INFO] ADCParametersView:116 -                Rank 1 : false
2025-03-07 16:22:43,945 [INFO] ADCParametersView:116 -                Rank 1 : false
2025-03-07 16:22:43,945 [INFO] ADCParametersView:116 -                Rank 1 : false
2025-03-07 16:22:43,945 [INFO] ADCParametersView:116 -                Rank 1 : false
2025-03-07 16:22:43,945 [INFO] ADCParametersView:116 -                Rank 1 : false
2025-03-07 16:22:43,945 [INFO] ADCParametersView:116 -                Rank 1 : false
2025-03-07 16:22:43,945 [INFO] ADCParametersView:116 -                Rank 1 : false
2025-03-07 16:22:44,019 [INFO] ADCParametersView:116 -                SequencerNbRanks 1 : true
2025-03-07 16:22:44,019 [INFO] ADCParametersView:116 -                SequencerNbRanks 1 : true
2025-03-07 16:22:44,022 [INFO] ADCParametersView:116 -                SequencerNbRanks 1 : true
2025-03-07 16:22:44,022 [INFO] ADCParametersView:116 -                SequencerNbRanks 1 : true
2025-03-07 16:22:44,022 [INFO] ADCParametersView:116 -                SequencerNbRanks 1 : true
2025-03-07 16:22:44,022 [INFO] ADCParametersView:116 -                SequencerNbRanks 1 : true
2025-03-07 16:22:44,024 [INFO] ADCParametersView:116 -                SequencerNbRanks 1 : true
2025-03-07 16:22:44,024 [INFO] ADCParametersView:116 -                Rank 1 : false
2025-03-07 16:22:45,093 [INFO] ADCParametersView:116 -                SequencerNbRanks 1 : true
2025-03-07 16:22:45,094 [INFO] ADCParametersView:116 -                Rank 1 : false
2025-03-07 16:22:45,095 [INFO] ADCParametersView:116 -                SequencerNbRanks 1 : true
2025-03-07 16:22:45,095 [INFO] ADCParametersView:116 -                Rank 1 : false
2025-03-07 16:22:45,095 [INFO] ADCParametersView:116 -                SequencerNbRanks 1 : true
2025-03-07 16:22:45,095 [INFO] ADCParametersView:116 -                Rank 1 : false
2025-03-07 16:22:45,096 [INFO] ADCParametersView:116 -                SequencerNbRanks 1 : true
2025-03-07 16:22:45,096 [INFO] ADCParametersView:116 -                Rank 1 : false
2025-03-07 16:22:45,096 [INFO] ADCParametersView:116 -                SequencerNbRanks 1 : true
2025-03-07 16:22:45,096 [INFO] ADCParametersView:116 -                Rank 1 : false
2025-03-07 16:22:45,096 [INFO] ADCParametersView:116 -                SequencerNbRanks 1 : true
2025-03-07 16:22:45,096 [INFO] ADCParametersView:116 -                Rank 1 : false
2025-03-07 16:22:45,096 [INFO] ADCParametersView:116 -                SequencerNbRanks 1 : true
2025-03-07 16:22:45,097 [INFO] ADCParametersView:116 -                Rank 1 : false
2025-03-07 16:22:45,097 [INFO] ADCParametersView:116 -                SequencerNbRanks 1 : true
2025-03-07 16:22:45,097 [INFO] ADCParametersView:116 -                Rank 1 : false
2025-03-07 16:22:45,097 [INFO] ADCParametersView:116 -                SequencerNbRanks 1 : true
2025-03-07 16:22:45,097 [INFO] ADCParametersView:116 -                Rank 1 : false
2025-03-07 16:22:45,098 [INFO] ADCParametersView:116 -                SequencerNbRanks 1 : true
2025-03-07 16:22:45,098 [INFO] ADCParametersView:116 -                Rank 1 : false
2025-03-07 16:22:45,098 [INFO] ADCParametersView:116 -                SequencerNbRanks 1 : true
2025-03-07 16:22:45,098 [INFO] ADCParametersView:116 -                Rank 1 : false
2025-03-07 16:22:45,098 [INFO] ADCParametersView:116 -                SequencerNbRanks 1 : true
2025-03-07 16:22:45,098 [INFO] ADCParametersView:116 -                Rank 1 : false
2025-03-07 16:22:45,099 [INFO] ADCParametersView:116 -                SequencerNbRanks 1 : true
2025-03-07 16:22:45,099 [INFO] ADCParametersView:116 -                Rank 1 : false
2025-03-07 16:22:45,100 [INFO] ADCParametersView:116 -                SequencerNbRanks 1 : true
2025-03-07 16:22:45,100 [INFO] ADCParametersView:116 -                Rank 1 : false
2025-03-07 16:22:45,100 [INFO] ADCParametersView:116 -                SequencerNbRanks 1 : true
2025-03-07 16:22:45,100 [INFO] ADCParametersView:116 -                Rank 1 : false
2025-03-07 16:22:45,100 [INFO] ADCParametersView:116 -                Rank 1 : false
2025-03-07 16:22:45,100 [INFO] ADCParametersView:116 -                Rank 1 : false
2025-03-07 16:22:45,101 [INFO] ADCParametersView:116 -                Rank 1 : false
2025-03-07 16:22:45,101 [INFO] ADCParametersView:116 -                Rank 1 : false
2025-03-07 16:22:45,101 [INFO] ADCParametersView:116 -                Rank 1 : false
2025-03-07 16:22:45,101 [INFO] ADCParametersView:116 -                Rank 1 : false
2025-03-07 16:22:45,159 [INFO] ADCParametersView:116 -                SequencerNbRanks 1 : true
2025-03-07 16:22:45,159 [INFO] ADCParametersView:116 -                SequencerNbRanks 1 : true
2025-03-07 16:22:45,161 [INFO] ADCParametersView:116 -                SequencerNbRanks 1 : true
2025-03-07 16:22:45,161 [INFO] ADCParametersView:116 -                SequencerNbRanks 1 : true
2025-03-07 16:22:45,161 [INFO] ADCParametersView:116 -                SequencerNbRanks 1 : true
2025-03-07 16:22:45,162 [INFO] ADCParametersView:116 -                SequencerNbRanks 1 : true
2025-03-07 16:22:45,163 [INFO] ADCParametersView:116 -                SequencerNbRanks 1 : true
2025-03-07 16:22:45,163 [INFO] ADCParametersView:116 -                Rank 1 : false
2025-03-07 16:22:45,242 [INFO] ADCParametersView:116 -                SequencerNbRanks 1 : true
2025-03-07 16:22:45,242 [INFO] ADCParametersView:116 -                Rank 1 : false
2025-03-07 16:22:45,244 [INFO] ADCParametersView:116 -                SequencerNbRanks 1 : true
2025-03-07 16:22:45,244 [INFO] ADCParametersView:116 -                Rank 1 : false
2025-03-07 16:22:45,244 [INFO] ADCParametersView:116 -                SequencerNbRanks 1 : true
2025-03-07 16:22:45,244 [INFO] ADCParametersView:116 -                Rank 1 : false
2025-03-07 16:22:45,244 [INFO] ADCParametersView:116 -                SequencerNbRanks 1 : true
2025-03-07 16:22:45,245 [INFO] ADCParametersView:116 -                Rank 1 : false
2025-03-07 16:22:45,245 [INFO] ADCParametersView:116 -                SequencerNbRanks 1 : true
2025-03-07 16:22:45,245 [INFO] ADCParametersView:116 -                Rank 1 : false
2025-03-07 16:22:45,245 [INFO] ADCParametersView:116 -                SequencerNbRanks 1 : true
2025-03-07 16:22:45,245 [INFO] ADCParametersView:116 -                Rank 1 : false
2025-03-07 16:22:45,245 [INFO] ADCParametersView:116 -                SequencerNbRanks 1 : true
2025-03-07 16:22:45,245 [INFO] ADCParametersView:116 -                Rank 1 : false
2025-03-07 16:22:45,245 [INFO] ADCParametersView:116 -                SequencerNbRanks 1 : true
2025-03-07 16:22:45,245 [INFO] ADCParametersView:116 -                Rank 1 : false
2025-03-07 16:22:45,245 [INFO] ADCParametersView:116 -                SequencerNbRanks 1 : true
2025-03-07 16:22:45,246 [INFO] ADCParametersView:116 -                Rank 1 : false
2025-03-07 16:22:45,246 [INFO] ADCParametersView:116 -                SequencerNbRanks 1 : true
2025-03-07 16:22:45,246 [INFO] ADCParametersView:116 -                Rank 1 : false
2025-03-07 16:22:45,246 [INFO] ADCParametersView:116 -                SequencerNbRanks 1 : true
2025-03-07 16:22:45,246 [INFO] ADCParametersView:116 -                Rank 1 : false
2025-03-07 16:22:45,246 [INFO] ADCParametersView:116 -                SequencerNbRanks 1 : true
2025-03-07 16:22:45,246 [INFO] ADCParametersView:116 -                Rank 1 : false
2025-03-07 16:22:45,246 [INFO] ADCParametersView:116 -                SequencerNbRanks 1 : true
2025-03-07 16:22:45,246 [INFO] ADCParametersView:116 -                Rank 1 : false
2025-03-07 16:22:45,246 [INFO] ADCParametersView:116 -                SequencerNbRanks 1 : true
2025-03-07 16:22:45,246 [INFO] ADCParametersView:116 -                Rank 1 : false
2025-03-07 16:22:45,247 [INFO] ADCParametersView:116 -                SequencerNbRanks 1 : true
2025-03-07 16:22:45,247 [INFO] ADCParametersView:116 -                Rank 1 : false
2025-03-07 16:22:45,247 [INFO] ADCParametersView:116 -                Rank 1 : false
2025-03-07 16:22:45,247 [INFO] ADCParametersView:116 -                Rank 1 : false
2025-03-07 16:22:45,247 [INFO] ADCParametersView:116 -                Rank 1 : false
2025-03-07 16:22:45,247 [INFO] ADCParametersView:116 -                Rank 1 : false
2025-03-07 16:22:45,247 [INFO] ADCParametersView:116 -                Rank 1 : false
2025-03-07 16:22:45,247 [INFO] ADCParametersView:116 -                Rank 1 : false
2025-03-07 16:22:45,313 [INFO] ADCParametersView:116 -                SequencerNbRanks 1 : true
2025-03-07 16:22:45,314 [INFO] ADCParametersView:116 -                SequencerNbRanks 1 : true
2025-03-07 16:22:45,315 [INFO] ADCParametersView:116 -                SequencerNbRanks 1 : true
2025-03-07 16:22:45,315 [INFO] ADCParametersView:116 -                SequencerNbRanks 1 : true
2025-03-07 16:22:45,316 [INFO] ADCParametersView:116 -                SequencerNbRanks 1 : true
2025-03-07 16:22:45,316 [INFO] ADCParametersView:116 -                SequencerNbRanks 1 : true
2025-03-07 16:22:45,318 [INFO] ADCParametersView:116 -                SequencerNbRanks 1 : true
2025-03-07 16:22:45,318 [INFO] ADCParametersView:116 -                Rank 1 : false
2025-03-07 16:22:51,603 [INFO] ADCParametersView:116 -                SequencerNbRanks 1 : true
2025-03-07 16:22:51,603 [INFO] ADCParametersView:116 -                Rank 1 : false
2025-03-07 16:22:51,604 [INFO] ADCParametersView:116 -                SequencerNbRanks 1 : true
2025-03-07 16:22:51,604 [INFO] ADCParametersView:116 -                Rank 1 : false
2025-03-07 16:22:51,604 [INFO] ADCParametersView:116 -                SequencerNbRanks 1 : true
2025-03-07 16:22:51,604 [INFO] ADCParametersView:116 -                Rank 1 : false
2025-03-07 16:22:51,605 [INFO] ADCParametersView:116 -                SequencerNbRanks 1 : true
2025-03-07 16:22:51,605 [INFO] ADCParametersView:116 -                Rank 1 : false
2025-03-07 16:22:51,606 [INFO] ADCParametersView:116 -                SequencerNbRanks 1 : true
2025-03-07 16:22:51,606 [INFO] ADCParametersView:116 -                Rank 1 : false
2025-03-07 16:22:51,606 [INFO] ADCParametersView:116 -                SequencerNbRanks 1 : true
2025-03-07 16:22:51,606 [INFO] ADCParametersView:116 -                Rank 1 : false
2025-03-07 16:22:51,606 [INFO] ADCParametersView:116 -                SequencerNbRanks 1 : true
2025-03-07 16:22:51,606 [INFO] ADCParametersView:116 -                Rank 1 : false
2025-03-07 16:22:51,606 [INFO] ADCParametersView:116 -                SequencerNbRanks 1 : true
2025-03-07 16:22:51,607 [INFO] ADCParametersView:116 -                Rank 1 : false
2025-03-07 16:22:51,607 [INFO] ADCParametersView:116 -                SequencerNbRanks 1 : true
2025-03-07 16:22:51,607 [INFO] ADCParametersView:116 -                Rank 1 : false
2025-03-07 16:22:51,607 [INFO] ADCParametersView:116 -                SequencerNbRanks 1 : true
2025-03-07 16:22:51,607 [INFO] ADCParametersView:116 -                Rank 1 : false
2025-03-07 16:22:51,607 [INFO] ADCParametersView:116 -                SequencerNbRanks 1 : true
2025-03-07 16:22:51,607 [INFO] ADCParametersView:116 -                Rank 1 : false
2025-03-07 16:22:51,607 [INFO] ADCParametersView:116 -                SequencerNbRanks 1 : true
2025-03-07 16:22:51,608 [INFO] ADCParametersView:116 -                Rank 1 : false
2025-03-07 16:22:51,608 [INFO] ADCParametersView:116 -                SequencerNbRanks 1 : true
2025-03-07 16:22:51,608 [INFO] ADCParametersView:116 -                Rank 1 : false
2025-03-07 16:22:51,608 [INFO] ADCParametersView:116 -                SequencerNbRanks 1 : true
2025-03-07 16:22:51,608 [INFO] ADCParametersView:116 -                Rank 1 : false
2025-03-07 16:22:51,608 [INFO] ADCParametersView:116 -                SequencerNbRanks 1 : true
2025-03-07 16:22:51,608 [INFO] ADCParametersView:116 -                Rank 1 : false
2025-03-07 16:22:51,608 [INFO] ADCParametersView:116 -                Rank 1 : false
2025-03-07 16:22:51,609 [INFO] ADCParametersView:116 -                Rank 1 : false
2025-03-07 16:22:51,609 [INFO] ADCParametersView:116 -                Rank 1 : false
2025-03-07 16:22:51,609 [INFO] ADCParametersView:116 -                Rank 1 : false
2025-03-07 16:22:51,609 [INFO] ADCParametersView:116 -                Rank 1 : false
2025-03-07 16:22:51,609 [INFO] ADCParametersView:116 -                Rank 1 : false
2025-03-07 16:22:51,681 [INFO] ADCParametersView:116 -                SequencerNbRanks 1 : true
2025-03-07 16:22:51,682 [INFO] ADCParametersView:116 -                SequencerNbRanks 1 : true
2025-03-07 16:22:51,684 [INFO] ADCParametersView:116 -                SequencerNbRanks 1 : true
2025-03-07 16:22:51,685 [INFO] ADCParametersView:116 -                SequencerNbRanks 1 : true
2025-03-07 16:22:51,685 [INFO] ADCParametersView:116 -                SequencerNbRanks 1 : true
2025-03-07 16:22:51,685 [INFO] ADCParametersView:116 -                SequencerNbRanks 1 : true
2025-03-07 16:22:51,686 [INFO] ADCParametersView:116 -                SequencerNbRanks 1 : true
2025-03-07 16:22:51,686 [INFO] ADCParametersView:116 -                Rank 1 : false
2025-03-07 16:22:51,782 [INFO] ADCParametersView:116 -                SequencerNbRanks 1 : true
2025-03-07 16:22:51,782 [INFO] ADCParametersView:116 -                Rank 1 : false
2025-03-07 16:22:51,784 [INFO] ADCParametersView:116 -                SequencerNbRanks 1 : true
2025-03-07 16:22:51,784 [INFO] ADCParametersView:116 -                Rank 1 : false
2025-03-07 16:22:51,784 [INFO] ADCParametersView:116 -                SequencerNbRanks 1 : true
2025-03-07 16:22:51,784 [INFO] ADCParametersView:116 -                Rank 1 : false
2025-03-07 16:22:51,784 [INFO] ADCParametersView:116 -                SequencerNbRanks 1 : true
2025-03-07 16:22:51,784 [INFO] ADCParametersView:116 -                Rank 1 : false
2025-03-07 16:22:51,784 [INFO] ADCParametersView:116 -                SequencerNbRanks 1 : true
2025-03-07 16:22:51,784 [INFO] ADCParametersView:116 -                Rank 1 : false
2025-03-07 16:22:51,784 [INFO] ADCParametersView:116 -                SequencerNbRanks 1 : true
2025-03-07 16:22:51,784 [INFO] ADCParametersView:116 -                Rank 1 : false
2025-03-07 16:22:51,785 [INFO] ADCParametersView:116 -                SequencerNbRanks 1 : true
2025-03-07 16:22:51,785 [INFO] ADCParametersView:116 -                Rank 1 : false
2025-03-07 16:22:51,785 [INFO] ADCParametersView:116 -                SequencerNbRanks 1 : true
2025-03-07 16:22:51,785 [INFO] ADCParametersView:116 -                Rank 1 : false
2025-03-07 16:22:51,785 [INFO] ADCParametersView:116 -                SequencerNbRanks 1 : true
2025-03-07 16:22:51,785 [INFO] ADCParametersView:116 -                Rank 1 : false
2025-03-07 16:22:51,785 [INFO] ADCParametersView:116 -                SequencerNbRanks 1 : true
2025-03-07 16:22:51,785 [INFO] ADCParametersView:116 -                Rank 1 : false
2025-03-07 16:22:51,785 [INFO] ADCParametersView:116 -                SequencerNbRanks 1 : true
2025-03-07 16:22:51,785 [INFO] ADCParametersView:116 -                Rank 1 : false
2025-03-07 16:22:51,785 [INFO] ADCParametersView:116 -                SequencerNbRanks 1 : true
2025-03-07 16:22:51,785 [INFO] ADCParametersView:116 -                Rank 1 : false
2025-03-07 16:22:51,786 [INFO] ADCParametersView:116 -                SequencerNbRanks 1 : true
2025-03-07 16:22:51,786 [INFO] ADCParametersView:116 -                Rank 1 : false
2025-03-07 16:22:51,786 [INFO] ADCParametersView:116 -                SequencerNbRanks 1 : true
2025-03-07 16:22:51,786 [INFO] ADCParametersView:116 -                Rank 1 : false
2025-03-07 16:22:51,786 [INFO] ADCParametersView:116 -                SequencerNbRanks 1 : true
2025-03-07 16:22:51,786 [INFO] ADCParametersView:116 -                Rank 1 : false
2025-03-07 16:22:51,786 [INFO] ADCParametersView:116 -                Rank 1 : false
2025-03-07 16:22:51,786 [INFO] ADCParametersView:116 -                Rank 1 : false
2025-03-07 16:22:51,786 [INFO] ADCParametersView:116 -                Rank 1 : false
2025-03-07 16:22:51,786 [INFO] ADCParametersView:116 -                Rank 1 : false
2025-03-07 16:22:51,786 [INFO] ADCParametersView:116 -                Rank 1 : false
2025-03-07 16:22:51,786 [INFO] ADCParametersView:116 -                Rank 1 : false
2025-03-07 16:22:51,842 [INFO] ADCParametersView:116 -                SequencerNbRanks 1 : true
2025-03-07 16:22:51,842 [INFO] ADCParametersView:116 -                SequencerNbRanks 1 : true
2025-03-07 16:22:51,843 [INFO] ADCParametersView:116 -                SequencerNbRanks 1 : true
2025-03-07 16:22:51,844 [INFO] ADCParametersView:116 -                SequencerNbRanks 1 : true
2025-03-07 16:22:51,844 [INFO] ADCParametersView:116 -                SequencerNbRanks 1 : true
2025-03-07 16:22:51,844 [INFO] ADCParametersView:116 -                SequencerNbRanks 1 : true
2025-03-07 16:22:51,845 [INFO] ADCParametersView:116 -                SequencerNbRanks 1 : true
2025-03-07 16:22:51,845 [INFO] ADCParametersView:116 -                Rank 1 : false
2025-03-07 16:22:52,762 [INFO] ADCParametersView:116 -                SequencerNbRanks 1 : true
2025-03-07 16:22:52,762 [INFO] ADCParametersView:116 -                Rank 1 : false
2025-03-07 16:22:52,764 [INFO] ADCParametersView:116 -                SequencerNbRanks 1 : true
2025-03-07 16:22:52,764 [INFO] ADCParametersView:116 -                Rank 1 : false
2025-03-07 16:22:52,766 [INFO] ADCParametersView:116 -                SequencerNbRanks 1 : true
2025-03-07 16:22:52,766 [INFO] ADCParametersView:116 -                Rank 1 : false
2025-03-07 16:22:52,766 [INFO] ADCParametersView:116 -                SequencerNbRanks 1 : true
2025-03-07 16:22:52,766 [INFO] ADCParametersView:116 -                Rank 1 : false
2025-03-07 16:22:52,766 [INFO] ADCParametersView:116 -                SequencerNbRanks 1 : true
2025-03-07 16:22:52,766 [INFO] ADCParametersView:116 -                Rank 1 : false
2025-03-07 16:22:52,767 [INFO] ADCParametersView:116 -                SequencerNbRanks 1 : true
2025-03-07 16:22:52,767 [INFO] ADCParametersView:116 -                Rank 1 : false
2025-03-07 16:22:52,767 [INFO] ADCParametersView:116 -                SequencerNbRanks 1 : true
2025-03-07 16:22:52,767 [INFO] ADCParametersView:116 -                Rank 1 : false
2025-03-07 16:22:52,767 [INFO] ADCParametersView:116 -                SequencerNbRanks 1 : true
2025-03-07 16:22:52,767 [INFO] ADCParametersView:116 -                Rank 1 : false
2025-03-07 16:22:52,767 [INFO] ADCParametersView:116 -                SequencerNbRanks 1 : true
2025-03-07 16:22:52,767 [INFO] ADCParametersView:116 -                Rank 1 : false
2025-03-07 16:22:52,768 [INFO] ADCParametersView:116 -                SequencerNbRanks 1 : true
2025-03-07 16:22:52,768 [INFO] ADCParametersView:116 -                Rank 1 : false
2025-03-07 16:22:52,768 [INFO] ADCParametersView:116 -                SequencerNbRanks 1 : true
2025-03-07 16:22:52,768 [INFO] ADCParametersView:116 -                Rank 1 : false
2025-03-07 16:22:52,768 [INFO] ADCParametersView:116 -                SequencerNbRanks 1 : true
2025-03-07 16:22:52,768 [INFO] ADCParametersView:116 -                Rank 1 : false
2025-03-07 16:22:52,768 [INFO] ADCParametersView:116 -                SequencerNbRanks 1 : true
2025-03-07 16:22:52,768 [INFO] ADCParametersView:116 -                Rank 1 : false
2025-03-07 16:22:52,769 [INFO] ADCParametersView:116 -                SequencerNbRanks 1 : true
2025-03-07 16:22:52,769 [INFO] ADCParametersView:116 -                Rank 1 : false
2025-03-07 16:22:52,769 [INFO] ADCParametersView:116 -                SequencerNbRanks 1 : true
2025-03-07 16:22:52,769 [INFO] ADCParametersView:116 -                Rank 1 : false
2025-03-07 16:22:52,769 [INFO] ADCParametersView:116 -                Rank 1 : false
2025-03-07 16:22:52,769 [INFO] ADCParametersView:116 -                Rank 1 : false
2025-03-07 16:22:52,769 [INFO] ADCParametersView:116 -                Rank 1 : false
2025-03-07 16:22:52,769 [INFO] ADCParametersView:116 -                Rank 1 : false
2025-03-07 16:22:52,769 [INFO] ADCParametersView:116 -                Rank 1 : false
2025-03-07 16:22:52,769 [INFO] ADCParametersView:116 -                Rank 1 : false
2025-03-07 16:22:52,839 [INFO] ADCParametersView:116 -                SequencerNbRanks 1 : true
2025-03-07 16:22:52,839 [INFO] ADCParametersView:116 -                SequencerNbRanks 1 : true
2025-03-07 16:22:52,840 [INFO] ADCParametersView:116 -                SequencerNbRanks 1 : true
2025-03-07 16:22:52,840 [INFO] ADCParametersView:116 -                SequencerNbRanks 1 : true
2025-03-07 16:22:52,840 [INFO] ADCParametersView:116 -                SequencerNbRanks 1 : true
2025-03-07 16:22:52,840 [INFO] ADCParametersView:116 -                SequencerNbRanks 1 : true
2025-03-07 16:22:52,841 [INFO] ADCParametersView:116 -                SequencerNbRanks 1 : true
2025-03-07 16:22:52,841 [INFO] ADCParametersView:116 -                Rank 1 : false
2025-03-07 16:22:52,939 [INFO] ADCParametersView:116 -                SequencerNbRanks 1 : true
2025-03-07 16:22:52,939 [INFO] ADCParametersView:116 -                Rank 1 : false
2025-03-07 16:22:52,940 [INFO] ADCParametersView:116 -                SequencerNbRanks 1 : true
2025-03-07 16:22:52,940 [INFO] ADCParametersView:116 -                Rank 1 : false
2025-03-07 16:22:52,940 [INFO] ADCParametersView:116 -                SequencerNbRanks 1 : true
2025-03-07 16:22:52,940 [INFO] ADCParametersView:116 -                Rank 1 : false
2025-03-07 16:22:52,940 [INFO] ADCParametersView:116 -                SequencerNbRanks 1 : true
2025-03-07 16:22:52,940 [INFO] ADCParametersView:116 -                Rank 1 : false
2025-03-07 16:22:52,941 [INFO] ADCParametersView:116 -                SequencerNbRanks 1 : true
2025-03-07 16:22:52,941 [INFO] ADCParametersView:116 -                Rank 1 : false
2025-03-07 16:22:52,941 [INFO] ADCParametersView:116 -                SequencerNbRanks 1 : true
2025-03-07 16:22:52,941 [INFO] ADCParametersView:116 -                Rank 1 : false
2025-03-07 16:22:52,941 [INFO] ADCParametersView:116 -                SequencerNbRanks 1 : true
2025-03-07 16:22:52,941 [INFO] ADCParametersView:116 -                Rank 1 : false
2025-03-07 16:22:52,941 [INFO] ADCParametersView:116 -                SequencerNbRanks 1 : true
2025-03-07 16:22:52,941 [INFO] ADCParametersView:116 -                Rank 1 : false
2025-03-07 16:22:52,941 [INFO] ADCParametersView:116 -                SequencerNbRanks 1 : true
2025-03-07 16:22:52,941 [INFO] ADCParametersView:116 -                Rank 1 : false
2025-03-07 16:22:52,941 [INFO] ADCParametersView:116 -                SequencerNbRanks 1 : true
2025-03-07 16:22:52,942 [INFO] ADCParametersView:116 -                Rank 1 : false
2025-03-07 16:22:52,942 [INFO] ADCParametersView:116 -                SequencerNbRanks 1 : true
2025-03-07 16:22:52,942 [INFO] ADCParametersView:116 -                Rank 1 : false
2025-03-07 16:22:52,942 [INFO] ADCParametersView:116 -                SequencerNbRanks 1 : true
2025-03-07 16:22:52,942 [INFO] ADCParametersView:116 -                Rank 1 : false
2025-03-07 16:22:52,942 [INFO] ADCParametersView:116 -                SequencerNbRanks 1 : true
2025-03-07 16:22:52,942 [INFO] ADCParametersView:116 -                Rank 1 : false
2025-03-07 16:22:52,942 [INFO] ADCParametersView:116 -                SequencerNbRanks 1 : true
2025-03-07 16:22:52,942 [INFO] ADCParametersView:116 -                Rank 1 : false
2025-03-07 16:22:52,942 [INFO] ADCParametersView:116 -                SequencerNbRanks 1 : true
2025-03-07 16:22:52,942 [INFO] ADCParametersView:116 -                Rank 1 : false
2025-03-07 16:22:52,942 [INFO] ADCParametersView:116 -                Rank 1 : false
2025-03-07 16:22:52,943 [INFO] ADCParametersView:116 -                Rank 1 : false
2025-03-07 16:22:52,943 [INFO] ADCParametersView:116 -                Rank 1 : false
2025-03-07 16:22:52,943 [INFO] ADCParametersView:116 -                Rank 1 : false
2025-03-07 16:22:52,943 [INFO] ADCParametersView:116 -                Rank 1 : false
2025-03-07 16:22:52,943 [INFO] ADCParametersView:116 -                Rank 1 : false
2025-03-07 16:22:53,016 [INFO] ADCParametersView:116 -                SequencerNbRanks 1 : true
2025-03-07 16:22:53,017 [INFO] ADCParametersView:116 -                SequencerNbRanks 1 : true
2025-03-07 16:22:53,017 [INFO] ADCParametersView:116 -                SequencerNbRanks 1 : true
2025-03-07 16:22:53,018 [INFO] ADCParametersView:116 -                SequencerNbRanks 1 : true
2025-03-07 16:22:53,018 [INFO] ADCParametersView:116 -                SequencerNbRanks 1 : true
2025-03-07 16:22:53,018 [INFO] ADCParametersView:116 -                SequencerNbRanks 1 : true
2025-03-07 16:22:53,019 [INFO] ADCParametersView:116 -                SequencerNbRanks 1 : true
2025-03-07 16:22:53,019 [INFO] ADCParametersView:116 -                Rank 1 : false
2025-03-07 16:23:19,074 [INFO] ADCParametersView:116 -                SequencerNbRanks 1 : true
2025-03-07 16:23:19,074 [INFO] ADCParametersView:116 -                Rank 1 : false
2025-03-07 16:23:19,075 [INFO] ADCParametersView:116 -                SequencerNbRanks 1 : true
2025-03-07 16:23:19,075 [INFO] ADCParametersView:116 -                Rank 1 : false
2025-03-07 16:23:19,076 [INFO] ADCParametersView:116 -                SequencerNbRanks 1 : true
2025-03-07 16:23:19,076 [INFO] ADCParametersView:116 -                Rank 1 : false
2025-03-07 16:23:19,076 [INFO] ADCParametersView:116 -                SequencerNbRanks 1 : true
2025-03-07 16:23:19,076 [INFO] ADCParametersView:116 -                Rank 1 : false
2025-03-07 16:23:19,076 [INFO] ADCParametersView:116 -                SequencerNbRanks 1 : true
2025-03-07 16:23:19,076 [INFO] ADCParametersView:116 -                Rank 1 : false
2025-03-07 16:23:19,076 [INFO] ADCParametersView:116 -                SequencerNbRanks 1 : true
2025-03-07 16:23:19,077 [INFO] ADCParametersView:116 -                Rank 1 : false
2025-03-07 16:23:19,077 [INFO] ADCParametersView:116 -                SequencerNbRanks 1 : true
2025-03-07 16:23:19,077 [INFO] ADCParametersView:116 -                Rank 1 : false
2025-03-07 16:23:19,077 [INFO] ADCParametersView:116 -                SequencerNbRanks 1 : true
2025-03-07 16:23:19,077 [INFO] ADCParametersView:116 -                Rank 1 : false
2025-03-07 16:23:19,077 [INFO] ADCParametersView:116 -                SequencerNbRanks 1 : true
2025-03-07 16:23:19,077 [INFO] ADCParametersView:116 -                Rank 1 : false
2025-03-07 16:23:19,077 [INFO] ADCParametersView:116 -                SequencerNbRanks 1 : true
2025-03-07 16:23:19,077 [INFO] ADCParametersView:116 -                Rank 1 : false
2025-03-07 16:23:19,077 [INFO] ADCParametersView:116 -                SequencerNbRanks 1 : true
2025-03-07 16:23:19,078 [INFO] ADCParametersView:116 -                Rank 1 : false
2025-03-07 16:23:19,078 [INFO] ADCParametersView:116 -                SequencerNbRanks 1 : true
2025-03-07 16:23:19,078 [INFO] ADCParametersView:116 -                Rank 1 : false
2025-03-07 16:23:19,078 [INFO] ADCParametersView:116 -                SequencerNbRanks 1 : true
2025-03-07 16:23:19,078 [INFO] ADCParametersView:116 -                Rank 1 : false
2025-03-07 16:23:19,078 [INFO] ADCParametersView:116 -                SequencerNbRanks 1 : true
2025-03-07 16:23:19,078 [INFO] ADCParametersView:116 -                Rank 1 : false
2025-03-07 16:23:19,078 [INFO] ADCParametersView:116 -                SequencerNbRanks 1 : true
2025-03-07 16:23:19,078 [INFO] ADCParametersView:116 -                Rank 1 : false
2025-03-07 16:23:19,078 [INFO] ADCParametersView:116 -                Rank 1 : false
2025-03-07 16:23:19,079 [INFO] ADCParametersView:116 -                Rank 1 : false
2025-03-07 16:23:19,079 [INFO] ADCParametersView:116 -                Rank 1 : false
2025-03-07 16:23:19,080 [INFO] ADCParametersView:116 -                Rank 1 : false
2025-03-07 16:23:19,080 [INFO] ADCParametersView:116 -                Rank 1 : false
2025-03-07 16:23:19,080 [INFO] ADCParametersView:116 -                Rank 1 : false
2025-03-07 16:23:19,145 [INFO] ADCParametersView:116 -                SequencerNbRanks 1 : true
2025-03-07 16:23:19,145 [INFO] ADCParametersView:116 -                SequencerNbRanks 1 : true
2025-03-07 16:23:19,145 [INFO] ADCParametersView:116 -                SequencerNbRanks 1 : true
2025-03-07 16:23:19,146 [INFO] ADCParametersView:116 -                SequencerNbRanks 1 : true
2025-03-07 16:23:19,146 [INFO] ADCParametersView:116 -                SequencerNbRanks 1 : true
2025-03-07 16:23:19,146 [INFO] ADCParametersView:116 -                SequencerNbRanks 1 : true
2025-03-07 16:23:19,148 [INFO] ADCParametersView:116 -                SequencerNbRanks 1 : true
2025-03-07 16:23:19,148 [INFO] ADCParametersView:116 -                Rank 1 : false
2025-03-07 16:23:19,248 [INFO] ADCParametersView:116 -                SequencerNbRanks 1 : true
2025-03-07 16:23:19,249 [INFO] ADCParametersView:116 -                Rank 1 : false
2025-03-07 16:23:19,249 [INFO] ADCParametersView:116 -                SequencerNbRanks 1 : true
2025-03-07 16:23:19,250 [INFO] ADCParametersView:116 -                Rank 1 : false
2025-03-07 16:23:19,250 [INFO] ADCParametersView:116 -                SequencerNbRanks 1 : true
2025-03-07 16:23:19,250 [INFO] ADCParametersView:116 -                Rank 1 : false
2025-03-07 16:23:19,250 [INFO] ADCParametersView:116 -                SequencerNbRanks 1 : true
2025-03-07 16:23:19,250 [INFO] ADCParametersView:116 -                Rank 1 : false
2025-03-07 16:23:19,250 [INFO] ADCParametersView:116 -                SequencerNbRanks 1 : true
2025-03-07 16:23:19,250 [INFO] ADCParametersView:116 -                Rank 1 : false
2025-03-07 16:23:19,250 [INFO] ADCParametersView:116 -                SequencerNbRanks 1 : true
2025-03-07 16:23:19,250 [INFO] ADCParametersView:116 -                Rank 1 : false
2025-03-07 16:23:19,250 [INFO] ADCParametersView:116 -                SequencerNbRanks 1 : true
2025-03-07 16:23:19,250 [INFO] ADCParametersView:116 -                Rank 1 : false
2025-03-07 16:23:19,251 [INFO] ADCParametersView:116 -                SequencerNbRanks 1 : true
2025-03-07 16:23:19,252 [INFO] ADCParametersView:116 -                Rank 1 : false
2025-03-07 16:23:19,252 [INFO] ADCParametersView:116 -                SequencerNbRanks 1 : true
2025-03-07 16:23:19,252 [INFO] ADCParametersView:116 -                Rank 1 : false
2025-03-07 16:23:19,252 [INFO] ADCParametersView:116 -                SequencerNbRanks 1 : true
2025-03-07 16:23:19,252 [INFO] ADCParametersView:116 -                Rank 1 : false
2025-03-07 16:23:19,252 [INFO] ADCParametersView:116 -                SequencerNbRanks 1 : true
2025-03-07 16:23:19,252 [INFO] ADCParametersView:116 -                Rank 1 : false
2025-03-07 16:23:19,252 [INFO] ADCParametersView:116 -                SequencerNbRanks 1 : true
2025-03-07 16:23:19,252 [INFO] ADCParametersView:116 -                Rank 1 : false
2025-03-07 16:23:19,252 [INFO] ADCParametersView:116 -                SequencerNbRanks 1 : true
2025-03-07 16:23:19,252 [INFO] ADCParametersView:116 -                Rank 1 : false
2025-03-07 16:23:19,252 [INFO] ADCParametersView:116 -                SequencerNbRanks 1 : true
2025-03-07 16:23:19,252 [INFO] ADCParametersView:116 -                Rank 1 : false
2025-03-07 16:23:19,252 [INFO] ADCParametersView:116 -                SequencerNbRanks 1 : true
2025-03-07 16:23:19,253 [INFO] ADCParametersView:116 -                Rank 1 : false
2025-03-07 16:23:19,253 [INFO] ADCParametersView:116 -                Rank 1 : false
2025-03-07 16:23:19,253 [INFO] ADCParametersView:116 -                Rank 1 : false
2025-03-07 16:23:19,253 [INFO] ADCParametersView:116 -                Rank 1 : false
2025-03-07 16:23:19,253 [INFO] ADCParametersView:116 -                Rank 1 : false
2025-03-07 16:23:19,253 [INFO] ADCParametersView:116 -                Rank 1 : false
2025-03-07 16:23:19,253 [INFO] ADCParametersView:116 -                Rank 1 : false
2025-03-07 16:23:19,316 [INFO] ADCParametersView:116 -                SequencerNbRanks 1 : true
2025-03-07 16:23:19,316 [INFO] ADCParametersView:116 -                SequencerNbRanks 1 : true
2025-03-07 16:23:19,317 [INFO] ADCParametersView:116 -                SequencerNbRanks 1 : true
2025-03-07 16:23:19,317 [INFO] ADCParametersView:116 -                SequencerNbRanks 1 : true
2025-03-07 16:23:19,317 [INFO] ADCParametersView:116 -                SequencerNbRanks 1 : true
2025-03-07 16:23:19,317 [INFO] ADCParametersView:116 -                SequencerNbRanks 1 : true
2025-03-07 16:23:19,318 [INFO] ADCParametersView:116 -                SequencerNbRanks 1 : true
2025-03-07 16:23:19,318 [INFO] ADCParametersView:116 -                Rank 1 : false
2025-03-07 16:23:19,683 [INFO] ADCParametersView:116 -                SequencerNbRanks 1 : true
2025-03-07 16:23:19,683 [INFO] ADCParametersView:116 -                Rank 1 : false
2025-03-07 16:23:19,684 [INFO] ADCParametersView:116 -                SequencerNbRanks 1 : true
2025-03-07 16:23:19,685 [INFO] ADCParametersView:116 -                Rank 1 : false
2025-03-07 16:23:19,685 [INFO] ADCParametersView:116 -                SequencerNbRanks 1 : true
2025-03-07 16:23:19,685 [INFO] ADCParametersView:116 -                Rank 1 : false
2025-03-07 16:23:19,685 [INFO] ADCParametersView:116 -                SequencerNbRanks 1 : true
2025-03-07 16:23:19,685 [INFO] ADCParametersView:116 -                Rank 1 : false
2025-03-07 16:23:19,685 [INFO] ADCParametersView:116 -                SequencerNbRanks 1 : true
2025-03-07 16:23:19,685 [INFO] ADCParametersView:116 -                Rank 1 : false
2025-03-07 16:23:19,685 [INFO] ADCParametersView:116 -                SequencerNbRanks 1 : true
2025-03-07 16:23:19,685 [INFO] ADCParametersView:116 -                Rank 1 : false
2025-03-07 16:23:19,686 [INFO] ADCParametersView:116 -                SequencerNbRanks 1 : true
2025-03-07 16:23:19,686 [INFO] ADCParametersView:116 -                Rank 1 : false
2025-03-07 16:23:19,686 [INFO] ADCParametersView:116 -                SequencerNbRanks 1 : true
2025-03-07 16:23:19,686 [INFO] ADCParametersView:116 -                Rank 1 : false
2025-03-07 16:23:19,686 [INFO] ADCParametersView:116 -                SequencerNbRanks 1 : true
2025-03-07 16:23:19,686 [INFO] ADCParametersView:116 -                Rank 1 : false
2025-03-07 16:23:19,686 [INFO] ADCParametersView:116 -                SequencerNbRanks 1 : true
2025-03-07 16:23:19,686 [INFO] ADCParametersView:116 -                Rank 1 : false
2025-03-07 16:23:19,686 [INFO] ADCParametersView:116 -                SequencerNbRanks 1 : true
2025-03-07 16:23:19,687 [INFO] ADCParametersView:116 -                Rank 1 : false
2025-03-07 16:23:19,687 [INFO] ADCParametersView:116 -                SequencerNbRanks 1 : true
2025-03-07 16:23:19,687 [INFO] ADCParametersView:116 -                Rank 1 : false
2025-03-07 16:23:19,687 [INFO] ADCParametersView:116 -                SequencerNbRanks 1 : true
2025-03-07 16:23:19,687 [INFO] ADCParametersView:116 -                Rank 1 : false
2025-03-07 16:23:19,687 [INFO] ADCParametersView:116 -                SequencerNbRanks 1 : true
2025-03-07 16:23:19,687 [INFO] ADCParametersView:116 -                Rank 1 : false
2025-03-07 16:23:19,688 [INFO] ADCParametersView:116 -                SequencerNbRanks 1 : true
2025-03-07 16:23:19,688 [INFO] ADCParametersView:116 -                Rank 1 : false
2025-03-07 16:23:19,688 [INFO] ADCParametersView:116 -                Rank 1 : false
2025-03-07 16:23:19,688 [INFO] ADCParametersView:116 -                Rank 1 : false
2025-03-07 16:23:19,688 [INFO] ADCParametersView:116 -                Rank 1 : false
2025-03-07 16:23:19,689 [INFO] ADCParametersView:116 -                Rank 1 : false
2025-03-07 16:23:19,689 [INFO] ADCParametersView:116 -                Rank 1 : false
2025-03-07 16:23:19,690 [INFO] ADCParametersView:116 -                Rank 1 : false
2025-03-07 16:23:19,779 [INFO] ADCParametersView:116 -                SequencerNbRanks 1 : true
2025-03-07 16:23:19,779 [INFO] ADCParametersView:116 -                SequencerNbRanks 1 : true
2025-03-07 16:23:19,780 [INFO] ADCParametersView:116 -                SequencerNbRanks 1 : true
2025-03-07 16:23:19,780 [INFO] ADCParametersView:116 -                SequencerNbRanks 1 : true
2025-03-07 16:23:19,781 [INFO] ADCParametersView:116 -                SequencerNbRanks 1 : true
2025-03-07 16:23:19,781 [INFO] ADCParametersView:116 -                SequencerNbRanks 1 : true
2025-03-07 16:23:19,781 [INFO] ADCParametersView:116 -                SequencerNbRanks 1 : true
2025-03-07 16:23:19,781 [INFO] ADCParametersView:116 -                Rank 1 : false
2025-03-07 16:23:19,885 [INFO] ADCParametersView:116 -                SequencerNbRanks 1 : true
2025-03-07 16:23:19,885 [INFO] ADCParametersView:116 -                Rank 1 : false
2025-03-07 16:23:19,885 [INFO] ADCParametersView:116 -                SequencerNbRanks 1 : true
2025-03-07 16:23:19,886 [INFO] ADCParametersView:116 -                Rank 1 : false
2025-03-07 16:23:19,886 [INFO] ADCParametersView:116 -                SequencerNbRanks 1 : true
2025-03-07 16:23:19,886 [INFO] ADCParametersView:116 -                Rank 1 : false
2025-03-07 16:23:19,886 [INFO] ADCParametersView:116 -                SequencerNbRanks 1 : true
2025-03-07 16:23:19,886 [INFO] ADCParametersView:116 -                Rank 1 : false
2025-03-07 16:23:19,886 [INFO] ADCParametersView:116 -                SequencerNbRanks 1 : true
2025-03-07 16:23:19,886 [INFO] ADCParametersView:116 -                Rank 1 : false
2025-03-07 16:23:19,886 [INFO] ADCParametersView:116 -                SequencerNbRanks 1 : true
2025-03-07 16:23:19,886 [INFO] ADCParametersView:116 -                Rank 1 : false
2025-03-07 16:23:19,886 [INFO] ADCParametersView:116 -                SequencerNbRanks 1 : true
2025-03-07 16:23:19,886 [INFO] ADCParametersView:116 -                Rank 1 : false
2025-03-07 16:23:19,887 [INFO] ADCParametersView:116 -                SequencerNbRanks 1 : true
2025-03-07 16:23:19,887 [INFO] ADCParametersView:116 -                Rank 1 : false
2025-03-07 16:23:19,887 [INFO] ADCParametersView:116 -                SequencerNbRanks 1 : true
2025-03-07 16:23:19,887 [INFO] ADCParametersView:116 -                Rank 1 : false
2025-03-07 16:23:19,887 [INFO] ADCParametersView:116 -                SequencerNbRanks 1 : true
2025-03-07 16:23:19,887 [INFO] ADCParametersView:116 -                Rank 1 : false
2025-03-07 16:23:19,887 [INFO] ADCParametersView:116 -                SequencerNbRanks 1 : true
2025-03-07 16:23:19,887 [INFO] ADCParametersView:116 -                Rank 1 : false
2025-03-07 16:23:19,888 [INFO] ADCParametersView:116 -                SequencerNbRanks 1 : true
2025-03-07 16:23:19,888 [INFO] ADCParametersView:116 -                Rank 1 : false
2025-03-07 16:23:19,888 [INFO] ADCParametersView:116 -                SequencerNbRanks 1 : true
2025-03-07 16:23:19,888 [INFO] ADCParametersView:116 -                Rank 1 : false
2025-03-07 16:23:19,888 [INFO] ADCParametersView:116 -                SequencerNbRanks 1 : true
2025-03-07 16:23:19,888 [INFO] ADCParametersView:116 -                Rank 1 : false
2025-03-07 16:23:19,888 [INFO] ADCParametersView:116 -                SequencerNbRanks 1 : true
2025-03-07 16:23:19,888 [INFO] ADCParametersView:116 -                Rank 1 : false
2025-03-07 16:23:19,889 [INFO] ADCParametersView:116 -                Rank 1 : false
2025-03-07 16:23:19,889 [INFO] ADCParametersView:116 -                Rank 1 : false
2025-03-07 16:23:19,889 [INFO] ADCParametersView:116 -                Rank 1 : false
2025-03-07 16:23:19,889 [INFO] ADCParametersView:116 -                Rank 1 : false
2025-03-07 16:23:19,889 [INFO] ADCParametersView:116 -                Rank 1 : false
2025-03-07 16:23:19,889 [INFO] ADCParametersView:116 -                Rank 1 : false
2025-03-07 16:23:20,041 [INFO] ADCParametersView:116 -                SequencerNbRanks 1 : true
2025-03-07 16:23:20,041 [INFO] ADCParametersView:116 -                SequencerNbRanks 1 : true
2025-03-07 16:23:20,042 [INFO] ADCParametersView:116 -                SequencerNbRanks 1 : true
2025-03-07 16:23:20,042 [INFO] ADCParametersView:116 -                SequencerNbRanks 1 : true
2025-03-07 16:23:20,042 [INFO] ADCParametersView:116 -                SequencerNbRanks 1 : true
2025-03-07 16:23:20,043 [INFO] ADCParametersView:116 -                SequencerNbRanks 1 : true
2025-03-07 16:23:20,043 [INFO] ADCParametersView:116 -                SequencerNbRanks 1 : true
2025-03-07 16:23:20,044 [INFO] ADCParametersView:116 -                Rank 1 : false
2025-03-07 16:23:35,319 [INFO] ADCParametersView:116 -                SequencerNbRanks 1 : true
2025-03-07 16:23:35,319 [INFO] ADCParametersView:116 -                Rank 1 : false
2025-03-07 16:23:35,321 [INFO] ADCParametersView:116 -                SequencerNbRanks 1 : true
2025-03-07 16:23:35,321 [INFO] ADCParametersView:116 -                Rank 1 : false
2025-03-07 16:23:35,321 [INFO] ADCParametersView:116 -                SequencerNbRanks 1 : true
2025-03-07 16:23:35,321 [INFO] ADCParametersView:116 -                Rank 1 : false
2025-03-07 16:23:35,321 [INFO] ADCParametersView:116 -                SequencerNbRanks 1 : true
2025-03-07 16:23:35,321 [INFO] ADCParametersView:116 -                Rank 1 : false
2025-03-07 16:23:35,321 [INFO] ADCParametersView:116 -                SequencerNbRanks 1 : true
2025-03-07 16:23:35,321 [INFO] ADCParametersView:116 -                Rank 1 : false
2025-03-07 16:23:35,321 [INFO] ADCParametersView:116 -                SequencerNbRanks 1 : true
2025-03-07 16:23:35,321 [INFO] ADCParametersView:116 -                Rank 1 : false
2025-03-07 16:23:35,322 [INFO] ADCParametersView:116 -                SequencerNbRanks 1 : true
2025-03-07 16:23:35,322 [INFO] ADCParametersView:116 -                Rank 1 : false
2025-03-07 16:23:35,322 [INFO] ADCParametersView:116 -                SequencerNbRanks 1 : true
2025-03-07 16:23:35,322 [INFO] ADCParametersView:116 -                Rank 1 : false
2025-03-07 16:23:35,322 [INFO] ADCParametersView:116 -                SequencerNbRanks 1 : true
2025-03-07 16:23:35,322 [INFO] ADCParametersView:116 -                Rank 1 : false
2025-03-07 16:23:35,322 [INFO] ADCParametersView:116 -                SequencerNbRanks 1 : true
2025-03-07 16:23:35,322 [INFO] ADCParametersView:116 -                Rank 1 : false
2025-03-07 16:23:35,322 [INFO] ADCParametersView:116 -                SequencerNbRanks 1 : true
2025-03-07 16:23:35,322 [INFO] ADCParametersView:116 -                Rank 1 : false
2025-03-07 16:23:35,322 [INFO] ADCParametersView:116 -                SequencerNbRanks 1 : true
2025-03-07 16:23:35,322 [INFO] ADCParametersView:116 -                Rank 1 : false
2025-03-07 16:23:35,322 [INFO] ADCParametersView:116 -                SequencerNbRanks 1 : true
2025-03-07 16:23:35,322 [INFO] ADCParametersView:116 -                Rank 1 : false
2025-03-07 16:23:35,323 [INFO] ADCParametersView:116 -                SequencerNbRanks 1 : true
2025-03-07 16:23:35,323 [INFO] ADCParametersView:116 -                Rank 1 : false
2025-03-07 16:23:35,323 [INFO] ADCParametersView:116 -                SequencerNbRanks 1 : true
2025-03-07 16:23:35,323 [INFO] ADCParametersView:116 -                Rank 1 : false
2025-03-07 16:23:35,323 [INFO] ADCParametersView:116 -                Rank 1 : false
2025-03-07 16:23:35,323 [INFO] ADCParametersView:116 -                Rank 1 : false
2025-03-07 16:23:35,323 [INFO] ADCParametersView:116 -                Rank 1 : false
2025-03-07 16:23:35,323 [INFO] ADCParametersView:116 -                Rank 1 : false
2025-03-07 16:23:35,323 [INFO] ADCParametersView:116 -                Rank 1 : false
2025-03-07 16:23:35,323 [INFO] ADCParametersView:116 -                Rank 1 : false
2025-03-07 16:23:35,337 [INFO] ADCParametersView:116 -                SequencerNbRanks 1 : true
2025-03-07 16:23:35,337 [INFO] ADCParametersView:116 -                SequencerNbRanks 1 : true
2025-03-07 16:23:35,338 [INFO] ADCParametersView:116 -                SequencerNbRanks 1 : true
2025-03-07 16:23:35,338 [INFO] ADCParametersView:116 -                SequencerNbRanks 1 : true
2025-03-07 16:23:35,338 [INFO] ADCParametersView:116 -                SequencerNbRanks 1 : true
2025-03-07 16:23:35,338 [INFO] ADCParametersView:116 -                SequencerNbRanks 1 : true
2025-03-07 16:23:35,339 [INFO] ADCParametersView:116 -                SequencerNbRanks 1 : true
2025-03-07 16:23:35,339 [INFO] ADCParametersView:116 -                Rank 1 : false
2025-03-07 16:23:35,374 [INFO] ADCParametersView:116 -                SequencerNbRanks 1 : true
2025-03-07 16:23:35,374 [INFO] ADCParametersView:116 -                Rank 1 : false
2025-03-07 16:23:35,376 [INFO] ADCParametersView:116 -                SequencerNbRanks 1 : true
2025-03-07 16:23:35,376 [INFO] ADCParametersView:116 -                Rank 1 : false
2025-03-07 16:23:35,376 [INFO] ADCParametersView:116 -                SequencerNbRanks 1 : true
2025-03-07 16:23:35,376 [INFO] ADCParametersView:116 -                Rank 1 : false
2025-03-07 16:23:35,377 [INFO] ADCParametersView:116 -                SequencerNbRanks 1 : true
2025-03-07 16:23:35,377 [INFO] ADCParametersView:116 -                Rank 1 : false
2025-03-07 16:23:35,377 [INFO] ADCParametersView:116 -                SequencerNbRanks 1 : true
2025-03-07 16:23:35,377 [INFO] ADCParametersView:116 -                Rank 1 : false
2025-03-07 16:23:35,377 [INFO] ADCParametersView:116 -                SequencerNbRanks 1 : true
2025-03-07 16:23:35,377 [INFO] ADCParametersView:116 -                Rank 1 : false
2025-03-07 16:23:35,377 [INFO] ADCParametersView:116 -                SequencerNbRanks 1 : true
2025-03-07 16:23:35,377 [INFO] ADCParametersView:116 -                Rank 1 : false
2025-03-07 16:23:35,378 [INFO] ADCParametersView:116 -                SequencerNbRanks 1 : true
2025-03-07 16:23:35,378 [INFO] ADCParametersView:116 -                Rank 1 : false
2025-03-07 16:23:35,378 [INFO] ADCParametersView:116 -                SequencerNbRanks 1 : true
2025-03-07 16:23:35,378 [INFO] ADCParametersView:116 -                Rank 1 : false
2025-03-07 16:23:35,378 [INFO] ADCParametersView:116 -                SequencerNbRanks 1 : true
2025-03-07 16:23:35,378 [INFO] ADCParametersView:116 -                Rank 1 : false
2025-03-07 16:23:35,378 [INFO] ADCParametersView:116 -                SequencerNbRanks 1 : true
2025-03-07 16:23:35,378 [INFO] ADCParametersView:116 -                Rank 1 : false
2025-03-07 16:23:35,378 [INFO] ADCParametersView:116 -                SequencerNbRanks 1 : true
2025-03-07 16:23:35,379 [INFO] ADCParametersView:116 -                Rank 1 : false
2025-03-07 16:23:35,379 [INFO] ADCParametersView:116 -                SequencerNbRanks 1 : true
2025-03-07 16:23:35,379 [INFO] ADCParametersView:116 -                Rank 1 : false
2025-03-07 16:23:35,379 [INFO] ADCParametersView:116 -                SequencerNbRanks 1 : true
2025-03-07 16:23:35,379 [INFO] ADCParametersView:116 -                Rank 1 : false
2025-03-07 16:23:35,379 [INFO] ADCParametersView:116 -                SequencerNbRanks 1 : true
2025-03-07 16:23:35,379 [INFO] ADCParametersView:116 -                Rank 1 : false
2025-03-07 16:23:35,379 [INFO] ADCParametersView:116 -                Rank 1 : false
2025-03-07 16:23:35,379 [INFO] ADCParametersView:116 -                Rank 1 : false
2025-03-07 16:23:35,380 [INFO] ADCParametersView:116 -                Rank 1 : false
2025-03-07 16:23:35,380 [INFO] ADCParametersView:116 -                Rank 1 : false
2025-03-07 16:23:35,380 [INFO] ADCParametersView:116 -                Rank 1 : false
2025-03-07 16:23:35,380 [INFO] ADCParametersView:116 -                Rank 1 : false
2025-03-07 16:23:35,391 [INFO] ADCParametersView:116 -                SequencerNbRanks 1 : true
2025-03-07 16:23:35,391 [INFO] ADCParametersView:116 -                SequencerNbRanks 1 : true
2025-03-07 16:23:35,393 [INFO] ADCParametersView:116 -                SequencerNbRanks 1 : true
2025-03-07 16:23:35,393 [INFO] ADCParametersView:116 -                SequencerNbRanks 1 : true
2025-03-07 16:23:35,393 [INFO] ADCParametersView:116 -                SequencerNbRanks 1 : true
2025-03-07 16:23:35,393 [INFO] ADCParametersView:116 -                SequencerNbRanks 1 : true
2025-03-07 16:23:35,395 [INFO] ADCParametersView:116 -                SequencerNbRanks 1 : true
2025-03-07 16:23:35,395 [INFO] ADCParametersView:116 -                Rank 1 : false
2025-03-07 16:23:35,457 [INFO] ParamManager:886 - [Generic UI] PropertyChangeEvent: TAB_STATUS_CHANGED , "dont care", "never mind"
2025-03-07 16:23:35,564 [INFO] ADCParametersView:116 -                SequencerNbRanks 1 : true
2025-03-07 16:23:35,564 [INFO] ADCParametersView:116 -                Rank 1 : false
2025-03-07 16:23:35,565 [INFO] ADCParametersView:116 -                SequencerNbRanks 1 : true
2025-03-07 16:23:35,565 [INFO] ADCParametersView:116 -                Rank 1 : false
2025-03-07 16:23:35,565 [INFO] ADCParametersView:116 -                SequencerNbRanks 1 : true
2025-03-07 16:23:35,566 [INFO] ADCParametersView:116 -                Rank 1 : false
2025-03-07 16:23:35,566 [INFO] ADCParametersView:116 -                SequencerNbRanks 1 : true
2025-03-07 16:23:35,566 [INFO] ADCParametersView:116 -                Rank 1 : false
2025-03-07 16:23:35,566 [INFO] ADCParametersView:116 -                SequencerNbRanks 1 : true
2025-03-07 16:23:35,566 [INFO] ADCParametersView:116 -                Rank 1 : false
2025-03-07 16:23:35,566 [INFO] ADCParametersView:116 -                SequencerNbRanks 1 : true
2025-03-07 16:23:35,566 [INFO] ADCParametersView:116 -                Rank 1 : false
2025-03-07 16:23:35,566 [INFO] ADCParametersView:116 -                SequencerNbRanks 1 : true
2025-03-07 16:23:35,566 [INFO] ADCParametersView:116 -                Rank 1 : false
2025-03-07 16:23:35,566 [INFO] ADCParametersView:116 -                SequencerNbRanks 1 : true
2025-03-07 16:23:35,566 [INFO] ADCParametersView:116 -                Rank 1 : false
2025-03-07 16:23:35,566 [INFO] ADCParametersView:116 -                SequencerNbRanks 1 : true
2025-03-07 16:23:35,567 [INFO] ADCParametersView:116 -                Rank 1 : false
2025-03-07 16:23:35,567 [INFO] ADCParametersView:116 -                SequencerNbRanks 1 : true
2025-03-07 16:23:35,567 [INFO] ADCParametersView:116 -                Rank 1 : false
2025-03-07 16:23:35,567 [INFO] ADCParametersView:116 -                SequencerNbRanks 1 : true
2025-03-07 16:23:35,567 [INFO] ADCParametersView:116 -                Rank 1 : false
2025-03-07 16:23:35,567 [INFO] ADCParametersView:116 -                SequencerNbRanks 1 : true
2025-03-07 16:23:35,567 [INFO] ADCParametersView:116 -                Rank 1 : false
2025-03-07 16:23:35,567 [INFO] ADCParametersView:116 -                SequencerNbRanks 1 : true
2025-03-07 16:23:35,567 [INFO] ADCParametersView:116 -                Rank 1 : false
2025-03-07 16:23:35,567 [INFO] ADCParametersView:116 -                SequencerNbRanks 1 : true
2025-03-07 16:23:35,567 [INFO] ADCParametersView:116 -                Rank 1 : false
2025-03-07 16:23:35,567 [INFO] ADCParametersView:116 -                SequencerNbRanks 1 : true
2025-03-07 16:23:35,568 [INFO] ADCParametersView:116 -                Rank 1 : false
2025-03-07 16:23:35,568 [INFO] ADCParametersView:116 -                Rank 1 : false
2025-03-07 16:23:35,568 [INFO] ADCParametersView:116 -                Rank 1 : false
2025-03-07 16:23:35,568 [INFO] ADCParametersView:116 -                Rank 1 : false
2025-03-07 16:23:35,568 [INFO] ADCParametersView:116 -                Rank 1 : false
2025-03-07 16:23:35,568 [INFO] ADCParametersView:116 -                Rank 1 : false
2025-03-07 16:23:35,568 [INFO] ADCParametersView:116 -                Rank 1 : false
2025-03-07 16:23:35,629 [INFO] ParamManager:886 - [Generic UI] PropertyChangeEvent: TAB_STATUS_CHANGED , "dont care", "never mind"
2025-03-07 16:23:35,638 [INFO] ADCParametersView:116 -                SequencerNbRanks 1 : true
2025-03-07 16:23:35,639 [INFO] ADCParametersView:116 -                SequencerNbRanks 1 : true
2025-03-07 16:23:35,640 [INFO] ADCParametersView:116 -                SequencerNbRanks 1 : true
2025-03-07 16:23:35,640 [INFO] ADCParametersView:116 -                SequencerNbRanks 1 : true
2025-03-07 16:23:35,640 [INFO] ADCParametersView:116 -                SequencerNbRanks 1 : true
2025-03-07 16:23:35,641 [INFO] ADCParametersView:116 -                SequencerNbRanks 1 : true
2025-03-07 16:23:35,642 [INFO] ADCParametersView:116 -                SequencerNbRanks 1 : true
2025-03-07 16:23:35,642 [INFO] ADCParametersView:116 -                Rank 1 : false
2025-03-07 16:23:35,823 [INFO] ADCParametersView:116 -                SequencerNbRanks 1 : true
2025-03-07 16:23:35,823 [INFO] ADCParametersView:116 -                Rank 1 : false
2025-03-07 16:23:35,825 [INFO] ADCParametersView:116 -                SequencerNbRanks 1 : true
2025-03-07 16:23:35,825 [INFO] ADCParametersView:116 -                Rank 1 : false
2025-03-07 16:23:35,825 [INFO] ADCParametersView:116 -                SequencerNbRanks 1 : true
2025-03-07 16:23:35,825 [INFO] ADCParametersView:116 -                Rank 1 : false
2025-03-07 16:23:35,825 [INFO] ADCParametersView:116 -                SequencerNbRanks 1 : true
2025-03-07 16:23:35,825 [INFO] ADCParametersView:116 -                Rank 1 : false
2025-03-07 16:23:35,825 [INFO] ADCParametersView:116 -                SequencerNbRanks 1 : true
2025-03-07 16:23:35,825 [INFO] ADCParametersView:116 -                Rank 1 : false
2025-03-07 16:23:35,825 [INFO] ADCParametersView:116 -                SequencerNbRanks 1 : true
2025-03-07 16:23:35,825 [INFO] ADCParametersView:116 -                Rank 1 : false
2025-03-07 16:23:35,825 [INFO] ADCParametersView:116 -                SequencerNbRanks 1 : true
2025-03-07 16:23:35,826 [INFO] ADCParametersView:116 -                Rank 1 : false
2025-03-07 16:23:35,826 [INFO] ADCParametersView:116 -                SequencerNbRanks 1 : true
2025-03-07 16:23:35,826 [INFO] ADCParametersView:116 -                Rank 1 : false
2025-03-07 16:23:35,826 [INFO] ADCParametersView:116 -                SequencerNbRanks 1 : true
2025-03-07 16:23:35,826 [INFO] ADCParametersView:116 -                Rank 1 : false
2025-03-07 16:23:35,826 [INFO] ADCParametersView:116 -                SequencerNbRanks 1 : true
2025-03-07 16:23:35,826 [INFO] ADCParametersView:116 -                Rank 1 : false
2025-03-07 16:23:35,826 [INFO] ADCParametersView:116 -                SequencerNbRanks 1 : true
2025-03-07 16:23:35,826 [INFO] ADCParametersView:116 -                Rank 1 : false
2025-03-07 16:23:35,827 [INFO] ADCParametersView:116 -                SequencerNbRanks 1 : true
2025-03-07 16:23:35,827 [INFO] ADCParametersView:116 -                Rank 1 : false
2025-03-07 16:23:35,827 [INFO] ADCParametersView:116 -                SequencerNbRanks 1 : true
2025-03-07 16:23:35,827 [INFO] ADCParametersView:116 -                Rank 1 : false
2025-03-07 16:23:35,827 [INFO] ADCParametersView:116 -                SequencerNbRanks 1 : true
2025-03-07 16:23:35,827 [INFO] ADCParametersView:116 -                Rank 1 : false
2025-03-07 16:23:35,827 [INFO] ADCParametersView:116 -                SequencerNbRanks 1 : true
2025-03-07 16:23:35,827 [INFO] ADCParametersView:116 -                Rank 1 : false
2025-03-07 16:23:35,828 [INFO] ADCParametersView:116 -                Rank 1 : false
2025-03-07 16:23:35,828 [INFO] ADCParametersView:116 -                Rank 1 : false
2025-03-07 16:23:35,828 [INFO] ADCParametersView:116 -                Rank 1 : false
2025-03-07 16:23:35,828 [INFO] ADCParametersView:116 -                Rank 1 : false
2025-03-07 16:23:35,828 [INFO] ADCParametersView:116 -                Rank 1 : false
2025-03-07 16:23:35,828 [INFO] ADCParametersView:116 -                Rank 1 : false
2025-03-07 16:23:35,902 [INFO] ADCParametersView:116 -                SequencerNbRanks 1 : true
2025-03-07 16:23:35,903 [INFO] ADCParametersView:116 -                SequencerNbRanks 1 : true
2025-03-07 16:23:35,904 [INFO] ADCParametersView:116 -                SequencerNbRanks 1 : true
2025-03-07 16:23:35,904 [INFO] ADCParametersView:116 -                SequencerNbRanks 1 : true
2025-03-07 16:23:35,904 [INFO] ADCParametersView:116 -                SequencerNbRanks 1 : true
2025-03-07 16:23:35,904 [INFO] ADCParametersView:116 -                SequencerNbRanks 1 : true
2025-03-07 16:23:35,905 [INFO] ADCParametersView:116 -                SequencerNbRanks 1 : true
2025-03-07 16:23:35,905 [INFO] ADCParametersView:116 -                Rank 1 : false
2025-03-07 16:23:36,301 [INFO] ADCParametersView:116 -                SequencerNbRanks 1 : true
2025-03-07 16:23:36,301 [INFO] ADCParametersView:116 -                Rank 1 : false
2025-03-07 16:23:36,302 [INFO] ADCParametersView:116 -                SequencerNbRanks 1 : true
2025-03-07 16:23:36,303 [INFO] ADCParametersView:116 -                Rank 1 : false
2025-03-07 16:23:36,303 [INFO] ADCParametersView:116 -                SequencerNbRanks 1 : true
2025-03-07 16:23:36,303 [INFO] ADCParametersView:116 -                Rank 1 : false
2025-03-07 16:23:36,303 [INFO] ADCParametersView:116 -                SequencerNbRanks 1 : true
2025-03-07 16:23:36,303 [INFO] ADCParametersView:116 -                Rank 1 : false
2025-03-07 16:23:36,303 [INFO] ADCParametersView:116 -                SequencerNbRanks 1 : true
2025-03-07 16:23:36,303 [INFO] ADCParametersView:116 -                Rank 1 : false
2025-03-07 16:23:36,303 [INFO] ADCParametersView:116 -                SequencerNbRanks 1 : true
2025-03-07 16:23:36,303 [INFO] ADCParametersView:116 -                Rank 1 : false
2025-03-07 16:23:36,303 [INFO] ADCParametersView:116 -                SequencerNbRanks 1 : true
2025-03-07 16:23:36,303 [INFO] ADCParametersView:116 -                Rank 1 : false
2025-03-07 16:23:36,303 [INFO] ADCParametersView:116 -                SequencerNbRanks 1 : true
2025-03-07 16:23:36,304 [INFO] ADCParametersView:116 -                Rank 1 : false
2025-03-07 16:23:36,304 [INFO] ADCParametersView:116 -                SequencerNbRanks 1 : true
2025-03-07 16:23:36,304 [INFO] ADCParametersView:116 -                Rank 1 : false
2025-03-07 16:23:36,304 [INFO] ADCParametersView:116 -                SequencerNbRanks 1 : true
2025-03-07 16:23:36,304 [INFO] ADCParametersView:116 -                Rank 1 : false
2025-03-07 16:23:36,304 [INFO] ADCParametersView:116 -                SequencerNbRanks 1 : true
2025-03-07 16:23:36,304 [INFO] ADCParametersView:116 -                Rank 1 : false
2025-03-07 16:23:36,305 [INFO] ADCParametersView:116 -                SequencerNbRanks 1 : true
2025-03-07 16:23:36,305 [INFO] ADCParametersView:116 -                Rank 1 : false
2025-03-07 16:23:36,305 [INFO] ADCParametersView:116 -                SequencerNbRanks 1 : true
2025-03-07 16:23:36,305 [INFO] ADCParametersView:116 -                Rank 1 : false
2025-03-07 16:23:36,305 [INFO] ADCParametersView:116 -                SequencerNbRanks 1 : true
2025-03-07 16:23:36,305 [INFO] ADCParametersView:116 -                Rank 1 : false
2025-03-07 16:23:36,305 [INFO] ADCParametersView:116 -                SequencerNbRanks 1 : true
2025-03-07 16:23:36,305 [INFO] ADCParametersView:116 -                Rank 1 : false
2025-03-07 16:23:36,306 [INFO] ADCParametersView:116 -                Rank 1 : false
2025-03-07 16:23:36,306 [INFO] ADCParametersView:116 -                Rank 1 : false
2025-03-07 16:23:36,306 [INFO] ADCParametersView:116 -                Rank 1 : false
2025-03-07 16:23:36,306 [INFO] ADCParametersView:116 -                Rank 1 : false
2025-03-07 16:23:36,306 [INFO] ADCParametersView:116 -                Rank 1 : false
2025-03-07 16:23:36,306 [INFO] ADCParametersView:116 -                Rank 1 : false
2025-03-07 16:23:36,381 [INFO] ADCParametersView:116 -                SequencerNbRanks 1 : true
2025-03-07 16:23:36,381 [INFO] ADCParametersView:116 -                SequencerNbRanks 1 : true
2025-03-07 16:23:36,383 [INFO] ADCParametersView:116 -                SequencerNbRanks 1 : true
2025-03-07 16:23:36,383 [INFO] ADCParametersView:116 -                SequencerNbRanks 1 : true
2025-03-07 16:23:36,383 [INFO] ADCParametersView:116 -                SequencerNbRanks 1 : true
2025-03-07 16:23:36,383 [INFO] ADCParametersView:116 -                SequencerNbRanks 1 : true
2025-03-07 16:23:36,384 [INFO] ADCParametersView:116 -                SequencerNbRanks 1 : true
2025-03-07 16:23:36,384 [INFO] ADCParametersView:116 -                Rank 1 : false
2025-03-07 16:23:36,486 [INFO] ADCParametersView:116 -                SequencerNbRanks 1 : true
2025-03-07 16:23:36,486 [INFO] ADCParametersView:116 -                Rank 1 : false
2025-03-07 16:23:36,487 [INFO] ADCParametersView:116 -                SequencerNbRanks 1 : true
2025-03-07 16:23:36,487 [INFO] ADCParametersView:116 -                Rank 1 : false
2025-03-07 16:23:36,487 [INFO] ADCParametersView:116 -                SequencerNbRanks 1 : true
2025-03-07 16:23:36,487 [INFO] ADCParametersView:116 -                Rank 1 : false
2025-03-07 16:23:36,488 [INFO] ADCParametersView:116 -                SequencerNbRanks 1 : true
2025-03-07 16:23:36,488 [INFO] ADCParametersView:116 -                Rank 1 : false
2025-03-07 16:23:36,488 [INFO] ADCParametersView:116 -                SequencerNbRanks 1 : true
2025-03-07 16:23:36,488 [INFO] ADCParametersView:116 -                Rank 1 : false
2025-03-07 16:23:36,488 [INFO] ADCParametersView:116 -                SequencerNbRanks 1 : true
2025-03-07 16:23:36,488 [INFO] ADCParametersView:116 -                Rank 1 : false
2025-03-07 16:23:36,488 [INFO] ADCParametersView:116 -                SequencerNbRanks 1 : true
2025-03-07 16:23:36,489 [INFO] ADCParametersView:116 -                Rank 1 : false
2025-03-07 16:23:36,489 [INFO] ADCParametersView:116 -                SequencerNbRanks 1 : true
2025-03-07 16:23:36,489 [INFO] ADCParametersView:116 -                Rank 1 : false
2025-03-07 16:23:36,489 [INFO] ADCParametersView:116 -                SequencerNbRanks 1 : true
2025-03-07 16:23:36,489 [INFO] ADCParametersView:116 -                Rank 1 : false
2025-03-07 16:23:36,489 [INFO] ADCParametersView:116 -                SequencerNbRanks 1 : true
2025-03-07 16:23:36,489 [INFO] ADCParametersView:116 -                Rank 1 : false
2025-03-07 16:23:36,489 [INFO] ADCParametersView:116 -                SequencerNbRanks 1 : true
2025-03-07 16:23:36,489 [INFO] ADCParametersView:116 -                Rank 1 : false
2025-03-07 16:23:36,489 [INFO] ADCParametersView:116 -                SequencerNbRanks 1 : true
2025-03-07 16:23:36,489 [INFO] ADCParametersView:116 -                Rank 1 : false
2025-03-07 16:23:36,489 [INFO] ADCParametersView:116 -                SequencerNbRanks 1 : true
2025-03-07 16:23:36,489 [INFO] ADCParametersView:116 -                Rank 1 : false
2025-03-07 16:23:36,489 [INFO] ADCParametersView:116 -                SequencerNbRanks 1 : true
2025-03-07 16:23:36,489 [INFO] ADCParametersView:116 -                Rank 1 : false
2025-03-07 16:23:36,489 [INFO] ADCParametersView:116 -                SequencerNbRanks 1 : true
2025-03-07 16:23:36,489 [INFO] ADCParametersView:116 -                Rank 1 : false
2025-03-07 16:23:36,490 [INFO] ADCParametersView:116 -                Rank 1 : false
2025-03-07 16:23:36,490 [INFO] ADCParametersView:116 -                Rank 1 : false
2025-03-07 16:23:36,490 [INFO] ADCParametersView:116 -                Rank 1 : false
2025-03-07 16:23:36,490 [INFO] ADCParametersView:116 -                Rank 1 : false
2025-03-07 16:23:36,490 [INFO] ADCParametersView:116 -                Rank 1 : false
2025-03-07 16:23:36,490 [INFO] ADCParametersView:116 -                Rank 1 : false
2025-03-07 16:23:36,552 [INFO] ADCParametersView:116 -                SequencerNbRanks 1 : true
2025-03-07 16:23:36,552 [INFO] ADCParametersView:116 -                SequencerNbRanks 1 : true
2025-03-07 16:23:36,553 [INFO] ADCParametersView:116 -                SequencerNbRanks 1 : true
2025-03-07 16:23:36,553 [INFO] ADCParametersView:116 -                SequencerNbRanks 1 : true
2025-03-07 16:23:36,553 [INFO] ADCParametersView:116 -                SequencerNbRanks 1 : true
2025-03-07 16:23:36,554 [INFO] ADCParametersView:116 -                SequencerNbRanks 1 : true
2025-03-07 16:23:36,554 [INFO] ADCParametersView:116 -                SequencerNbRanks 1 : true
2025-03-07 16:23:36,554 [INFO] ADCParametersView:116 -                Rank 1 : false
2025-03-07 16:23:57,059 [INFO] ADCParametersView:116 -                SequencerNbRanks 1 : true
2025-03-07 16:23:57,059 [INFO] ADCParametersView:116 -                Rank 1 : false
2025-03-07 16:23:57,060 [INFO] ADCParametersView:116 -                SequencerNbRanks 1 : true
2025-03-07 16:23:57,060 [INFO] ADCParametersView:116 -                Rank 1 : false
2025-03-07 16:23:57,060 [INFO] ADCParametersView:116 -                SequencerNbRanks 1 : true
2025-03-07 16:23:57,060 [INFO] ADCParametersView:116 -                Rank 1 : false
2025-03-07 16:23:57,061 [INFO] ADCParametersView:116 -                SequencerNbRanks 1 : true
2025-03-07 16:23:57,061 [INFO] ADCParametersView:116 -                Rank 1 : false
2025-03-07 16:23:57,061 [INFO] ADCParametersView:116 -                SequencerNbRanks 1 : true
2025-03-07 16:23:57,061 [INFO] ADCParametersView:116 -                Rank 1 : false
2025-03-07 16:23:57,061 [INFO] ADCParametersView:116 -                SequencerNbRanks 1 : true
2025-03-07 16:23:57,061 [INFO] ADCParametersView:116 -                Rank 1 : false
2025-03-07 16:23:57,061 [INFO] ADCParametersView:116 -                SequencerNbRanks 1 : true
2025-03-07 16:23:57,061 [INFO] ADCParametersView:116 -                Rank 1 : false
2025-03-07 16:23:57,061 [INFO] ADCParametersView:116 -                SequencerNbRanks 1 : true
2025-03-07 16:23:57,061 [INFO] ADCParametersView:116 -                Rank 1 : false
2025-03-07 16:23:57,061 [INFO] ADCParametersView:116 -                SequencerNbRanks 1 : true
2025-03-07 16:23:57,061 [INFO] ADCParametersView:116 -                Rank 1 : false
2025-03-07 16:23:57,061 [INFO] ADCParametersView:116 -                SequencerNbRanks 1 : true
2025-03-07 16:23:57,062 [INFO] ADCParametersView:116 -                Rank 1 : false
2025-03-07 16:23:57,062 [INFO] ADCParametersView:116 -                SequencerNbRanks 1 : true
2025-03-07 16:23:57,062 [INFO] ADCParametersView:116 -                Rank 1 : false
2025-03-07 16:23:57,062 [INFO] ADCParametersView:116 -                SequencerNbRanks 1 : true
2025-03-07 16:23:57,062 [INFO] ADCParametersView:116 -                Rank 1 : false
2025-03-07 16:23:57,062 [INFO] ADCParametersView:116 -                SequencerNbRanks 1 : true
2025-03-07 16:23:57,062 [INFO] ADCParametersView:116 -                Rank 1 : false
2025-03-07 16:23:57,062 [INFO] ADCParametersView:116 -                SequencerNbRanks 1 : true
2025-03-07 16:23:57,062 [INFO] ADCParametersView:116 -                Rank 1 : false
2025-03-07 16:23:57,062 [INFO] ADCParametersView:116 -                SequencerNbRanks 1 : true
2025-03-07 16:23:57,062 [INFO] ADCParametersView:116 -                Rank 1 : false
2025-03-07 16:23:57,062 [INFO] ADCParametersView:116 -                Rank 1 : false
2025-03-07 16:23:57,063 [INFO] ADCParametersView:116 -                Rank 1 : false
2025-03-07 16:23:57,063 [INFO] ADCParametersView:116 -                Rank 1 : false
2025-03-07 16:23:57,063 [INFO] ADCParametersView:116 -                Rank 1 : false
2025-03-07 16:23:57,063 [INFO] ADCParametersView:116 -                Rank 1 : false
2025-03-07 16:23:57,063 [INFO] ADCParametersView:116 -                Rank 1 : false
2025-03-07 16:23:57,122 [INFO] ADCParametersView:116 -                SequencerNbRanks 1 : true
2025-03-07 16:23:57,122 [INFO] ADCParametersView:116 -                SequencerNbRanks 1 : true
2025-03-07 16:23:57,123 [INFO] ADCParametersView:116 -                SequencerNbRanks 1 : true
2025-03-07 16:23:57,123 [INFO] ADCParametersView:116 -                SequencerNbRanks 1 : true
2025-03-07 16:23:57,123 [INFO] ADCParametersView:116 -                SequencerNbRanks 1 : true
2025-03-07 16:23:57,123 [INFO] ADCParametersView:116 -                SequencerNbRanks 1 : true
2025-03-07 16:23:57,124 [INFO] ADCParametersView:116 -                SequencerNbRanks 1 : true
2025-03-07 16:23:57,124 [INFO] ADCParametersView:116 -                Rank 1 : false
2025-03-07 16:24:06,549 [INFO] UtilMem:75 - End SaveConfig() Used Memory: 817244672 Bytes (1073741824)
2025-03-07 16:24:09,150 [INFO] UtilMem:75 - End SaveConfig() Used Memory: 843459072 Bytes (1073741824)
2025-03-07 16:24:12,324 [INFO] UtilMem:75 - End SaveConfig() Used Memory: 823535808 Bytes (1073741824)
2025-03-07 16:24:13,402 [INFO] BlockDiagram:2759 - set Specific Code input for plugin: SPI
2025-03-07 16:24:13,402 [INFO] BlockDiagram:2759 - set Specific Code input for plugin: DAC
2025-03-07 16:24:13,402 [INFO] BlockDiagram:2759 - set Specific Code input for plugin: TIM1_8F3
2025-03-07 16:24:13,402 [INFO] BlockDiagram:2759 - set Specific Code input for plugin: ADC
2025-03-07 16:24:13,402 [INFO] BlockDiagram:2759 - set Specific Code input for plugin: ADC
2025-03-07 16:24:13,402 [INFO] BlockDiagram:2759 - set Specific Code input for plugin: SYS
2025-03-07 16:24:13,402 [INFO] BlockDiagram:2759 - set Specific Code input for plugin: ADC
2025-03-07 16:24:13,403 [INFO] BlockDiagram:2759 - set Specific Code input for plugin: RCC
2025-03-07 16:24:13,403 [INFO] BlockDiagram:2759 - set Specific Code input for plugin: NVIC
2025-03-07 16:24:13,403 [INFO] BlockDiagram:2759 - set Specific Code input for plugin: USART
2025-03-07 16:24:13,403 [INFO] BlockDiagram:2759 - set Specific Code input for plugin: DMA
2025-03-07 16:24:13,404 [INFO] BlockDiagram:2759 - set Specific Code input for plugin: GPIO
2025-03-07 16:24:13,407 [INFO] CodeGenerator:793 - code generatio: config db path: C:\ST\STM32CubeIDE_1.12.1\STM32CubeIDE\plugins\com.st.stm32cube.common.mx_6.8.1.202304191431\\db\
2025-03-07 16:24:13,427 [INFO] Argument:319 - Argument : hdmavalue: null
2025-03-07 16:24:13,428 [INFO] Argument:321 - 	 sub Args: 
2025-03-07 16:24:13,428 [INFO] Argument:319 - Argument : Instancevalue: DMA2_Channel1
2025-03-07 16:24:13,428 [INFO] Argument:329 - Argument : Instancevalue: DMA2_Channel1
2025-03-07 16:24:13,428 [INFO] Argument:319 - Argument : Initvalue: null
2025-03-07 16:24:13,428 [INFO] Argument:321 - 	 sub Args: 
2025-03-07 16:24:13,428 [INFO] Argument:319 - Argument : Directionvalue: DMA_PERIPH_TO_MEMORY
2025-03-07 16:24:13,428 [INFO] Argument:329 - Argument : Directionvalue: DMA_PERIPH_TO_MEMORY
2025-03-07 16:24:13,428 [INFO] Argument:319 - Argument : PeriphIncvalue: DMA_PINC_DISABLE
2025-03-07 16:24:13,428 [INFO] Argument:329 - Argument : PeriphIncvalue: DMA_PINC_DISABLE
2025-03-07 16:24:13,429 [INFO] Argument:319 - Argument : MemIncvalue: DMA_MINC_ENABLE
2025-03-07 16:24:13,429 [INFO] Argument:329 - Argument : MemIncvalue: DMA_MINC_ENABLE
2025-03-07 16:24:13,429 [INFO] Argument:319 - Argument : PeriphDataAlignmentvalue: DMA_PDATAALIGN_HALFWORD
2025-03-07 16:24:13,429 [INFO] Argument:329 - Argument : PeriphDataAlignmentvalue: DMA_PDATAALIGN_HALFWORD
2025-03-07 16:24:13,429 [INFO] Argument:319 - Argument : MemDataAlignmentvalue: DMA_MDATAALIGN_HALFWORD
2025-03-07 16:24:13,429 [INFO] Argument:329 - Argument : MemDataAlignmentvalue: DMA_MDATAALIGN_HALFWORD
2025-03-07 16:24:13,429 [INFO] Argument:319 - Argument : Modevalue: DMA_NORMAL
2025-03-07 16:24:13,430 [INFO] Argument:329 - Argument : Modevalue: DMA_NORMAL
2025-03-07 16:24:13,430 [INFO] Argument:319 - Argument : Priorityvalue: DMA_PRIORITY_LOW
2025-03-07 16:24:13,430 [INFO] Argument:329 - Argument : Priorityvalue: DMA_PRIORITY_LOW
2025-03-07 16:24:13,430 [INFO] Argument:319 - Argument : Lockvalue: null
2025-03-07 16:24:13,430 [INFO] Argument:329 - Argument : Lockvalue: null
2025-03-07 16:24:13,430 [INFO] Argument:319 - Argument : Statevalue: null
2025-03-07 16:24:13,430 [INFO] Argument:329 - Argument : Statevalue: null
2025-03-07 16:24:13,430 [INFO] Argument:319 - Argument : Parentvalue: null
2025-03-07 16:24:13,430 [INFO] Argument:329 - Argument : Parentvalue: null
2025-03-07 16:24:13,431 [INFO] Argument:319 - Argument : XferCpltCallbackvalue: null
2025-03-07 16:24:13,431 [INFO] Argument:329 - Argument : XferCpltCallbackvalue: null
2025-03-07 16:24:13,431 [INFO] Argument:319 - Argument : XferHalfCpltCallbackvalue: null
2025-03-07 16:24:13,431 [INFO] Argument:329 - Argument : XferHalfCpltCallbackvalue: null
2025-03-07 16:24:13,431 [INFO] Argument:319 - Argument : XferErrorCallbackvalue: null
2025-03-07 16:24:13,431 [INFO] Argument:329 - Argument : XferErrorCallbackvalue: null
2025-03-07 16:24:13,431 [INFO] Argument:319 - Argument : ErrorCodevalue: null
2025-03-07 16:24:13,432 [INFO] Argument:329 - Argument : ErrorCodevalue: null
2025-03-07 16:24:13,432 [INFO] Argument:319 - Argument : DMA_Remapvalue: null
2025-03-07 16:24:13,432 [INFO] Argument:329 - Argument : DMA_Remapvalue: null
2025-03-07 16:24:13,443 [INFO] Argument:319 - Argument : hdmavalue: null
2025-03-07 16:24:13,444 [INFO] Argument:321 - 	 sub Args: 
2025-03-07 16:24:13,444 [INFO] Argument:319 - Argument : Instancevalue: DMA2_Channel2
2025-03-07 16:24:13,445 [INFO] Argument:329 - Argument : Instancevalue: DMA2_Channel2
2025-03-07 16:24:13,445 [INFO] Argument:319 - Argument : Initvalue: null
2025-03-07 16:24:13,445 [INFO] Argument:321 - 	 sub Args: 
2025-03-07 16:24:13,445 [INFO] Argument:319 - Argument : Directionvalue: DMA_PERIPH_TO_MEMORY
2025-03-07 16:24:13,445 [INFO] Argument:329 - Argument : Directionvalue: DMA_PERIPH_TO_MEMORY
2025-03-07 16:24:13,445 [INFO] Argument:319 - Argument : PeriphIncvalue: DMA_PINC_DISABLE
2025-03-07 16:24:13,445 [INFO] Argument:329 - Argument : PeriphIncvalue: DMA_PINC_DISABLE
2025-03-07 16:24:13,445 [INFO] Argument:319 - Argument : MemIncvalue: DMA_MINC_ENABLE
2025-03-07 16:24:13,445 [INFO] Argument:329 - Argument : MemIncvalue: DMA_MINC_ENABLE
2025-03-07 16:24:13,446 [INFO] Argument:319 - Argument : PeriphDataAlignmentvalue: DMA_PDATAALIGN_HALFWORD
2025-03-07 16:24:13,446 [INFO] Argument:329 - Argument : PeriphDataAlignmentvalue: DMA_PDATAALIGN_HALFWORD
2025-03-07 16:24:13,446 [INFO] Argument:319 - Argument : MemDataAlignmentvalue: DMA_MDATAALIGN_HALFWORD
2025-03-07 16:24:13,446 [INFO] Argument:329 - Argument : MemDataAlignmentvalue: DMA_MDATAALIGN_HALFWORD
2025-03-07 16:24:13,446 [INFO] Argument:319 - Argument : Modevalue: DMA_NORMAL
2025-03-07 16:24:13,446 [INFO] Argument:329 - Argument : Modevalue: DMA_NORMAL
2025-03-07 16:24:13,446 [INFO] Argument:319 - Argument : Priorityvalue: DMA_PRIORITY_LOW
2025-03-07 16:24:13,447 [INFO] Argument:329 - Argument : Priorityvalue: DMA_PRIORITY_LOW
2025-03-07 16:24:13,447 [INFO] Argument:319 - Argument : Lockvalue: null
2025-03-07 16:24:13,447 [INFO] Argument:329 - Argument : Lockvalue: null
2025-03-07 16:24:13,447 [INFO] Argument:319 - Argument : Statevalue: null
2025-03-07 16:24:13,447 [INFO] Argument:329 - Argument : Statevalue: null
2025-03-07 16:24:13,447 [INFO] Argument:319 - Argument : Parentvalue: null
2025-03-07 16:24:13,447 [INFO] Argument:329 - Argument : Parentvalue: null
2025-03-07 16:24:13,447 [INFO] Argument:319 - Argument : XferCpltCallbackvalue: null
2025-03-07 16:24:13,447 [INFO] Argument:329 - Argument : XferCpltCallbackvalue: null
2025-03-07 16:24:13,448 [INFO] Argument:319 - Argument : XferHalfCpltCallbackvalue: null
2025-03-07 16:24:13,448 [INFO] Argument:329 - Argument : XferHalfCpltCallbackvalue: null
2025-03-07 16:24:13,448 [INFO] Argument:319 - Argument : XferErrorCallbackvalue: null
2025-03-07 16:24:13,448 [INFO] Argument:329 - Argument : XferErrorCallbackvalue: null
2025-03-07 16:24:13,448 [INFO] Argument:319 - Argument : ErrorCodevalue: null
2025-03-07 16:24:13,448 [INFO] Argument:329 - Argument : ErrorCodevalue: null
2025-03-07 16:24:13,448 [INFO] Argument:319 - Argument : DMA_Remapvalue: null
2025-03-07 16:24:13,448 [INFO] Argument:329 - Argument : DMA_Remapvalue: null
2025-03-07 16:24:13,780 [INFO] CodeEngine:255 - oldGeneratedFile, C:\Users\user\Documents\WS24\Schaltungsentwicklung\bsp_project\battery_management1\MXTmpFiles\license.tmp_save
2025-03-07 16:24:13,965 [INFO] CodeEngine:279 - Generated code: C:\Users\user\Documents\WS24\Schaltungsentwicklung\bsp_project\battery_management1\MXTmpFiles\license.tmp
2025-03-07 16:24:14,112 [INFO] CodeEngine:255 - oldGeneratedFile, C:\Users\user\Documents\WS24\Schaltungsentwicklung\bsp_project\battery_management1\MXTmpFiles\gpio.tmp_save
2025-03-07 16:24:14,219 [INFO] CodeEngine:279 - Generated code: C:\Users\user\Documents\WS24\Schaltungsentwicklung\bsp_project\battery_management1\MXTmpFiles\gpio.tmp
2025-03-07 16:24:15,235 [INFO] CodeEngine:255 - oldGeneratedFile, C:\Users\user\Documents\WS24\Schaltungsentwicklung\bsp_project\battery_management1\MXTmpFiles\dma.tmp_save
2025-03-07 16:24:15,361 [INFO] CodeEngine:279 - Generated code: C:\Users\user\Documents\WS24\Schaltungsentwicklung\bsp_project\battery_management1\MXTmpFiles\dma.tmp
2025-03-07 16:24:15,369 [INFO] CodeEngine:255 - oldGeneratedFile, C:\Users\user\Documents\WS24\Schaltungsentwicklung\bsp_project\battery_management1\MXTmpFiles\dma_GV.tmp_save
2025-03-07 16:24:15,469 [INFO] CodeEngine:279 - Generated code: C:\Users\user\Documents\WS24\Schaltungsentwicklung\bsp_project\battery_management1\MXTmpFiles\dma_GV.tmp
2025-03-07 16:24:15,498 [INFO] CodeEngine:255 - oldGeneratedFile, C:\Users\user\Documents\WS24\Schaltungsentwicklung\bsp_project\battery_management1\Core\Src\stm32f3xx_it.c_save
2025-03-07 16:24:15,743 [INFO] CodeEngine:279 - Generated code: C:\Users\user\Documents\WS24\Schaltungsentwicklung\bsp_project\battery_management1\Core\Src\stm32f3xx_it.c
2025-03-07 16:24:15,756 [INFO] CodeEngine:255 - oldGeneratedFile, C:\Users\user\Documents\WS24\Schaltungsentwicklung\bsp_project\battery_management1\Core\Inc\stm32f3xx_it.h_save
2025-03-07 16:24:15,870 [INFO] CodeEngine:279 - Generated code: C:\Users\user\Documents\WS24\Schaltungsentwicklung\bsp_project\battery_management1\Core\Inc\stm32f3xx_it.h
2025-03-07 16:24:15,895 [INFO] CodeEngine:255 - oldGeneratedFile, C:\Users\user\Documents\WS24\Schaltungsentwicklung\bsp_project\battery_management1\Core\Src\stm32f3xx_hal_msp.c_save
2025-03-07 16:24:16,128 [INFO] CodeEngine:279 - Generated code: C:\Users\user\Documents\WS24\Schaltungsentwicklung\bsp_project\battery_management1\Core\Src\stm32f3xx_hal_msp.c
2025-03-07 16:24:16,143 [INFO] CodeEngine:255 - oldGeneratedFile, C:\Users\user\Documents\WS24\Schaltungsentwicklung\bsp_project\battery_management1\MXTmpFiles\system.tmp_save
2025-03-07 16:24:16,343 [INFO] CodeEngine:279 - Generated code: C:\Users\user\Documents\WS24\Schaltungsentwicklung\bsp_project\battery_management1\MXTmpFiles\system.tmp
2025-03-07 16:24:16,367 [INFO] CodeEngine:311 - oldGeneratedFile, C:\Users\user\Documents\WS24\Schaltungsentwicklung\bsp_project\battery_management1\Core\Inc\stm32f3xx_hal_conf.h_save
2025-03-07 16:24:16,477 [INFO] CodeEngine:335 - Generated code: C:\Users\user\Documents\WS24\Schaltungsentwicklung\bsp_project\battery_management1\Core\Inc\stm32f3xx_hal_conf.h
2025-03-07 16:24:16,521 [WARN] IPConfigManager:3431 - IP not found : TIM
2025-03-07 16:24:16,524 [WARN] CodeGenerator:3754 - IP not found : null
2025-03-07 16:24:16,546 [INFO] CodeEngine:255 - oldGeneratedFile, C:\Users\user\Documents\WS24\Schaltungsentwicklung\bsp_project\battery_management1\Core\Inc\main.h_save
2025-03-07 16:24:16,683 [INFO] CodeEngine:279 - Generated code: C:\Users\user\Documents\WS24\Schaltungsentwicklung\bsp_project\battery_management1\Core\Inc\main.h
2025-03-07 16:24:16,699 [INFO] CodeEngine:255 - oldGeneratedFile, C:\Users\user\Documents\WS24\Schaltungsentwicklung\bsp_project\battery_management1\Core\Src\main.c_save
2025-03-07 16:24:16,909 [INFO] CodeEngine:279 - Generated code: C:\Users\user\Documents\WS24\Schaltungsentwicklung\bsp_project\battery_management1\Core\Src\main.c
2025-03-07 16:24:18,024 [INFO] ProjectBuilder:2996 - Time for Copy HAL[1] : 454mS.
2025-03-07 16:24:18,032 [INFO] ProjectBuilder:4304 - Project Generator version: 3.19.2
2025-03-07 16:24:18,610 [INFO] ConfigFileManager:1483 - The Die is : DIE446
2025-03-07 16:24:21,395 [INFO] ProjectBuilder:4505 - Time for Generating toolchain IDE Files: 3363mS.
2025-03-07 16:24:21,397 [INFO] ProjectBuilder:2867 - Time for Copy CMSIS : 1mS.
2025-03-07 16:24:21,406 [INFO] ProjectBuilder:2867 - Time for Copy CMSIS : 0mS.
2025-03-07 16:34:35,680 [INFO] NvicIntPanel:101 - NVIC parent = com.st.microxplorer.plugins.ip.nvic.MultiNvicIntPanel[,0,0,453x244,layout=javax.swing.BoxLayout,alignmentX=0.0,alignmentY=0.0,border=,flags=9,maximumSize=,minimumSize=,preferredSize=]
