2025-03-04 08:58:16,159 [INFO] LogOutputStream:77 - [STDOUT_REDIRECT] 1 : Invalid condition id : UX_CORESTACK_Condition cause : null
2025-03-04 08:58:16,174 [INFO] LogOutputStream:77 - [STDOUT_REDIRECT] 1 : Invalid condition id : UX_CORESTACK_Condition cause : null
2025-03-04 08:58:16,174 [INFO] LogOutputStream:77 - [STDOUT_REDIRECT] 1 : Invalid condition id : UX_CORESTACK_Condition cause : null
2025-03-04 08:58:16,190 [INFO] LogOutputStream:77 - [STDOUT_REDIRECT] 1 : Invalid condition id : UX_CORESTACK_Condition cause : null
2025-03-04 08:58:16,190 [INFO] LogOutputStream:77 - [STDOUT_REDIRECT] 1 : Invalid condition id : UX_CORESTACK_Condition cause : null
2025-03-04 08:58:16,190 [WARN] PackLoader:240 - Cannot read IP mode file for STMicroelectronics.X-CUBE-AZRTOS-WL.2.0.0
2025-03-04 08:58:16,206 [WARN] PackLoader:240 - Cannot read IP mode file for STMicroelectronics.FP-SNS-MOTENV1.5.0.0
2025-03-04 08:58:16,221 [WARN] PackLoader:240 - Cannot read IP mode file for wolfSSL.I-CUBE-wolfMQTT.1.19.0
2025-03-04 08:58:16,237 [WARN] PackLoader:240 - Cannot read IP mode file for WES.I-CUBE-Cesium.1.3.0
2025-03-04 08:58:16,252 [WARN] PackLoader:240 - Cannot read IP mode file for STMicroelectronics.X-CUBE-BLE2.3.3.0
2025-03-04 08:58:16,268 [WARN] PackLoader:240 - Cannot read IP mode file for STMicroelectronics.X-CUBE-NFC9.1.0.0
2025-03-04 08:58:16,284 [WARN] PackLoader:240 - Cannot read IP mode file for STMicroelectronics.X-CUBE-BLE1.7.1.0
2025-03-04 08:58:16,284 [WARN] PackLoader:240 - Cannot read IP mode file for STMicroelectronics.X-CUBE-TOUCHGFX.4.21.3
2025-03-04 08:58:16,299 [WARN] PackLoader:240 - Cannot read IP mode file for STMicroelectronics.X-CUBE-TOUCHGFX.4.21.4
2025-03-04 08:58:16,315 [WARN] PackLoader:240 - Cannot read IP mode file for STMicroelectronics.X-CUBE-ALGOBUILD.1.3.0
2025-03-04 08:58:16,346 [WARN] PackLoader:240 - Cannot read IP mode file for STMicroelectronics.X-CUBE-AZRTOS-G0.1.1.0
2025-03-04 08:58:16,362 [WARN] PackLoader:240 - Cannot read IP mode file for STMicroelectronics.X-CUBE-SAFEA1.1.2.2
2025-03-04 08:58:16,378 [WARN] PackLoader:240 - Cannot read IP mode file for STMicroelectronics.X-CUBE-NFC4.3.0.0
2025-03-04 08:58:16,394 [ERROR] Engine:466 - C:\Users\user\.stm32cubemx\thirdparties\pdsc\EmbeddedOffice.I-CUBE-FS-RTOS.1.0.1.pdsc: PDSC version is not supported
2025-03-04 08:58:16,394 [ERROR] Engine:466 - C:\Users\user\.stm32cubemx\thirdparties\pdsc\STMicroelectronics.X-CUBE-TCPP.4.2.0.pdsc: PDSC version is not supported
2025-03-04 08:58:16,394 [ERROR] Engine:466 - C:\Users\user\.stm32cubemx\thirdparties\pdsc\RealThread.X-CUBE-RT-Thread_Nano.4.1.1.pdsc: PDSC version is not supported
2025-03-04 08:58:16,409 [WARN] PackLoader:240 - Cannot read IP mode file for STMicroelectronics.FP-ATR-SIGFOX1.3.2.0
2025-03-04 08:58:16,409 [ERROR] Engine:466 - C:\Users\user\.stm32cubemx\thirdparties\pdsc\quantropi.X-CUBE-qispace-sdk-base.1.9.3.pdsc: PDSC version is not supported
2025-03-04 08:58:16,425 [WARN] PackLoader:240 - Cannot read IP mode file for STMicroelectronics.X-CUBE-EEPRMA1.5.1.0
2025-03-04 08:58:16,472 [WARN] PackLoader:240 - Cannot read IP mode file for ITTIA_DB.I-CUBE-ITTIADB.8.9.0
2025-03-04 08:58:16,519 [WARN] PackLoader:240 - Cannot read IP mode file for SEGGER.I-CUBE-embOS.1.3.1
2025-03-04 08:58:16,613 [WARN] PackLoader:240 - Cannot read IP mode file for STMicroelectronics.X-CUBE-ALGOBUILD.1.4.0
2025-03-04 08:58:16,613 [WARN] PackLoader:240 - Cannot read IP mode file for STMicroelectronics.X-CUBE-AI.9.1.0
2025-03-04 08:58:16,628 [WARN] PackLoader:240 - Cannot read IP mode file for STMicroelectronics.X-CUBE-GNSS1.6.0.0
2025-03-04 08:58:16,660 [WARN] PackLoader:240 - Cannot read IP mode file for STMicroelectronics.X-CUBE-AZRTOS-F4.1.1.0
2025-03-04 08:58:16,675 [WARN] PackLoader:240 - Cannot read IP mode file for wolfSSL.I-CUBE-wolfSSL.5.6.0
2025-03-04 08:58:16,675 [WARN] PackLoader:240 - Cannot read IP mode file for STMicroelectronics.X-CUBE-ISPU.2.1.0
2025-03-04 08:58:16,707 [WARN] PackLoader:240 - Cannot read IP mode file for STMicroelectronics.X-CUBE-AZRTOS-L5.2.0.0
2025-03-04 08:58:16,785 [WARN] PackLoader:240 - Cannot read IP mode file for STMicroelectronics.X-CUBE-MEMS1.9.6.0
2025-03-04 08:58:16,973 [WARN] PackLoader:240 - Cannot read IP mode file for STMicroelectronics.X-CUBE-NFC6.3.1.0
2025-03-04 08:58:16,988 [WARN] PackLoader:240 - Cannot read IP mode file for emotas.I-CUBE-CANOPEN.1.1.3
2025-03-04 08:58:16,988 [WARN] PackLoader:240 - Cannot read IP mode file for STMicroelectronics.X-CUBE-BLEMGR.2.0.0
2025-03-04 08:58:17,004 [ERROR] Engine:466 - C:\Users\user\.stm32cubemx\thirdparties\pdsc\STMicroelectronics.X-CUBE-DPower.1.2.0.pdsc: PDSC version is not supported
2025-03-04 08:58:17,035 [WARN] ConditionMgr:438 - getConditionDescription Invalid condition id : UX DEVICE CLASS RTOS Condition cause : null
2025-03-04 08:58:17,035 [WARN] ConditionMgr:438 - getConditionDescription Invalid condition id : UX DEVICE CLASS RTOS Condition cause : null
2025-03-04 08:58:17,035 [WARN] PackLoader:240 - Cannot read IP mode file for STMicroelectronics.X-CUBE-AZRTOS-H7.3.1.0
2025-03-04 08:58:17,035 [WARN] ConditionMgr:1039 - genDependencies : Invalid condition id : UX DEVICE CLASS RTOS Condition cause : null
2025-03-04 08:58:17,035 [WARN] ConditionMgr:1039 - genDependencies : Invalid condition id : UX DEVICE CLASS RTOS Condition cause : null
2025-03-04 08:58:17,051 [WARN] ConditionMgr:1039 - genDependencies : Invalid condition id : UX DEVICE CLASS RTOS Condition cause : null
2025-03-04 08:58:17,051 [WARN] ConditionMgr:1039 - genDependencies : Invalid condition id : UX DEVICE CLASS RTOS Condition cause : null
2025-03-04 08:58:17,051 [WARN] ConditionMgr:1039 - genDependencies : Invalid condition id : UX DEVICE CLASS RTOS Condition cause : null
2025-03-04 08:58:17,051 [WARN] PackLoader:240 - Cannot read IP mode file for STMicroelectronics.X-CUBE-FREERTOS.1.3.0
2025-03-04 08:58:17,066 [WARN] PackLoader:240 - Cannot read IP mode file for STMicroelectronics.X-CUBE-NFC7.1.0.1
2025-03-04 08:58:17,082 [WARN] PackLoader:240 - Cannot read IP mode file for STMicroelectronics.X-CUBE-NFC7.1.0.0
2025-03-04 08:58:17,082 [WARN] PackLoader:240 - Cannot read IP mode file for STMicroelectronics.X-CUBE-NFC6.3.0.0
2025-03-04 08:58:17,098 [WARN] PackLoader:240 - Cannot read IP mode file for STMicroelectronics.X-CUBE-EEPRMA1.4.1.0
2025-03-04 08:58:17,114 [WARN] PackLoader:240 - Cannot read IP mode file for STMicroelectronics.X-CUBE-AI.8.1.0
2025-03-04 08:58:17,129 [WARN] ConditionMgr:438 - getConditionDescription Invalid condition id : LAN8742 Phy interface Condition cause : null
2025-03-04 08:58:17,129 [WARN] PackLoader:240 - Cannot read IP mode file for STMicroelectronics.X-CUBE-AZRTOS-L4.2.0.0
2025-03-04 08:58:17,145 [WARN] ConditionMgr:1039 - genDependencies : Invalid condition id : LAN8742 Phy interface Condition cause : null
2025-03-04 08:58:17,145 [WARN] ConditionMgr:1039 - genDependencies : Invalid condition id : LAN8742 Phy interface Condition cause : null
2025-03-04 08:58:17,145 [WARN] ConditionMgr:1039 - genDependencies : Invalid condition id : LAN8742 Phy interface Condition cause : null
2025-03-04 08:58:17,160 [WARN] PackLoader:240 - Cannot read IP mode file for STMicroelectronics.X-CUBE-SFXS2LP1.4.0.0
2025-03-04 08:58:17,160 [WARN] PackLoader:240 - Cannot read IP mode file for STMicroelectronics.X-CUBE-ISPU.1.1.0
2025-03-04 08:58:17,192 [WARN] PackLoader:240 - Cannot read IP mode file for STMicroelectronics.X-CUBE-AZRTOS-H7.3.3.0
2025-03-04 08:58:17,208 [WARN] PackLoader:240 - Cannot read IP mode file for STMicroelectronics.X-CUBE-AI.8.0.0
2025-03-04 08:58:17,223 [WARN] ConditionMgr:438 - getConditionDescription Invalid condition id : UX DEVICE CLASS RTOS Condition cause : null
2025-03-04 08:58:17,223 [WARN] ConditionMgr:438 - getConditionDescription Invalid condition id : UX DEVICE CLASS RTOS Condition cause : null
2025-03-04 08:58:17,223 [WARN] PackLoader:240 - Cannot read IP mode file for STMicroelectronics.X-CUBE-AZRTOS-WB.2.0.0
2025-03-04 08:58:17,223 [WARN] ConditionMgr:1039 - genDependencies : Invalid condition id : UX DEVICE CLASS RTOS Condition cause : null
2025-03-04 08:58:17,223 [WARN] ConditionMgr:1039 - genDependencies : Invalid condition id : UX DEVICE CLASS RTOS Condition cause : null
2025-03-04 08:58:17,223 [WARN] ConditionMgr:1039 - genDependencies : Invalid condition id : UX DEVICE CLASS RTOS Condition cause : null
2025-03-04 08:58:17,223 [WARN] ConditionMgr:1039 - genDependencies : Invalid condition id : UX DEVICE CLASS RTOS Condition cause : null
2025-03-04 08:58:17,223 [WARN] ConditionMgr:1039 - genDependencies : Invalid condition id : UX DEVICE CLASS RTOS Condition cause : null
2025-03-04 08:58:17,239 [WARN] PackLoader:240 - Cannot read IP mode file for STMicroelectronics.X-CUBE-FREERTOS.1.0.1
2025-03-04 08:58:17,239 [WARN] PackLoader:240 - Cannot read IP mode file for STMicroelectronics.X-CUBE-GNSS1.7.0.1
2025-03-04 08:58:17,255 [ERROR] Engine:466 - C:\Users\user\.stm32cubemx\thirdparties\pdsc\STMicroelectronics.FP-SNS-STBOX1.2.0.0.pdsc: PDSC version is not supported
2025-03-04 08:58:17,270 [WARN] PackLoader:240 - Cannot read IP mode file for STMicroelectronics.X-CUBE-AZRTOS-L5.1.1.0
2025-03-04 08:58:17,286 [WARN] PackLoader:240 - Cannot read IP mode file for STMicroelectronics.X-CUBE-AI.8.0.1
2025-03-04 08:58:17,302 [WARN] PackLoader:240 - Cannot read IP mode file for STMicroelectronics.X-CUBE-SUBG2.5.0.0
2025-03-04 08:58:17,317 [WARN] PackLoader:240 - Cannot read IP mode file for Cesanta.I-CUBE-Mongoose.7.13.0
2025-03-04 08:58:17,348 [WARN] PackLoader:240 - Cannot read IP mode file for STMicroelectronics.X-CUBE-TOF1.3.3.1
2025-03-04 08:58:17,380 [WARN] PackLoader:240 - Cannot read IP mode file for STMicroelectronics.X-CUBE-AZRTOS-G4.2.0.0
2025-03-04 08:58:17,395 [WARN] PackLoader:240 - Cannot read IP mode file for STMicroelectronics.X-CUBE-TOF1.3.3.0
2025-03-04 08:58:17,411 [WARN] PackLoader:240 - Cannot read IP mode file for STMicroelectronics.FP-SNS-MOTENVWB1.1.3.1
2025-03-04 08:58:17,427 [WARN] PackLoader:240 - Cannot read IP mode file for STMicroelectronics.X-CUBE-AZRTOS-L4.1.0.0
2025-03-04 08:58:17,442 [WARN] PackLoader:240 - Cannot read IP mode file for STMicroelectronics.X-CUBE-ISPU.2.0.0
2025-03-04 08:58:17,458 [ERROR] Engine:466 - C:\Users\user\.stm32cubemx\thirdparties\pdsc\STMicroelectronics.X-CUBE-IPS.3.1.0.pdsc: PDSC version is not supported
2025-03-04 08:58:17,458 [WARN] PackLoader:240 - Cannot read IP mode file for STMicroelectronics.X-CUBE-ALS.1.0.2
2025-03-04 08:58:17,552 [WARN] PackLoader:240 - Cannot read IP mode file for STMicroelectronics.X-CUBE-MEMS1.10.0.0
2025-03-04 08:58:17,709 [WARN] PackLoader:240 - Cannot read IP mode file for STMicroelectronics.X-CUBE-FREERTOS.1.1.0
2025-03-04 08:58:17,709 [WARN] PackLoader:240 - Cannot read IP mode file for STMicroelectronics.X-CUBE-TOUCHGFX.4.24.2
2025-03-04 08:58:17,724 [WARN] PackLoader:240 - Cannot read IP mode file for STMicroelectronics.X-CUBE-AZRTOS-WL.1.0.0
2025-03-04 08:58:17,740 [WARN] PackLoader:240 - Cannot read IP mode file for wolfSSL.I-CUBE-wolfTPM.3.4.0
2025-03-04 08:58:17,755 [WARN] PackLoader:240 - Cannot read IP mode file for portGmbH.I-Cube-SoM-uGOAL.1.1.0
2025-03-04 08:58:17,755 [WARN] PackLoader:240 - Cannot read IP mode file for STMicroelectronics.X-CUBE-ALS.1.0.1
2025-03-04 08:58:17,771 [WARN] PackLoader:240 - Cannot read IP mode file for STMicroelectronics.X-CUBE-AZRTOS-WB.1.1.0
2025-03-04 08:58:17,802 [WARN] PackLoader:240 - Cannot read IP mode file for STMicroelectronics.X-CUBE-AZRTOS-H7RS.1.0.0
2025-03-04 08:58:17,818 [WARN] PackLoader:240 - Cannot read IP mode file for STMicroelectronics.FP-ATR-ASTRA1.2.0.0
2025-03-04 08:58:17,818 [ERROR] Engine:466 - C:\Users\user\.stm32cubemx\thirdparties\pdsc\STMicroelectronics.X-CUBE-TOF1.3.4.2.pdsc: PDSC version is not supported
2025-03-04 08:58:17,834 [WARN] PackLoader:240 - Cannot read IP mode file for STMicroelectronics.X-CUBE-TOF1.3.4.1
2025-03-04 08:58:17,880 [WARN] PackLoader:240 - Cannot read IP mode file for STMicroelectronics.X-CUBE-AZRTOS-H7.3.2.0
2025-03-04 08:58:17,912 [WARN] PackLoader:240 - Cannot read IP mode file for Infineon.AIROC-Wi-Fi-Bluetooth-STM32.1.6.0
2025-03-04 08:58:17,928 [WARN] PackLoader:240 - Cannot read IP mode file for wolfSSL.I-CUBE-wolfSSH.1.4.17
2025-03-04 08:58:17,928 [INFO] ThirdParty:978 - Integrity check success = true
2025-03-04 08:58:17,928 [INFO] IntegrityCheckThread:100 - exiting critical section [integrity check]
2025-03-04 08:58:17,928 [INFO] IntegrityCheckThread:103 - End integrity checks thread
2025-03-04 08:58:19,164 [INFO] ApiDb:240 - Found 297 in-development CPN: [B-G473E-ZEST1S, B-WB1M-WPAN1, B-WL5M-SUBG1, NUCLEO-C031C6, NUCLEO-H503RB, NUCLEO-H563ZI, NUCLEO-U545RE-Q, NUCLEO-U5A5ZJ-Q, NUCLEO-WBA52CG, STEVAL-PROTEUS1, STEVAL-STWINBX1, STM320518-EVAL, STM32C0116-DK, STM32C011D6Y3TR, STM32C011D6Y6TR, STM32C011F4P3, STM32C011F4P6, STM32C011F4U3, STM32C011F4U6TR, STM32C011F6P3, STM32C011F6P6, STM32C011F6U3, STM32C011F6U6TR, STM32C011J4M3, STM32C011J4M6, STM32C011J6M3, STM32C011J6M6, STM32C0316-DK, STM32C031C4T3, STM32C031C4T6, STM32C031C4U3, STM32C031C4U6, STM32C031C6T3, STM32C031C6T6, STM32C031C6U3, STM32C031C6U6, STM32C031F4P3, STM32C031F4P6, STM32C031F6P3, STM32C031F6P6, STM32C031G4U3, STM32C031G4U6, STM32C031G6U3, STM32C031G6U6, STM32C031K4T3, STM32C031K4T6, STM32C031K4U3, STM32C031K4U6, STM32C031K6T3, STM32C031K6T6, STM32C031K6U3, STM32C031K6U6, STM32G071K8TXN, STM32G071K8UXN, STM32G081GBU6N, STM32G081KBT6N, STM32G081KBUXN, STM32G0B1CCT6N, STM32G0B1KCT6, STM32G0B1NEY6TR, STM32G0B1RCT6N, STM32G0C1CCT6, STM32G0C1CCT6N, STM32G0C1CCU6N, STM32G0C1CET6N, STM32G0C1CEU6N, STM32G0C1KCT6, STM32G0C1NEY6TR, STM32G0C1RCI6N, STM32G0C1RCT6N, STM32G0C1REI6N, STM32G0C1RET6N, STM32G0C1VCI6, STM32G0C1VEI6, STM32G471CCT6, STM32G471CCU6, STM32G471CET3, STM32G471CET6, STM32G471CEU3, STM32G471CEU6, STM32G471MCT6, STM32G471MET3, STM32G471MET6, STM32G471MEY6TR, STM32G471QCT6, STM32G471QET3, STM32G471RCT6, STM32G471RET3, STM32G471RET6, STM32G471VCH6, STM32G471VCI6, STM32G471VCT6, STM32G471VEH3, STM32G471VEH6, STM32G471VEI3, STM32G471VEI6, STM32G471VET3, STM32G471VET6, STM32G474CCT6, STM32H503CBT6, STM32H503CBU6, STM32H503EBY6TR, STM32H503KBU6, STM32H503RBT6, STM32H562AGI6, STM32H562AII6, STM32H562IGK6, STM32H562IGT6, STM32H562IIK6, STM32H562IIT6, STM32H562RGT6, STM32H562RGV6, STM32H562RIT6, STM32H562RIV6, STM32H562VGT6, STM32H562VIT6, STM32H562ZGT6, STM32H562ZIT6, STM32H563AGI6, STM32H563AII3Q, STM32H563AII6, STM32H563IGK6, STM32H563IGT6, STM32H563IIK3Q, STM32H563IIK6, STM32H563IIT3Q, STM32H563IIT6, STM32H563MIY3QTR, STM32H563RGT6, STM32H563RGV6, STM32H563RIT6, STM32H563RIV6, STM32H563VGT6, STM32H563VIT3Q, STM32H563VIT6, STM32H563ZGT6, STM32H563ZIT3Q, STM32H563ZIT6, STM32H573AII3Q, STM32H573AII6, STM32H573I-DK, STM32H573IIK3Q, STM32H573IIK6, STM32H573IIT3Q, STM32H573IIT6, STM32H573MIY3QTR, STM32H573RIT6, STM32H573RIV6, STM32H573VIT3Q, STM32H573VIT6, STM32H573ZIT3Q, STM32H573ZIT6, STM32L4R5QGI6STR, STM32MP131AAE3, STM32MP131AAF3, STM32MP131AAG3, STM32MP131CAE3, STM32MP131CAF3, STM32MP131CAG3, STM32MP131DAE7, STM32MP131DAF7, STM32MP131DAG7, STM32MP131FAE7, STM32MP131FAF7, STM32MP131FAG7, STM32MP133AAE3, STM32MP133AAF3, STM32MP133AAG3, STM32MP133CAE3, STM32MP133CAF3, STM32MP133CAG3, STM32MP133DAE7, STM32MP133DAF7, STM32MP133DAG7, STM32MP133FAE7, STM32MP133FAF7, STM32MP133FAG7, STM32MP135AAE3, STM32MP135AAF3, STM32MP135AAG3, STM32MP135CAE3, STM32MP135CAF3, STM32MP135CAG3, STM32MP135DAE7, STM32MP135DAF7, STM32MP135DAG7, STM32MP135F-DK, STM32MP135FAE7, STM32MP135FAF7, STM32MP135FAF7T, STM32MP135FAF7U, STM32MP135FAG7, STM32U535CBT6, STM32U535CBT6Q, STM32U535CBU6, STM32U535CBU6Q, STM32U535CCT6, STM32U535CCT6Q, STM32U535CCU6, STM32U535CCU6Q, STM32U535CET6, STM32U535CET6Q, STM32U535CEU6, STM32U535CEU6Q, STM32U535JEY6QTR, STM32U535NCY6QTR, STM32U535NEY6QTR, STM32U535RBI6, STM32U535RBI6Q, STM32U535RBT6, STM32U535RBT6Q, STM32U535RCI6, STM32U535RCI6Q, STM32U535RCT6, STM32U535RCT6Q, STM32U535REI6, STM32U535REI6Q, STM32U535RET6, STM32U535RET6Q, STM32U535VCI6, STM32U535VCI6Q, STM32U535VCT6, STM32U535VCT6Q, STM32U535VEI6, STM32U535VEI6Q, STM32U535VET6, STM32U535VET6Q, STM32U545CET6, STM32U545CET6Q, STM32U545CEU6, STM32U545CEU6Q, STM32U545JEY6QTR, STM32U545NEY6QTR, STM32U545REI6, STM32U545REI6Q, STM32U545RET6, STM32U545RET6Q, STM32U545VEI6, STM32U545VEI6Q, STM32U545VET6, STM32U545VET6Q, STM32U595AIH6, STM32U595AIH6Q, STM32U595AJH6, STM32U595AJH6Q, STM32U595QII6, STM32U595QII6Q, STM32U595QJI6, STM32U595QJI6Q, STM32U595RIT6, STM32U595RIT6Q, STM32U595RJT6, STM32U595RJT6Q, STM32U595VIT6, STM32U595VIT6Q, STM32U595VJT6, STM32U595VJT6Q, STM32U595ZIT6, STM32U595ZIT6Q, STM32U595ZIY6QTR, STM32U595ZJT6, STM32U595ZJT6Q, STM32U595ZJY6QTR, STM32U599BJY6QTR, STM32U599NIH6Q, STM32U599NJH6Q, STM32U599VIT6Q, STM32U599VJT6, STM32U599VJT6Q, STM32U599ZIT6Q, STM32U599ZIY6QTR, STM32U599ZJT6Q, STM32U599ZJY6QTR, STM32U5A5AJH6, STM32U5A5AJH6Q, STM32U5A5QJI6, STM32U5A5QJI6Q, STM32U5A5RJT6, STM32U5A5RJT6Q, STM32U5A5VJT6, STM32U5A5VJT6Q, STM32U5A5ZJT6, STM32U5A5ZJT6Q, STM32U5A5ZJY6QTR, STM32U5A9BJY6QTR, STM32U5A9J-DK, STM32U5A9NJH6Q, STM32U5A9VJT6Q, STM32U5A9ZJT6Q, STM32U5A9ZJY6QTR, STM32WB1MMCH6, STM32WBA52CEU6, STM32WBA52CEU6T, STM32WBA52CGU6, STM32WBA52CGU6T, STM32WL5MOCH6, STM32WL5MOCH6TR]
2025-03-04 08:58:19,180 [INFO] DbMcus:216 - Found 4543 MCUs, 4543 are supported
2025-03-04 08:58:19,195 [INFO] ApiDb:423 - Load user favorites file C:\Users\user/.stm32cubeide/favorites.mcus.txt: 0 item(s)
2025-03-04 08:58:19,195 [INFO] ApiDb:427 - User favorites MCUs=[]
2025-03-04 08:58:19,195 [INFO] DbMcus:222 - Set 0 / 0 favorites MCUs
2025-03-04 08:58:19,993 [INFO] ApiDb:668 - CubeFinder database Data Model version=2.1
2025-03-04 08:58:19,993 [INFO] ApiDb:669 - CubeFinder database Configuration version=3.0.39
2025-03-04 08:58:19,993 [INFO] ApiDb:670 - CubeFinder database generation date=2025-02-18 (1739885696)
2025-03-04 08:58:19,993 [INFO] ApiDb:671 - CubeFinder database FW Pack versions=[FP-ATR-ASTRA1_V2.0.0, FP-SNS-FLIGHT1_V5.0.2, FP-SNS-MOTENV1_V5.0.0, FP-SNS-MOTENVWB1_V1.4.0, FP-SNS-SMARTAG2_V1.2.0, FP-SNS-STBOX1_V2.0.0, STM32Cube_FW_C0_V1.4.0, STM32Cube_FW_F4_V1.28.1, STM32Cube_FW_F7_V1.17.2, STM32Cube_FW_G0_V1.6.2, STM32Cube_FW_G4_V1.6.1, STM32Cube_FW_H5_V1.5.0, STM32Cube_FW_H7RS_V1.2.0, STM32Cube_FW_H7_V1.12.1, STM32Cube_FW_L0_V1.12.2, STM32Cube_FW_L4_V1.18.1, STM32Cube_FW_L5_V1.5.1, STM32Cube_FW_N6_V1.1.0, STM32Cube_FW_U0_V1.2.0, STM32Cube_FW_U3_V1.1.0, STM32Cube_FW_U5_V1.7.0, STM32Cube_FW_WB0_V1.2.0, STM32Cube_FW_WBA_V1.6.0, STM32Cube_FW_WB_V1.22.0, STM32Cube_FW_WL3_V1.1.0, STM32Cube_FW_WL_V1.3.1, X-CUBE-ALGOBUILD_V1.4.0, X-CUBE-ALS_V1.0.2, X-CUBE-AZRTOS-F4_V1.1.0, X-CUBE-AZRTOS-F7_V1.1.0, X-CUBE-AZRTOS-G0_V1.1.0, X-CUBE-AZRTOS-G4_V2.0.0, X-CUBE-AZRTOS-H7RS_V1.0.0, X-CUBE-AZRTOS-H7_V3.3.0, X-CUBE-AZRTOS-L4_V2.0.0, X-CUBE-AZRTOS-L5_V2.0.0, X-CUBE-AZRTOS-WB_V2.0.0, X-CUBE-AZRTOS-WL_V2.0.0, X-CUBE-BLE1_V7.0.0, X-CUBE-BLE2_V3.3.0, X-CUBE-BLEMGR_V4.0.0, X-CUBE-EEPRMA1_V5.1.0, X-CUBE-FREERTOS_V1.3.0, X-CUBE-GNSS1_V6.0.0, X-CUBE-MEMS1_V11.1.0, X-CUBE-NFC4_V3.0.0, X-CUBE-NFC7_V1.0.1, X-CUBE-SFXS2LP1_V4.0.0, X-CUBE-SUBG2_V5.0.0, X-CUBE-TOF1_V3.4.2]
2025-03-04 08:58:20,118 [INFO] DbBoardsSqlite:226 - include board P-NUCLEO-WB55-NUCLEO as a kit item of type 'Nucleo-64'
2025-03-04 08:58:20,118 [INFO] DbBoardsSqlite:226 - include board P-NUCLEO-WB55-USBDONGLE as a kit item of type 'Nucleo USB Dongle'
2025-03-04 08:58:20,118 [INFO] DbBoardsSqlite:226 - include board STEVAL-IDP005V1 as a kit item of type 'Evaluation Board'
2025-03-04 08:58:20,118 [INFO] DbBoardsSqlite:226 - include board STEVAL-IDP005V2 as a kit item of type 'Evaluation Board'
2025-03-04 08:58:20,290 [INFO] ApiDb:240 - Found 297 in-development CPN: [B-G473E-ZEST1S, B-WB1M-WPAN1, B-WL5M-SUBG1, NUCLEO-C031C6, NUCLEO-H503RB, NUCLEO-H563ZI, NUCLEO-U545RE-Q, NUCLEO-U5A5ZJ-Q, NUCLEO-WBA52CG, STEVAL-PROTEUS1, STEVAL-STWINBX1, STM320518-EVAL, STM32C0116-DK, STM32C011D6Y3TR, STM32C011D6Y6TR, STM32C011F4P3, STM32C011F4P6, STM32C011F4U3, STM32C011F4U6TR, STM32C011F6P3, STM32C011F6P6, STM32C011F6U3, STM32C011F6U6TR, STM32C011J4M3, STM32C011J4M6, STM32C011J6M3, STM32C011J6M6, STM32C0316-DK, STM32C031C4T3, STM32C031C4T6, STM32C031C4U3, STM32C031C4U6, STM32C031C6T3, STM32C031C6T6, STM32C031C6U3, STM32C031C6U6, STM32C031F4P3, STM32C031F4P6, STM32C031F6P3, STM32C031F6P6, STM32C031G4U3, STM32C031G4U6, STM32C031G6U3, STM32C031G6U6, STM32C031K4T3, STM32C031K4T6, STM32C031K4U3, STM32C031K4U6, STM32C031K6T3, STM32C031K6T6, STM32C031K6U3, STM32C031K6U6, STM32G071K8TXN, STM32G071K8UXN, STM32G081GBU6N, STM32G081KBT6N, STM32G081KBUXN, STM32G0B1CCT6N, STM32G0B1KCT6, STM32G0B1NEY6TR, STM32G0B1RCT6N, STM32G0C1CCT6, STM32G0C1CCT6N, STM32G0C1CCU6N, STM32G0C1CET6N, STM32G0C1CEU6N, STM32G0C1KCT6, STM32G0C1NEY6TR, STM32G0C1RCI6N, STM32G0C1RCT6N, STM32G0C1REI6N, STM32G0C1RET6N, STM32G0C1VCI6, STM32G0C1VEI6, STM32G471CCT6, STM32G471CCU6, STM32G471CET3, STM32G471CET6, STM32G471CEU3, STM32G471CEU6, STM32G471MCT6, STM32G471MET3, STM32G471MET6, STM32G471MEY6TR, STM32G471QCT6, STM32G471QET3, STM32G471RCT6, STM32G471RET3, STM32G471RET6, STM32G471VCH6, STM32G471VCI6, STM32G471VCT6, STM32G471VEH3, STM32G471VEH6, STM32G471VEI3, STM32G471VEI6, STM32G471VET3, STM32G471VET6, STM32G474CCT6, STM32H503CBT6, STM32H503CBU6, STM32H503EBY6TR, STM32H503KBU6, STM32H503RBT6, STM32H562AGI6, STM32H562AII6, STM32H562IGK6, STM32H562IGT6, STM32H562IIK6, STM32H562IIT6, STM32H562RGT6, STM32H562RGV6, STM32H562RIT6, STM32H562RIV6, STM32H562VGT6, STM32H562VIT6, STM32H562ZGT6, STM32H562ZIT6, STM32H563AGI6, STM32H563AII3Q, STM32H563AII6, STM32H563IGK6, STM32H563IGT6, STM32H563IIK3Q, STM32H563IIK6, STM32H563IIT3Q, STM32H563IIT6, STM32H563MIY3QTR, STM32H563RGT6, STM32H563RGV6, STM32H563RIT6, STM32H563RIV6, STM32H563VGT6, STM32H563VIT3Q, STM32H563VIT6, STM32H563ZGT6, STM32H563ZIT3Q, STM32H563ZIT6, STM32H573AII3Q, STM32H573AII6, STM32H573I-DK, STM32H573IIK3Q, STM32H573IIK6, STM32H573IIT3Q, STM32H573IIT6, STM32H573MIY3QTR, STM32H573RIT6, STM32H573RIV6, STM32H573VIT3Q, STM32H573VIT6, STM32H573ZIT3Q, STM32H573ZIT6, STM32L4R5QGI6STR, STM32MP131AAE3, STM32MP131AAF3, STM32MP131AAG3, STM32MP131CAE3, STM32MP131CAF3, STM32MP131CAG3, STM32MP131DAE7, STM32MP131DAF7, STM32MP131DAG7, STM32MP131FAE7, STM32MP131FAF7, STM32MP131FAG7, STM32MP133AAE3, STM32MP133AAF3, STM32MP133AAG3, STM32MP133CAE3, STM32MP133CAF3, STM32MP133CAG3, STM32MP133DAE7, STM32MP133DAF7, STM32MP133DAG7, STM32MP133FAE7, STM32MP133FAF7, STM32MP133FAG7, STM32MP135AAE3, STM32MP135AAF3, STM32MP135AAG3, STM32MP135CAE3, STM32MP135CAF3, STM32MP135CAG3, STM32MP135DAE7, STM32MP135DAF7, STM32MP135DAG7, STM32MP135F-DK, STM32MP135FAE7, STM32MP135FAF7, STM32MP135FAF7T, STM32MP135FAF7U, STM32MP135FAG7, STM32U535CBT6, STM32U535CBT6Q, STM32U535CBU6, STM32U535CBU6Q, STM32U535CCT6, STM32U535CCT6Q, STM32U535CCU6, STM32U535CCU6Q, STM32U535CET6, STM32U535CET6Q, STM32U535CEU6, STM32U535CEU6Q, STM32U535JEY6QTR, STM32U535NCY6QTR, STM32U535NEY6QTR, STM32U535RBI6, STM32U535RBI6Q, STM32U535RBT6, STM32U535RBT6Q, STM32U535RCI6, STM32U535RCI6Q, STM32U535RCT6, STM32U535RCT6Q, STM32U535REI6, STM32U535REI6Q, STM32U535RET6, STM32U535RET6Q, STM32U535VCI6, STM32U535VCI6Q, STM32U535VCT6, STM32U535VCT6Q, STM32U535VEI6, STM32U535VEI6Q, STM32U535VET6, STM32U535VET6Q, STM32U545CET6, STM32U545CET6Q, STM32U545CEU6, STM32U545CEU6Q, STM32U545JEY6QTR, STM32U545NEY6QTR, STM32U545REI6, STM32U545REI6Q, STM32U545RET6, STM32U545RET6Q, STM32U545VEI6, STM32U545VEI6Q, STM32U545VET6, STM32U545VET6Q, STM32U595AIH6, STM32U595AIH6Q, STM32U595AJH6, STM32U595AJH6Q, STM32U595QII6, STM32U595QII6Q, STM32U595QJI6, STM32U595QJI6Q, STM32U595RIT6, STM32U595RIT6Q, STM32U595RJT6, STM32U595RJT6Q, STM32U595VIT6, STM32U595VIT6Q, STM32U595VJT6, STM32U595VJT6Q, STM32U595ZIT6, STM32U595ZIT6Q, STM32U595ZIY6QTR, STM32U595ZJT6, STM32U595ZJT6Q, STM32U595ZJY6QTR, STM32U599BJY6QTR, STM32U599NIH6Q, STM32U599NJH6Q, STM32U599VIT6Q, STM32U599VJT6, STM32U599VJT6Q, STM32U599ZIT6Q, STM32U599ZIY6QTR, STM32U599ZJT6Q, STM32U599ZJY6QTR, STM32U5A5AJH6, STM32U5A5AJH6Q, STM32U5A5QJI6, STM32U5A5QJI6Q, STM32U5A5RJT6, STM32U5A5RJT6Q, STM32U5A5VJT6, STM32U5A5VJT6Q, STM32U5A5ZJT6, STM32U5A5ZJT6Q, STM32U5A5ZJY6QTR, STM32U5A9BJY6QTR, STM32U5A9J-DK, STM32U5A9NJH6Q, STM32U5A9VJT6Q, STM32U5A9ZJT6Q, STM32U5A9ZJY6QTR, STM32WB1MMCH6, STM32WBA52CEU6, STM32WBA52CEU6T, STM32WBA52CGU6, STM32WBA52CGU6T, STM32WL5MOCH6, STM32WL5MOCH6TR]
2025-03-04 08:58:20,353 [INFO] BoardInfo:880 - No configuration file found for board NUCLEO-C071RB
2025-03-04 08:58:20,353 [INFO] DbBoards:157 - Board is not supported: NUCLEO-C071RB
2025-03-04 08:58:20,446 [INFO] BoardInfo:880 - No configuration file found for board NUCLEO-H533RE
2025-03-04 08:58:20,446 [INFO] DbBoards:157 - Board is not supported: NUCLEO-H533RE
2025-03-04 08:58:20,462 [INFO] BoardInfo:880 - No configuration file found for board NUCLEO-H7S3L8
2025-03-04 08:58:20,462 [INFO] DbBoards:157 - Board is not supported: NUCLEO-H7S3L8
2025-03-04 08:58:20,540 [INFO] BoardInfo:880 - No configuration file found for board NUCLEO-N657X0-Q
2025-03-04 08:58:20,540 [INFO] DbBoards:157 - Board is not supported: NUCLEO-N657X0-Q
2025-03-04 08:58:20,556 [INFO] BoardInfo:880 - No configuration file found for board NUCLEO-U031R8
2025-03-04 08:58:20,556 [INFO] DbBoards:157 - Board is not supported: NUCLEO-U031R8
2025-03-04 08:58:20,556 [INFO] BoardInfo:880 - No configuration file found for board NUCLEO-U083RC
2025-03-04 08:58:20,556 [INFO] DbBoards:157 - Board is not supported: NUCLEO-U083RC
2025-03-04 08:58:20,556 [INFO] BoardInfo:880 - No configuration file found for board NUCLEO-WB05KZ
2025-03-04 08:58:20,556 [INFO] DbBoards:157 - Board is not supported: NUCLEO-WB05KZ
2025-03-04 08:58:20,571 [INFO] BoardInfo:880 - No configuration file found for board NUCLEO-WB07CC
2025-03-04 08:58:20,571 [INFO] DbBoards:157 - Board is not supported: NUCLEO-WB07CC
2025-03-04 08:58:20,571 [INFO] BoardInfo:880 - No configuration file found for board NUCLEO-WB09KE
2025-03-04 08:58:20,571 [INFO] DbBoards:157 - Board is not supported: NUCLEO-WB09KE
2025-03-04 08:58:20,571 [INFO] BoardInfo:880 - No configuration file found for board NUCLEO-WBA55CG
2025-03-04 08:58:20,571 [INFO] DbBoards:157 - Board is not supported: NUCLEO-WBA55CG
2025-03-04 08:58:20,571 [INFO] BoardInfo:880 - No configuration file found for board NUCLEO-WL33CC1
2025-03-04 08:58:20,571 [INFO] DbBoards:157 - Board is not supported: NUCLEO-WL33CC1
2025-03-04 08:58:20,587 [INFO] BoardInfo:880 - No configuration file found for board NUCLEO-WL33CC2
2025-03-04 08:58:20,587 [INFO] DbBoards:157 - Board is not supported: NUCLEO-WL33CC2
2025-03-04 08:58:20,587 [INFO] BoardInfo:880 - No configuration file found for board P-NUCLEO-WB55
2025-03-04 08:58:20,587 [INFO] DbBoards:157 - Kit is not supported: P-NUCLEO-WB55
2025-03-04 08:58:20,603 [INFO] BoardInfo:880 - No configuration file found for board STEVAL-BFA001V1B
2025-03-04 08:58:20,603 [INFO] DbBoards:157 - Kit is not supported: STEVAL-BFA001V1B
2025-03-04 08:58:20,603 [INFO] BoardInfo:880 - No configuration file found for board STEVAL-BFA001V2B
2025-03-04 08:58:20,603 [INFO] DbBoards:157 - Kit is not supported: STEVAL-BFA001V2B
2025-03-04 08:58:20,603 [INFO] BoardInfo:880 - No configuration file found for board STEVAL-MKBOXPRO
2025-03-04 08:58:20,603 [INFO] DbBoards:157 - Board is not supported: STEVAL-MKBOXPRO
2025-03-04 08:58:20,618 [INFO] BoardInfo:880 - No configuration file found for board STEVAL-SMARTAG2
2025-03-04 08:58:20,618 [INFO] DbBoards:157 - Board is not supported: STEVAL-SMARTAG2
2025-03-04 08:58:20,759 [INFO] BoardInfo:880 - No configuration file found for board STM32H7S78-DK
2025-03-04 08:58:20,759 [INFO] DbBoards:157 - Board is not supported: STM32H7S78-DK
2025-03-04 08:58:20,806 [INFO] BoardInfo:880 - No configuration file found for board STM32MP257F-DK
2025-03-04 08:58:20,806 [INFO] DbBoards:157 - Board is not supported: STM32MP257F-DK
2025-03-04 08:58:20,806 [INFO] BoardInfo:880 - No configuration file found for board STM32MP257F-EV1
2025-03-04 08:58:20,806 [INFO] DbBoards:157 - Board is not supported: STM32MP257F-EV1
2025-03-04 08:58:20,806 [INFO] BoardInfo:880 - No configuration file found for board STM32N6570-DK
2025-03-04 08:58:20,806 [INFO] DbBoards:157 - Board is not supported: STM32N6570-DK
2025-03-04 08:58:20,806 [INFO] BoardInfo:880 - No configuration file found for board STM32U083C-DK
2025-03-04 08:58:20,806 [INFO] DbBoards:157 - Board is not supported: STM32U083C-DK
2025-03-04 08:58:20,821 [INFO] BoardInfo:880 - No configuration file found for board STM32U5G9J-DK1
2025-03-04 08:58:20,821 [INFO] DbBoards:157 - Board is not supported: STM32U5G9J-DK1
2025-03-04 08:58:20,821 [INFO] BoardInfo:880 - No configuration file found for board STM32U5G9J-DK2
2025-03-04 08:58:20,821 [INFO] DbBoards:157 - Board is not supported: STM32U5G9J-DK2
2025-03-04 08:58:20,837 [INFO] BoardInfo:880 - No configuration file found for board STM32WBA55G-DK1
2025-03-04 08:58:20,837 [INFO] DbBoards:157 - Board is not supported: STM32WBA55G-DK1
2025-03-04 08:58:20,837 [INFO] DbBoards:161 - Found 205 boards, 180 are supported
2025-03-04 08:58:20,837 [INFO] ApiDb:423 - Load user favorites file C:\Users\user/.stm32cubeide/favorites.boards.txt: 1 item(s)
2025-03-04 08:58:20,837 [INFO] ApiDb:427 - User favorites Boards=[NUCLEO-G491RE]
2025-03-04 08:58:20,837 [INFO] DbBoards:190 - Set 1 / 1 favorites Boards
2025-03-04 08:58:20,837 [INFO] ApiDb:668 - CubeFinder database Data Model version=2.1
2025-03-04 08:58:20,837 [INFO] ApiDb:669 - CubeFinder database Configuration version=3.0.39
2025-03-04 08:58:20,853 [INFO] ApiDb:670 - CubeFinder database generation date=2025-02-18 (1739885696)
2025-03-04 08:58:20,853 [INFO] ApiDb:671 - CubeFinder database FW Pack versions=[FP-ATR-ASTRA1_V2.0.0, FP-SNS-FLIGHT1_V5.0.2, FP-SNS-MOTENV1_V5.0.0, FP-SNS-MOTENVWB1_V1.4.0, FP-SNS-SMARTAG2_V1.2.0, FP-SNS-STBOX1_V2.0.0, STM32Cube_FW_C0_V1.4.0, STM32Cube_FW_F4_V1.28.1, STM32Cube_FW_F7_V1.17.2, STM32Cube_FW_G0_V1.6.2, STM32Cube_FW_G4_V1.6.1, STM32Cube_FW_H5_V1.5.0, STM32Cube_FW_H7RS_V1.2.0, STM32Cube_FW_H7_V1.12.1, STM32Cube_FW_L0_V1.12.2, STM32Cube_FW_L4_V1.18.1, STM32Cube_FW_L5_V1.5.1, STM32Cube_FW_N6_V1.1.0, STM32Cube_FW_U0_V1.2.0, STM32Cube_FW_U3_V1.1.0, STM32Cube_FW_U5_V1.7.0, STM32Cube_FW_WB0_V1.2.0, STM32Cube_FW_WBA_V1.6.0, STM32Cube_FW_WB_V1.22.0, STM32Cube_FW_WL3_V1.1.0, STM32Cube_FW_WL_V1.3.1, X-CUBE-ALGOBUILD_V1.4.0, X-CUBE-ALS_V1.0.2, X-CUBE-AZRTOS-F4_V1.1.0, X-CUBE-AZRTOS-F7_V1.1.0, X-CUBE-AZRTOS-G0_V1.1.0, X-CUBE-AZRTOS-G4_V2.0.0, X-CUBE-AZRTOS-H7RS_V1.0.0, X-CUBE-AZRTOS-H7_V3.3.0, X-CUBE-AZRTOS-L4_V2.0.0, X-CUBE-AZRTOS-L5_V2.0.0, X-CUBE-AZRTOS-WB_V2.0.0, X-CUBE-AZRTOS-WL_V2.0.0, X-CUBE-BLE1_V7.0.0, X-CUBE-BLE2_V3.3.0, X-CUBE-BLEMGR_V4.0.0, X-CUBE-EEPRMA1_V5.1.0, X-CUBE-FREERTOS_V1.3.0, X-CUBE-GNSS1_V6.0.0, X-CUBE-MEMS1_V11.1.0, X-CUBE-NFC4_V3.0.0, X-CUBE-NFC7_V1.0.1, X-CUBE-SFXS2LP1_V4.0.0, X-CUBE-SUBG2_V5.0.0, X-CUBE-TOF1_V3.4.2]
2025-03-04 08:58:22,245 [ERROR] DbExamplesSqlite:418 - Missing JSON key: board_cpn
2025-03-04 08:58:22,245 [ERROR] DbExamplesSqlite:418 - Missing JSON key: board_cpn
2025-03-04 08:58:22,245 [ERROR] DbExamplesSqlite:418 - Missing JSON key: board_cpn
2025-03-04 08:58:22,245 [ERROR] DbExamplesSqlite:418 - Missing JSON key: board_cpn
2025-03-04 08:58:22,542 [ERROR] DbExamplesSqlite:418 - Missing JSON key: board_cpn
2025-03-04 08:58:22,542 [ERROR] DbExamplesSqlite:418 - Missing JSON key: board_cpn
2025-03-04 08:58:22,542 [ERROR] DbExamplesSqlite:418 - Missing JSON key: board_cpn
2025-03-04 08:58:22,542 [ERROR] DbExamplesSqlite:418 - Missing JSON key: board_cpn
2025-03-04 08:58:22,542 [ERROR] DbExamplesSqlite:418 - Missing JSON key: board_cpn
2025-03-04 08:58:22,542 [ERROR] DbExamplesSqlite:418 - Missing JSON key: board_cpn
2025-03-04 08:58:22,542 [ERROR] DbExamplesSqlite:418 - Missing JSON key: board_cpn
2025-03-04 08:58:22,542 [ERROR] DbExamplesSqlite:418 - Missing JSON key: board_cpn
2025-03-04 08:58:22,542 [ERROR] DbExamplesSqlite:418 - Missing JSON key: board_cpn
2025-03-04 08:58:22,918 [ERROR] DbExamplesSqlite:418 - Missing JSON key: board_cpn
2025-03-04 08:58:22,949 [INFO] DbExamplesSqlite:376 - Ignored 46 examples not supported by CubeIDE
2025-03-04 08:58:22,949 [INFO] DbExamplesSqlite:377 - Found 10814 examples active
2025-03-04 08:58:22,949 [INFO] DbExamplesSqlite:378 - Found 0 examples obsolete
2025-03-04 08:58:22,949 [INFO] DbExamplesSqlite:379 - Found 0 examples under development
2025-03-04 08:58:22,949 [INFO] DbExamplesSqlite:380 - Found 79 examples not building
2025-03-04 08:58:22,949 [INFO] DbExamples:125 - Found 10847 examples
2025-03-04 08:58:23,245 [ERROR] DbExamples:208 - Found 599 examples with invalid data (board or MCU)
2025-03-04 08:58:23,245 [INFO] DbExamples:222 - Found 128 boards with related examples
2025-03-04 08:58:23,245 [INFO] DbExamples:235 - Found 107 MCUs with related examples
2025-03-04 08:58:23,277 [INFO] ApiDb:414 - User favorites file not found: C:\Users\user/.stm32cubeide/favorites.examples.txt
2025-03-04 08:58:23,277 [INFO] DbExamples:250 - Set 0 / 0 favorites Examples
2025-03-04 08:58:23,777 [INFO] McuFinderGlobals:66 - Set McuFinderConnectedMode to true
2025-03-04 08:58:23,793 [INFO] MultiScanPanel:200 - Auto-refresh data requested => check proxy status ongoing
2025-03-04 08:58:23,793 [INFO] FinderPluginLoader:95 - Searching for filters in installed packs
2025-03-04 08:58:26,387 [INFO] LoadUrlFilesThread:185 - End of LoadServerUrlFiles without Thread
2025-03-04 08:58:26,419 [INFO] DetailPanel:341 - Set advertising image to C:/Users/user/STM32Cube/Repository/\en.prom-stm32n6-mcu-finder.png
2025-03-04 09:03:31,842 [INFO] MultiScanPanel:200 - Auto-refresh data requested => check proxy status ongoing
2025-03-04 09:03:32,186 [INFO] LoadUrlFilesThread:185 - End of LoadServerUrlFiles without Thread
2025-03-04 09:03:32,186 [INFO] DetailPanel:341 - Set advertising image to C:/Users/user/STM32Cube/Repository/\en.prom-stm32n6-mcu-finder.png
2025-03-04 09:06:50,123 [INFO] MainUpdater:2854 - connection check result : 10
2025-03-04 09:06:50,123 [INFO] MainUpdater:2854 - connection check result : 10
2025-03-04 09:06:50,205 [INFO] MicroXplorer:468 - Change Database Path : 
2025-03-04 09:06:50,205 [INFO] MicroXplorer:498 - Change Database Version : DB.6.0.81
2025-03-04 09:06:50,205 [WARN] ThirdParty:871 - waiting for thirdparty lock release [close project]
2025-03-04 09:06:50,206 [INFO] ThirdParty:873 - entering critical section [close project]
2025-03-04 09:06:50,208 [INFO] ThirdParty:883 - exiting critical section [close project]
2025-03-04 09:06:50,220 [INFO] PinOutPanel:1499 - setPackage(No Configuration,No Configuration)
2025-03-04 09:06:50,233 [INFO] UtilMem:75 - Begin LoadConfig() Used Memory: 757490584 Bytes (956301312)
2025-03-04 09:06:50,244 [INFO] OpenFileManager:308 - Change cursor
2025-03-04 09:06:50,334 [INFO] ProjectFactory:402 - No CPN specified for board NUCLEO-F303RE => set CPN to STM32F303RET6
2025-03-04 09:06:50,334 [INFO] Mcu:1937 - Initializing MCU STM32F303R(D-E)Tx STM32F303RETx STM32F303RET6
2025-03-04 09:06:55,188 [INFO] Context:659 - Trying to add GPIOservice into a context  which must be forbidden
2025-03-04 09:06:56,024 [INFO] Rule:228 - rule 117617 - U5Cobra4M][GTZC] default value MPCBB3 and MPCBB5 - Not Secured memory - MPCBB1 is applicable
2025-03-04 09:06:56,024 [INFO] Rule:228 - rule 117617 - U5Cobra4M][GTZC] default value MPCBB3 and MPCBB5 - Not Secured memory - MPCBB1 is applicable
2025-03-04 09:06:56,024 [INFO] Rule:228 - rule 117617 - U5Cobra4M][GTZC] default value MPCBB3 and MPCBB5 - Not Secured memory - MPCBB2 is applicable
2025-03-04 09:06:56,025 [INFO] Rule:228 - rule 117617 - U5Cobra4M][GTZC] default value MPCBB3 and MPCBB5 - Not Secured memory - MPCBB2 is applicable
2025-03-04 09:06:56,025 [INFO] Rule:228 - rule 117617 - U5Cobra4M][GTZC] default value MPCBB3 and MPCBB5 - Not Secured memory - MPCBB3 is applicable
2025-03-04 09:06:56,025 [INFO] Rule:228 - rule 117617 - U5Cobra4M][GTZC] default value MPCBB3 and MPCBB5 - Not Secured memory - MPCBB3 is applicable
2025-03-04 09:06:56,025 [INFO] Rule:228 - rule 117617 - U5Cobra4M][GTZC] default value MPCBB3 and MPCBB5 - Not Secured memory - MPCBB4 is applicable
2025-03-04 09:06:56,025 [INFO] Rule:228 - rule 117617 - U5Cobra4M][GTZC] default value MPCBB3 and MPCBB5 - Not Secured memory - MPCBB4 is applicable
2025-03-04 09:06:56,025 [INFO] Rule:228 - rule 117617 - U5Cobra4M][GTZC] default value MPCBB3 and MPCBB5 - Secured memory - MPCBB1 is applicable
2025-03-04 09:06:56,026 [INFO] Rule:228 - rule 117617 - U5Cobra4M][GTZC] default value MPCBB3 and MPCBB5 - Secured memory - MPCBB2 is applicable
2025-03-04 09:06:56,026 [INFO] Rule:228 - rule 117617 - U5Cobra4M][GTZC] default value MPCBB3 and MPCBB5 - Secured memory - MPCBB3 is applicable
2025-03-04 09:06:56,026 [INFO] Rule:228 - rule 117617 - U5Cobra4M][GTZC] default value MPCBB3 and MPCBB5 - Secured memory - MPCBB4 is applicable
2025-03-04 09:06:56,026 [INFO] Rule:228 - rule 117617 - U5Cobra4M][GTZC] default value MPCBB3 and MPCBB5 - Privileged memory - MPCBB1 is applicable
2025-03-04 09:06:56,026 [INFO] Rule:228 - rule 117617 - U5Cobra4M][GTZC] default value MPCBB3 and MPCBB5 - Privileged memory - MPCBB2 is applicable
2025-03-04 09:06:56,027 [INFO] Rule:228 - rule 117617 - U5Cobra4M][GTZC] default value MPCBB3 and MPCBB5 - Privileged memory - MPCBB3 is applicable
2025-03-04 09:06:56,027 [INFO] Rule:228 - rule 117617 - U5Cobra4M][GTZC] default value MPCBB3 and MPCBB5 - Privileged memory - MPCBB4 is applicable
2025-03-04 09:06:56,027 [INFO] Rule:228 - rule 117617 - U5Cobra4M][GTZC] default value MPCBB3 and MPCBB5 - Not Privileged memory - MPCBB1 is applicable
2025-03-04 09:06:56,027 [INFO] Rule:228 - rule 117617 - U5Cobra4M][GTZC] default value MPCBB3 and MPCBB5 - Not Privileged memory - MPCBB2 is applicable
2025-03-04 09:06:56,027 [INFO] Rule:228 - rule 117617 - U5Cobra4M][GTZC] default value MPCBB3 and MPCBB5 - Not Privileged memory - MPCBB3 is applicable
2025-03-04 09:06:56,028 [INFO] Rule:228 - rule 117617 - U5Cobra4M][GTZC] default value MPCBB3 and MPCBB5 - Not Privileged memory - MPCBB4 is applicable
2025-03-04 09:06:56,028 [INFO] Rule:228 - rule 117617 - U5Cobra4M][GTZC] default value MPCBB3 and MPCBB5 - Privileged memory - MPCBB1 is applicable
2025-03-04 09:06:56,028 [INFO] Rule:228 - rule 117617 - U5Cobra4M][GTZC] default value MPCBB3 and MPCBB5 - Privileged memory - MPCBB2 is applicable
2025-03-04 09:06:56,029 [INFO] Rule:228 - rule 117617 - U5Cobra4M][GTZC] default value MPCBB3 and MPCBB5 - Privileged memory - MPCBB3 is applicable
2025-03-04 09:06:56,029 [INFO] Rule:228 - rule 117617 - U5Cobra4M][GTZC] default value MPCBB3 and MPCBB5 - Privileged memory - MPCBB4 is applicable
2025-03-04 09:06:56,030 [INFO] Rule:228 - rule 117617 - U5Cobra4M][GTZC] default value MPCBB3 and MPCBB5 - Privileged memory - MPCBB1 is applicable
2025-03-04 09:06:56,030 [INFO] Rule:228 - rule 117617 - U5Cobra4M][GTZC] default value MPCBB3 and MPCBB5 - Privileged memory - MPCBB2 is applicable
2025-03-04 09:06:56,030 [INFO] Rule:228 - rule 117617 - U5Cobra4M][GTZC] default value MPCBB3 and MPCBB5 - Privileged memory - MPCBB3 is applicable
2025-03-04 09:06:56,031 [INFO] Rule:228 - rule 117617 - U5Cobra4M][GTZC] default value MPCBB3 and MPCBB5 - Privileged memory - MPCBB4 is applicable
2025-03-04 09:06:56,031 [INFO] Rule:228 - rule 117617 - U5Cobra4M][GTZC] default value MPCBB3 and MPCBB5 - Not Privileged memory - MPCBB1 is applicable
2025-03-04 09:06:56,031 [INFO] Rule:228 - rule 117617 - U5Cobra4M][GTZC] default value MPCBB3 and MPCBB5 - Not Privileged memory - MPCBB2 is applicable
2025-03-04 09:06:56,031 [INFO] Rule:228 - rule 117617 - U5Cobra4M][GTZC] default value MPCBB3 and MPCBB5 - Not Privileged memory - MPCBB3 is applicable
2025-03-04 09:06:56,031 [INFO] Rule:228 - rule 117617 - U5Cobra4M][GTZC] default value MPCBB3 and MPCBB5 - Not Privileged memory - MPCBB4 is applicable
2025-03-04 09:06:56,032 [INFO] Rule:228 - rule 117617 - U5Cobra4M][GTZC] default value MPCBB3 and MPCBB5 - Privileged memory - MPCBB1 is applicable
2025-03-04 09:06:56,032 [INFO] Rule:228 - rule 117617 - U5Cobra4M][GTZC] default value MPCBB3 and MPCBB5 - Privileged memory - MPCBB2 is applicable
2025-03-04 09:06:56,032 [INFO] Rule:228 - rule 117617 - U5Cobra4M][GTZC] default value MPCBB3 and MPCBB5 - Privileged memory - MPCBB3 is applicable
2025-03-04 09:06:56,032 [INFO] Rule:228 - rule 117617 - U5Cobra4M][GTZC] default value MPCBB3 and MPCBB5 - Privileged memory - MPCBB4 is applicable
2025-03-04 09:06:56,033 [INFO] Rule:228 - rule Rename SubGHz_Phy SUBGHZ_APPLICATION SUBGHZ_PINGPONG to SUBGHZ_ADV_APPLICATION is applicable
2025-03-04 09:06:56,033 [INFO] Rule:228 - rule Rename Enabled to IBEACON is applicable
2025-03-04 09:06:56,033 [INFO] Rule:228 - rule GTZC_S instance for project manager is applicable
2025-03-04 09:06:56,033 [INFO] Rule:228 - rule GTZC_S instance for context M33S is applicable
2025-03-04 09:06:56,033 [INFO] Rule:228 - rule GTZC_S instance value for IP GTZC is applicable
2025-03-04 09:06:56,033 [INFO] Rule:228 - rule GTZC_S instance for mcu.IP is applicable
2025-03-04 09:06:56,033 [INFO] Rule:228 - rule GTZC_S instance for VP is applicable
2025-03-04 09:06:56,034 [INFO] Rule:228 - rule GTZC_S instance for signal is applicable
2025-03-04 09:06:56,034 [INFO] Rule:228 - rule GTZC_S instance for mcu.Pin is applicable
2025-03-04 09:06:56,034 [INFO] Rule:228 - rule GTZC_S instance for VP is applicable
2025-03-04 09:06:56,034 [INFO] Rule:228 - rule GTZC_S instance for signal is applicable
2025-03-04 09:06:56,034 [INFO] Rule:228 - rule GTZC_S instance for mcu is applicable
2025-03-04 09:06:56,034 [INFO] Rule:228 - rule GTZC_S instance for mcu.Pin is applicable
2025-03-04 09:06:56,035 [INFO] Rule:228 - rule GTZC_S instance value for IP GTZC is applicable
2025-03-04 09:06:56,035 [INFO] Rule:228 - rule GTZC_S instance for project manager is applicable
2025-03-04 09:06:56,035 [INFO] Rule:228 - rule GTZC_S instance for context M33S is applicable
2025-03-04 09:06:56,035 [INFO] Rule:228 - rule GTZC_S instance for VP is applicable
2025-03-04 09:06:56,035 [INFO] Rule:228 - rule GTZC_S instance for signal is applicable
2025-03-04 09:06:56,035 [INFO] Rule:228 - rule SPDIFRX instance for mcu is applicable
2025-03-04 09:06:56,036 [INFO] Rule:228 - rule Rename Tracer Mode is applicable
2025-03-04 09:06:56,036 [INFO] Rule:228 - rule SPDIFRX instance value for IP SPDIFRX is applicable
2025-03-04 09:06:56,036 [INFO] Rule:228 - rule SPDIFRX instance for signal is applicable
2025-03-04 09:06:56,036 [INFO] Rule:228 - rule SPDIFRX instance for project manager is applicable
2025-03-04 09:06:56,036 [INFO] Rule:228 - rule SPDIFRX instance for project manager is applicable
2025-03-04 09:06:56,036 [INFO] Rule:228 - rule ADC Scan  fix with FW F7 is applicable
2025-03-04 09:06:56,036 [INFO] Rule:228 - rule ADC Scan  fix with FW F7 is applicable
2025-03-04 09:06:56,037 [INFO] Rule:228 - rule WakeUp0 Mode is applicable
2025-03-04 09:06:56,037 [INFO] Rule:228 - rule WakeUp0 SIGNAL is applicable
2025-03-04 09:06:56,037 [INFO] Rule:228 - rule WakeUp1 Mode is applicable
2025-03-04 09:06:56,037 [INFO] Rule:228 - rule WakeUp1 SIGNAL is applicable
2025-03-04 09:06:56,037 [INFO] Rule:228 - rule WakeUp2 Mode is applicable
2025-03-04 09:06:56,037 [INFO] Rule:228 - rule WakeUp2 SIGNAL is applicable
2025-03-04 09:06:56,037 [INFO] Rule:228 - rule WakeUp4 Mode is applicable
2025-03-04 09:06:56,038 [INFO] Rule:228 - rule WakeUp4 SIGNAL is applicable
2025-03-04 09:06:56,038 [INFO] Rule:228 - rule WakeUp5 Mode is applicable
2025-03-04 09:06:56,038 [INFO] Rule:228 - rule WakeUp5 SIGNAL is applicable
2025-03-04 09:06:56,038 [INFO] Rule:228 - rule Add RTC Activate Clock Source is applicable
2025-03-04 09:06:56,038 [INFO] Rule:228 - rule Add RTC Activate Calendar 1 is applicable
2025-03-04 09:06:56,038 [INFO] Rule:228 - rule Add RTC Activate Calendar 2 is applicable
2025-03-04 09:06:56,038 [INFO] Rule:228 - rule Add RTC Activate Calendar 3 is applicable
2025-03-04 09:06:56,038 [INFO] Rule:228 - rule UART/USART TX Mode is applicable
2025-03-04 09:06:56,039 [INFO] Rule:228 - rule UART/USART RX Mode is applicable
2025-03-04 09:06:56,039 [INFO] Rule:228 - rule UART/USART RX TX Mode is applicable
2025-03-04 09:06:56,039 [INFO] Rule:228 - rule UART/USART PARITY NONE is applicable
2025-03-04 09:06:56,039 [INFO] Rule:228 - rule UART/USART PARITY EVEN is applicable
2025-03-04 09:06:56,039 [INFO] Rule:228 - rule UART/USART PARITY ODD is applicable
2025-03-04 09:06:56,039 [INFO] Rule:228 - rule USART StopBits 1 is applicable
2025-03-04 09:06:56,039 [INFO] Rule:228 - rule USART StopBits 2 is applicable
2025-03-04 09:06:56,039 [INFO] Rule:228 - rule USART StopBits 1.5 is applicable
2025-03-04 09:06:56,039 [INFO] Rule:228 - rule USART StopBits 0.5 is applicable
2025-03-04 09:06:56,039 [INFO] Rule:228 - rule UART/USART WORD LENGTH 7 is applicable
2025-03-04 09:06:56,040 [INFO] Rule:228 - rule UART/USART WORD LENGTH 8 is applicable
2025-03-04 09:06:56,040 [INFO] Rule:228 - rule UART/USART WORD LENGTH 9 is applicable
2025-03-04 09:06:56,040 [INFO] Rule:228 - rule Rename FMC NAND NCE signal is applicable
2025-03-04 09:06:56,040 [INFO] Rule:228 - rule Rename FMC NAND INT signal is applicable
2025-03-04 09:06:56,040 [INFO] Rule:228 - rule Change Default Value for LSE Drive Capability for WB family is applicable
2025-03-04 09:06:56,040 [INFO] Rule:228 - rule Change Default Value for ADC Clock Prescaler G0 family is applicable
2025-03-04 09:06:56,041 [INFO] Rule:228 - rule Change Default Value for ADC ExternalTrigConv L4 family is applicable
2025-03-04 09:06:56,041 [INFO] Rule:228 - rule Change Default Value for ADC ExternalTrigInjecConv L4 family is applicable
2025-03-04 09:06:56,041 [INFO] Rule:228 - rule Change Default Value for ADC ExternalTrigConv F3 family is applicable
2025-03-04 09:06:56,041 [INFO] Rule:228 - rule Change Default Value for ADC ExternalTrigInjecConv F3 family is applicable
2025-03-04 09:06:56,041 [INFO] Rule:228 - rule Change Default Value for ADC ExternalTrigConv Goldfish serie is applicable
2025-03-04 09:06:56,041 [INFO] Rule:228 - rule Change Default Value for ADC ExternalTrigInjecConv Goldfish serie is applicable
2025-03-04 09:06:56,041 [INFO] Rule:228 - rule Change Default Value for ADC ExternalTrigConv L0 family is applicable
2025-03-04 09:06:56,042 [INFO] Rule:228 - rule Change Default Value for ADC ExternalTrigConv F0 family is applicable
2025-03-04 09:06:56,042 [INFO] Rule:228 - rule Change Default Value for ADC ExternalTrigConvn L1 family is applicable
2025-03-04 09:06:56,042 [INFO] Rule:228 - rule Change Default Value for ADC ExternalTrigInjecConv L1 family is applicable
2025-03-04 09:06:56,042 [INFO] Rule:228 - rule Change Default Value for ADC ExternalTrigConv F1 family is applicable
2025-03-04 09:06:56,042 [INFO] Rule:228 - rule Change Default Value for ADC ExternalTrigInjecConv F1 family is applicable
2025-03-04 09:06:56,042 [INFO] Rule:228 - rule Change Default Value for ADC ExternalTrigConv F7 family is applicable
2025-03-04 09:06:56,042 [INFO] Rule:228 - rule Change Default Value for ADC ExternalTrigInjecConv F7 family is applicable
2025-03-04 09:06:56,043 [INFO] Rule:228 - rule Change Default Value for ADC ExternalTrigConv F4 and F2 family is applicable
2025-03-04 09:06:56,043 [INFO] Rule:228 - rule Change Default Value for ADC ExternalTrigInjecConv F4 and F2 family is applicable
2025-03-04 09:06:56,043 [INFO] Rule:228 - rule ADC SamplingTime fix with FW L0  is applicable
2025-03-04 09:06:56,043 [INFO] Rule:228 - rule ADC SamplingTime fix with FW L0  is applicable
2025-03-04 09:06:56,043 [INFO] Rule:228 - rule ADC SamplingTime fix with FW L0 is applicable
2025-03-04 09:06:56,043 [INFO] Rule:228 - rule ADC SamplingTime fix with FW L0 is applicable
2025-03-04 09:06:56,043 [INFO] Rule:228 - rule ADC SamplingTime fix with FW L0  is applicable
2025-03-04 09:06:56,043 [INFO] Rule:228 - rule ADC SamplingTime fix with FW L0 is applicable
2025-03-04 09:06:56,044 [INFO] Rule:228 - rule Rename USB_OE Signal is applicable
2025-03-04 09:06:56,044 [INFO] Rule:228 - rule Rename Activate_OE Mode is applicable
2025-03-04 09:06:56,044 [INFO] Rule:228 - rule Rename DIE462/DIE415 pin PC14/OSC32_IN -> PC14-OSC32_IN (PC14) is applicable
2025-03-04 09:06:56,044 [INFO] Rule:228 - rule Rename DIE462/DIE415 pin PC15/OSC32_OUT -> PC15-OSC32_OUT (PC15) is applicable
2025-03-04 09:06:56,044 [INFO] Rule:228 - rule Rename DIE462/DIE415 pin PH0/OSC_IN -> PH0-OSC_IN (PH0) is applicable
2025-03-04 09:06:56,044 [INFO] Rule:228 - rule Rename DIE462/DIE415 pin PH1/OSC_OUT -> PH1-OSC_OUT (PH1) is applicable
2025-03-04 09:06:56,044 [INFO] Rule:228 - rule Rename DIE462 pin PA13 -> PA13 (JTMS/SWDIO) is applicable
2025-03-04 09:06:56,045 [INFO] Rule:228 - rule Rename DIE415 pin PA13 -> PA13 (JTMS/SWDIO) is applicable
2025-03-04 09:06:56,045 [INFO] Rule:228 - rule Rename DIE462 pin PA14 -> PA14 (JTCK/SWCLK) is applicable
2025-03-04 09:06:56,045 [INFO] Rule:228 - rule Rename DIE415 pin PA14 -> PA14 (JTCK/SWCLK) is applicable
2025-03-04 09:06:56,046 [INFO] Rule:228 - rule Rename DIE462/DIE415 pin PA15 -> PA15 (JTDI) is applicable
2025-03-04 09:06:56,046 [INFO] Rule:228 - rule Rename DIE462 pin PB3 -> PB3 (JTD0/TRACESWO) is applicable
2025-03-04 09:06:56,046 [INFO] Rule:228 - rule Rename DIE415 pin PB3 -> PB3 (JTD0-TRACESWO) is applicable
2025-03-04 09:06:56,047 [INFO] Rule:228 - rule Rename DIE462/DIE415 pin PB4 -> PB4 (NJTRST) is applicable
2025-03-04 09:06:56,047 [INFO] Rule:228 - rule Rename DIE462 pin PH3/BOOT0 -> PH3-BOOT0 (BOOT0) is applicable
2025-03-04 09:06:56,047 [INFO] Rule:228 - rule Rename CRYP DataEncryptionTypesList to Algorithm is applicable
2025-03-04 09:06:56,048 [INFO] Rule:228 - rule Rename AES DataEncryptionTypesList to Algorithm is applicable
2025-03-04 09:06:56,048 [INFO] Rule:228 - rule Rename TDESECB to CRYP_TDES_ECB is applicable
2025-03-04 09:06:56,048 [INFO] Rule:228 - rule Rename TDESCBC to CRYP_TDES_CBC is applicable
2025-03-04 09:06:56,049 [INFO] Rule:228 - rule Rename DESECB to CRYP_DES_ECB is applicable
2025-03-04 09:06:56,049 [INFO] Rule:228 - rule Rename DESCBC to CRYP_DES_CBC is applicable
2025-03-04 09:06:56,049 [INFO] Rule:228 - rule Rename AESECB to CRYP_AES_ECB is applicable
2025-03-04 09:06:56,049 [INFO] Rule:228 - rule Rename AESCBC to CRYP_AES_CBC is applicable
2025-03-04 09:06:56,049 [INFO] Rule:228 - rule Rename AESCTR to CRYP_AES_CTR is applicable
2025-03-04 09:06:56,049 [INFO] Rule:228 - rule Rename AESGCM to CRYP_AES_GCM is applicable
2025-03-04 09:06:56,050 [INFO] Rule:228 - rule Rename AESCCM to CRYP_AES_CCM is applicable
2025-03-04 09:06:56,050 [INFO] Rule:228 - rule Rename CAN TimeSeg1 to BS1 is applicable
2025-03-04 09:06:56,050 [INFO] Rule:228 - rule Rename CAN TimeSeg2 to BS2 is applicable
2025-03-04 09:06:56,050 [INFO] Rule:228 - rule Rename CAN SyncJumpWidth to SJW is applicable
2025-03-04 09:06:56,050 [INFO] Rule:228 - rule TimeTriggeredMode to TTCM is applicable
2025-03-04 09:06:56,050 [INFO] Rule:228 - rule Rename CAN AutoBusOff to ABOM is applicable
2025-03-04 09:06:56,050 [INFO] Rule:228 - rule Rename CAN AutoWakeUp to AWUM is applicable
2025-03-04 09:06:56,050 [INFO] Rule:228 - rule Rename CAN AutoRetransmission to NART is applicable
2025-03-04 09:06:56,051 [INFO] Rule:228 - rule Rename CAN ReceiveFifoLocked to RFLM is applicable
2025-03-04 09:06:56,051 [INFO] Rule:228 - rule Rename CAN TransmitFifoPriority to TXFP is applicable
2025-03-04 09:06:56,051 [INFO] Rule:228 - rule Rename HRTIMER HRTIM_OUTPUTFAULTLEVEL_HIGH in HRTIMER HRTIM_OUTPUTFAULTLEVEL_HIGHZ is applicable
2025-03-04 09:06:56,051 [INFO] Rule:228 - rule Rename TIMER TIM_CLEARINPUTSOURCE_OCREFCLR in  TIMER TIM_CLEARINPUTSOURCE_NONE for F7 family is applicable
2025-03-04 09:06:56,051 [INFO] Rule:228 - rule FDCAN_R1 - Rename FDCAN mode Master into Classic is applicable
2025-03-04 09:06:56,051 [INFO] Rule:228 - rule FDCAN_R2 - Rename FDCAN mode Slave into Classic is applicable
2025-03-04 09:06:56,051 [INFO] Rule:228 - rule FDCAN1_R3 - if PA10.Mode=FullDuplex, add Pin PA12 is applicable
2025-03-04 09:06:56,052 [INFO] Rule:228 - rule FDCAN1_R3 - if PA9.Mode=FullDuplex, add Pin PA11 is applicable
2025-03-04 09:06:56,052 [INFO] Rule:228 - rule FDCAN1_R3 - Alternatepin_1 - if PE1.Mode=FullDuplex, add Pin PB9 is applicable
2025-03-04 09:06:56,052 [INFO] Rule:228 - rule FDCAN1_R3 - Alternatepin_1 - if PE0.Mode=FullDuplex, add Pin PB8 is applicable
2025-03-04 09:06:56,052 [INFO] Rule:228 - rule FDCAN1_R3 - Alternatepin_2 - if PD5.Mode=FullDuplex, add Pin PD1 is applicable
2025-03-04 09:06:56,052 [INFO] Rule:228 - rule FDCAN1_R3 - Alternatepin_2 - if PD4.Mode=FullDuplex, add Pin PD0 is applicable
2025-03-04 09:06:56,052 [INFO] Rule:228 - rule FDCAN1_R4 - Rename Mode FullDuplex into Enable FDCAN_TXFD for pin PA10 is applicable
2025-03-04 09:06:56,052 [INFO] Rule:228 - rule FDCAN1_R4 - Rename Mode FullDuplex into Enable FDCAN_TXFD for pin PA9 is applicable
2025-03-04 09:06:56,054 [INFO] Rule:228 - rule FDCAN1_R4 - Alternatepin_1 - Rename Mode FullDuplex into Enable FDCAN_TXFD for pin PE1 is applicable
2025-03-04 09:06:56,054 [INFO] Rule:228 - rule FDCAN1_R4 - Alternatepin_1 - Rename Mode FullDuplex into Enable FDCAN_TXFD for pin PE0 is applicable
2025-03-04 09:06:56,054 [INFO] Rule:228 - rule FDCAN1_R4 - Alternatepin_2 - Rename Mode FullDuplex into Enable FDCAN_TXFD for pin PD5 is applicable
2025-03-04 09:06:56,054 [INFO] Rule:228 - rule FDCAN1_R4 - Alternatepin_2 - Rename Mode FullDuplex into Enable FDCAN_TXFD for pin PD4 is applicable
2025-03-04 09:06:56,054 [INFO] Rule:228 - rule FDCAN2_R3 - if PD10.Mode=FullDuplex, add Pin PB13 is applicable
2025-03-04 09:06:56,055 [INFO] Rule:228 - rule FDCAN2_R3 - if PD9.Mode=FullDuplex, add Pin PB12 is applicable
2025-03-04 09:06:56,055 [INFO] Rule:228 - rule FDCAN2_R3 - Alternatepin_1 - if PB7.Mode=FullDuplex, add Pin PB6 is applicable
2025-03-04 09:06:56,055 [INFO] Rule:228 - rule FDCAN2_R3 - Alternatepin_1 - if PD9.Mode=FullDuplex, add Pin PB12 is applicable
2025-03-04 09:06:56,056 [INFO] Rule:228 - rule FDCAN2_R4 - Rename Mode FullDuplex into Enable FDCAN_TXFD for pin PD10 is applicable
2025-03-04 09:06:56,056 [INFO] Rule:228 - rule FDCAN2_R4 - Rename Mode FullDuplex into Enable FDCAN_TXFD for pin PD9 is applicable
2025-03-04 09:06:56,056 [INFO] Rule:228 - rule FDCAN2_R4 - Alternatepin_1 - Rename Mode FullDuplex into Enable FDCAN_TXFD for pin PB7 is applicable
2025-03-04 09:06:56,056 [INFO] Rule:228 - rule FDCAN2_R4 - Alternatepin_1 - Rename Mode FullDuplex into Enable FDCAN_TXFD for pin PD6 is applicable
2025-03-04 09:06:56,056 [INFO] Rule:228 - rule USART TxPinLevelInvertParam Mode is applicable
2025-03-04 09:06:56,057 [INFO] Rule:228 - rule USART RxPinLevelInvertParam Mode is applicable
2025-03-04 09:06:56,057 [INFO] Rule:228 - rule USART DataInvertParam Mode is applicable
2025-03-04 09:06:56,057 [INFO] Rule:228 - rule USART SwapParam Mode is applicable
2025-03-04 09:06:56,057 [INFO] Rule:228 - rule USART OverrunDisableParam Mode is applicable
2025-03-04 09:06:56,057 [INFO] Rule:228 - rule USART DMADisableonRxErrorParam Mode is applicable
2025-03-04 09:06:56,057 [INFO] Rule:228 - rule USART MSBFirstParam Mode is applicable
2025-03-04 09:06:56,058 [INFO] Rule:228 - rule Update MwName for USB_DEVICE is applicable
2025-03-04 09:06:56,058 [INFO] Rule:228 - rule Change PWR_Regulator_Voltage_Scale Default Value for RCC  H7 family is applicable
2025-03-04 09:06:56,058 [INFO] Rule:228 - rule UART/USART IPParameter rename Prescaler parameter to ClockPrescaler is applicable
2025-03-04 09:06:56,058 [INFO] Rule:228 - rule UART/USART Prescaler rename Prescaler parameter to ClockPrescaler is applicable
2025-03-04 09:06:56,058 [INFO] Rule:228 - rule TIM1CLockSelection is applicable
2025-03-04 09:06:56,058 [INFO] Rule:228 - rule TIM15CLockSelection is applicable
2025-03-04 09:06:56,059 [INFO] Rule:228 - rule align RCC SDMMC3CLockSelection default value on MP1 is applicable
2025-03-04 09:06:56,059 [INFO] Rule:228 - rule align RCC SDMMC12CLockSelection default value on MP1 is applicable
2025-03-04 09:06:56,059 [INFO] Rule:228 - rule align RCC QSPICLockSelection default value on MP1 is applicable
2025-03-04 09:06:56,060 [INFO] Rule:228 - rule align RCC QSPICLockSelection default value on MP1 is applicable
2025-03-04 09:06:56,060 [INFO] Rule:228 - rule align RCC SPI6CLockSelection default value on MP1 is applicable
2025-03-04 09:06:56,060 [INFO] Rule:228 - rule align RCC LPTIM23CLockSelection default value on MP1 is applicable
2025-03-04 09:06:56,060 [INFO] Rule:228 - rule align RCC LPTIM1CLockSelection default value on MP1 is applicable
2025-03-04 09:06:56,060 [INFO] Rule:228 - rule align RCC USART1CLockSelection default value on MP1 is applicable
2025-03-04 09:06:56,061 [INFO] Rule:228 - rule align RCC USART24CLockSelection default value on MP1 is applicable
2025-03-04 09:06:56,061 [INFO] Rule:228 - rule align RCC USART6CLockSelection default value on MP1 is applicable
2025-03-04 09:06:56,061 [INFO] Rule:228 - rule align RCC UART78CLockSelection default value on MP1 is applicable
2025-03-04 09:06:56,062 [INFO] Rule:228 - rule align RCC USART35CLockSelection default value on MP1 is applicable
2025-03-04 09:06:56,063 [INFO] Rule:228 - rule align RCC SPI45CLockSelection default value on MP1 is applicable
2025-03-04 09:06:56,063 [INFO] Rule:228 - rule align RCC I2C46CLockSelection BCLK value on MP1 is applicable
2025-03-04 09:06:56,064 [INFO] Rule:228 - rule align RCC SPI45CLockSelection default value on MP1 is applicable
2025-03-04 09:06:56,064 [INFO] Rule:228 - rule align RCC I2C12CLockSelection default value on MP1 is applicable
2025-03-04 09:06:56,065 [INFO] Rule:228 - rule align RCC I2C35CLockSelection default value on MP1 is applicable
2025-03-04 09:06:56,065 [INFO] Rule:228 - rule align RCC LPTIM45CLockSelection default value on MP1 is applicable
2025-03-04 09:06:56,066 [INFO] Rule:228 - rule Rename DCMI PIXCK signal is applicable
2025-03-04 09:06:56,066 [INFO] Rule:228 - rule Change Default Value for I2C46CLockSelection MP1 family is applicable
2025-03-04 09:06:56,067 [INFO] Rule:228 - rule Change Default Value for UART for G4, G0 and WB families is applicable
2025-03-04 09:06:56,067 [INFO] Rule:228 - rule Change Default Value for USART for G4, G0 and WB families is applicable
2025-03-04 09:06:56,067 [INFO] Rule:228 - rule Change Default Value for USART for G4 family is applicable
2025-03-04 09:06:56,067 [INFO] Rule:228 - rule Change USART1CLockSelection refparam name for MP1 is applicable
2025-03-04 09:06:56,067 [INFO] Rule:228 - rule Change USART2CLockSelection refparam name for MP1 is applicable
2025-03-04 09:06:56,068 [INFO] Rule:228 - rule Change USART3CLockSelection refparam name for MP1 is applicable
2025-03-04 09:06:56,068 [INFO] Rule:228 - rule Change UART4CLockSelection refparam name for MP1 is applicable
2025-03-04 09:06:56,068 [INFO] Rule:228 - rule Change UART5CLockSelection refparam name for MP1 is applicable
2025-03-04 09:06:56,068 [INFO] Rule:228 - rule Change LPUART1CLockSelection refparam name for MP1 is applicable
2025-03-04 09:06:56,068 [INFO] Rule:228 - rule Change LPTIM1CLockSelection refparam name for MP1 is applicable
2025-03-04 09:06:56,068 [INFO] Rule:228 - rule Change LPTIM2CLockSelection refparam name for MP1 is applicable
2025-03-04 09:06:56,068 [INFO] Rule:228 - rule Change RCC_MCO1Source refparam name for MP1 is applicable
2025-03-04 09:06:56,068 [INFO] Rule:228 - rule Change LSCOSource1 refparam name for MP1 is applicable
2025-03-04 09:06:56,069 [INFO] Rule:228 - rule Change SMPSCLockSelection refparam name for MP1 is applicable
2025-03-04 09:06:56,069 [INFO] Rule:228 - rule Change LPTIM3CLockSelection refparam name for MP1 is applicable
2025-03-04 09:06:56,069 [INFO] Rule:228 - rule Change MPCBB* Default Template Mode to Parameters is applicable
2025-03-04 09:06:56,069 [INFO] Rule:228 - rule Change MPCWM* or MPCBB* Secure Mode to Parameters is applicable
2025-03-04 09:06:56,070 [INFO] Rule:228 - rule Change MPCWM* or MPCBB* No Secure Mode to Parameters is applicable
2025-03-04 09:06:56,070 [INFO] Rule:228 - rule Change TZSC IP Secure Mode to Parameters is applicable
2025-03-04 09:06:56,070 [INFO] Rule:228 - rule Change TZSC IP No Secure Mode to Parameters is applicable
2025-03-04 09:06:56,071 [INFO] Rule:228 - rule Change TZSC IP Privilege Mode to Parameters is applicable
2025-03-04 09:06:56,071 [INFO] Rule:228 - rule Change TZSC IP No Privilege Mode to Parameters is applicable
2025-03-04 09:06:56,071 [INFO] Rule:228 - rule Change TZIC IT Secure Mode to Parameters is applicable
2025-03-04 09:06:56,071 [INFO] Rule:228 - rule Change TZIC IT No Secure Mode to Parameters is applicable
2025-03-04 09:06:56,071 [INFO] Rule:228 - rule Add MPCBB1_NonSecureArea_Start_Address value with referenced to MPCBB1_NonSecureArea_Start value is applicable
2025-03-04 09:06:56,071 [INFO] Rule:228 - rule Add MPCBB2_NonSecureArea_Start_Address value with referenced to MPCBB2_NonSecureArea_Start value is applicable
2025-03-04 09:06:56,071 [INFO] Rule:228 - rule Add MPCWM1_NonSecureArea*_Start_Address value with referenced to MPCWM1_NonSecureArea*_Start value is applicable
2025-03-04 09:06:56,072 [INFO] Rule:228 - rule Add MPCWM2_NonSecureArea*_Start_Address value with referenced to MPCWM2_NonSecureArea*_Start value is applicable
2025-03-04 09:06:56,072 [INFO] Rule:228 - rule Add MPCWM3_NonSecureArea_Start_Address value with referenced to MPCWM3_NonSecureArea_Start value is applicable
2025-03-04 09:06:56,072 [INFO] Rule:228 - rule Change Default Value for PLL1UserDefinedConfig is applicable
2025-03-04 09:06:56,072 [INFO] Rule:228 - rule Change GPIO_PuPd Default Value for USART in async mode is applicable
2025-03-04 09:06:56,072 [INFO] Rule:228 - rule Change SMPSDivider Default Value is applicable
2025-03-04 09:06:56,072 [INFO] Rule:228 - rule OPAMP is applicable
2025-03-04 09:06:56,072 [INFO] Rule:228 - rule LPUART IPParameter rename Prescaler parameter to ClockPrescaler for STM32H7 is applicable
2025-03-04 09:06:56,073 [INFO] Rule:228 - rule LPUART IPParameter rename Prescaler parameter to ClockPrescaler for STM32H7 is applicable
2025-03-04 09:06:56,073 [INFO] Rule:228 - rule LPUART IPParameter rename Prescaler parameter to ClockPrescaler for STM32WB is applicable
2025-03-04 09:06:56,073 [INFO] Rule:228 - rule LPUART IPParameter rename Prescaler parameter to ClockPrescaler for STM32WB is applicable
2025-03-04 09:06:56,073 [INFO] Rule:228 - rule LPUART IPParameter rename Prescaler parameter to ClockPrescaler for STM32G4 is applicable
2025-03-04 09:06:56,073 [INFO] Rule:228 - rule LPUART IPParameter rename Prescaler parameter to ClockPrescaler for STM32G4 is applicable
2025-03-04 09:06:56,073 [INFO] Rule:228 - rule LPUART IPParameter rename Prescaler parameter to ClockPrescaler for STM32L5 is applicable
2025-03-04 09:06:56,073 [INFO] Rule:228 - rule LPUART IPParameter rename Prescaler parameter to ClockPrescaler for STM32L5 is applicable
2025-03-04 09:06:56,073 [INFO] Rule:228 - rule LPUART IPParameter rename Prescaler parameter to ClockPrescaler for STM32G4 is applicable
2025-03-04 09:06:56,073 [INFO] Rule:228 - rule LPUART IPParameter rename Prescaler parameter to ClockPrescaler for STM32G4 is applicable
2025-03-04 09:06:56,074 [INFO] Rule:228 - rule USB device lib V2.5.3 for L0 rename USBD_SUPPORT_USER_STRING parameter to USBD_SUPPORT_USER_STRING_DESC4 is applicable
2025-03-04 09:06:56,074 [INFO] Rule:228 - rule I2SCLockSelection clock entry align is applicable
2025-03-04 09:06:56,074 [INFO] Rule:228 - rule Assign TIMx context if used as SYS timebase is applicable
2025-03-04 09:06:56,074 [INFO] Rule:228 - rule Change GPIO_Pu Default Value for I2C is applicable
2025-03-04 09:06:56,074 [INFO] Rule:228 - rule Change GPIO_Pu Default Value for SMBus is applicable
2025-03-04 09:06:56,074 [INFO] Rule:228 - rule change FDCAN default value is applicable
2025-03-04 09:06:56,075 [INFO] Rule:228 - rule Change mode sai is applicable
2025-03-04 09:06:56,075 [INFO] Rule:228 - rule **Change sai mode is applicable
2025-03-04 09:06:56,096 [INFO] DbConfProperties:307 - Apply Compatibility (39/258 Rules)
2025-03-04 09:06:59,635 [INFO] ImportTextPane:194 - (OptionalMessage_ERROR) Unable to find key (Mcu.ThirdPartyNb) in loaded IOC file
2025-03-04 09:07:00,313 [INFO] RtosManager:555 - Registered RTOS mode: class=CMSIS, group=RTOS, mode=CMSIS_V1, owner=FREERTOS
2025-03-04 09:07:00,314 [INFO] RtosManager:555 - Registered RTOS mode: class=CMSIS, group=RTOS2, mode=CMSIS_V2, owner=FREERTOS
2025-03-04 09:07:00,316 [INFO] RtosManager:555 - Registered RTOS mode: class=RTOS, group=Core, mode=CMSIS_V1, owner=FREERTOS
2025-03-04 09:07:00,316 [INFO] RtosManager:555 - Registered RTOS mode: class=RTOS, group=Core, mode=CMSIS_V2, owner=FREERTOS
2025-03-04 09:07:00,317 [WARN] ModelIntegratedComponent:184 - Missing modes for component STMicroelectronics:FreeRTOS:0.0.1:STMicroelectronics:RTOS:FreeRTOS:Core:::10.2.0:
2025-03-04 09:07:00,335 [WARN] ModelIntegratedComponent:63 - No mode defined for component null
2025-03-04 09:07:00,335 [WARN] ModelIntegratedComponent:63 - No mode defined for component null
2025-03-04 09:07:00,336 [WARN] ModelIntegratedComponent:63 - No mode defined for component null
2025-03-04 09:07:00,336 [WARN] ModelIntegratedComponent:63 - No mode defined for component null
2025-03-04 09:07:00,336 [WARN] ModelIntegratedComponent:63 - No mode defined for component null
2025-03-04 09:07:00,337 [WARN] ModelIntegratedComponent:63 - No mode defined for component null
2025-03-04 09:07:00,337 [WARN] ModelIntegratedComponent:63 - No mode defined for component null
2025-03-04 09:07:00,338 [WARN] ModelIntegratedComponent:63 - No mode defined for component null
2025-03-04 09:07:00,338 [WARN] ModelIntegratedComponent:63 - No mode defined for component null
2025-03-04 09:07:00,338 [WARN] ModelIntegratedComponent:63 - No mode defined for component null
2025-03-04 09:07:00,338 [WARN] ModelIntegratedComponent:63 - No mode defined for component null
2025-03-04 09:07:00,339 [WARN] ModelIntegratedComponent:63 - No mode defined for component null
2025-03-04 09:07:00,339 [WARN] ModelIntegratedComponent:63 - No mode defined for component null
2025-03-04 09:07:00,339 [WARN] ModelIntegratedComponent:63 - No mode defined for component null
2025-03-04 09:07:00,340 [WARN] ModelIntegratedComponent:63 - No mode defined for component null
2025-03-04 09:07:00,340 [WARN] ModelIntegratedComponent:63 - No mode defined for component null
2025-03-04 09:07:00,340 [WARN] ModelIntegratedComponent:63 - No mode defined for component null
2025-03-04 09:07:00,340 [WARN] ModelIntegratedComponent:63 - No mode defined for component null
2025-03-04 09:07:00,341 [WARN] ModelIntegratedComponent:63 - No mode defined for component null
2025-03-04 09:07:00,341 [WARN] ModelIntegratedComponent:63 - No mode defined for component null
2025-03-04 09:07:00,341 [WARN] ModelIntegratedComponent:63 - No mode defined for component null
2025-03-04 09:07:00,342 [WARN] ModelIntegratedComponent:63 - No mode defined for component null
2025-03-04 09:07:00,342 [WARN] ModelIntegratedComponent:63 - No mode defined for component null
2025-03-04 09:07:00,343 [WARN] ModelIntegratedComponent:63 - No mode defined for component null
2025-03-04 09:07:00,343 [WARN] ModelIntegratedComponent:63 - No mode defined for component null
2025-03-04 09:07:00,343 [WARN] ModelIntegratedComponent:63 - No mode defined for component null
2025-03-04 09:07:00,344 [WARN] ModelIntegratedComponent:63 - No mode defined for component null
2025-03-04 09:07:00,344 [WARN] ModelIntegratedComponent:63 - No mode defined for component null
2025-03-04 09:07:00,344 [WARN] ModelIntegratedComponent:63 - No mode defined for component null
2025-03-04 09:07:00,344 [WARN] ModelIntegratedComponent:63 - No mode defined for component null
2025-03-04 09:07:00,344 [WARN] ModelIntegratedComponent:63 - No mode defined for component null
2025-03-04 09:07:00,345 [WARN] ModelIntegratedComponent:63 - No mode defined for component null
2025-03-04 09:07:00,345 [WARN] ModelIntegratedComponent:63 - No mode defined for component null
2025-03-04 09:07:00,897 [INFO] ThirdPartyModel:298 - Start build external matchings
2025-03-04 09:07:04,096 [INFO] ThirdPartyModel:316 - End build external matchings
2025-03-04 09:07:04,161 [INFO] ImportTextPane:194 - (OptionalMessage_ERROR) IP (RCC) : Invalid parameter (FamilyName)
2025-03-04 09:07:04,163 [INFO] ImportTextPane:194 - (OptionalMessage_ERROR) IP (RCC) : Invalid parameter (PLLM)
2025-03-04 09:07:04,163 [INFO] ImportTextPane:194 - (OptionalMessage_ERROR) IP (RCC) : Invalid parameter (PLLN)
2025-03-04 09:07:04,163 [INFO] ImportTextPane:194 - (OptionalMessage_ERROR) IP (RCC) : Invalid parameter (PLLP)
2025-03-04 09:07:04,163 [INFO] ImportTextPane:194 - (OptionalMessage_ERROR) IP (RCC) : Invalid parameter (PLLQ)
2025-03-04 09:07:04,164 [INFO] ImportTextPane:194 - (OptionalMessage_ERROR) IP (RCC) : Invalid parameter (RCC_PLLsource_Clock_Source_FROM_HSE)
2025-03-04 09:07:04,168 [INFO] ImportTextPane:194 - (OptionalMessage_ERROR) IP (RCC) : Parameter (USBFreq_Value) has invalid value (72000000)
2025-03-04 09:07:05,172 [INFO] UtilMem:75 - End LoadConfig() Used Memory: 839520440 Bytes (961544192)
2025-03-04 09:07:05,462 [WARN] ThirdParty:833 - waiting for thirdparty lock release [change project]
2025-03-04 09:07:05,463 [INFO] ThirdParty:835 - entering critical section [change project]
2025-03-04 09:07:05,463 [INFO] ThirdParty:1030 - CMSIS Pack Vendor :STMicroelectronics X-CUBE-GNSS1 6.0.0
2025-03-04 09:07:05,463 [INFO] ThirdParty:1030 - CMSIS Pack Vendor :STMicroelectronics USB_HOST 2.0.0
2025-03-04 09:07:05,464 [INFO] ThirdParty:1030 - CMSIS Pack Vendor :STMicroelectronics FP-SNS-MOTENVWB1 1.4.0
2025-03-04 09:07:05,464 [INFO] ThirdParty:1030 - CMSIS Pack Vendor :STMicroelectronics X-CUBE-AZRTOS-F4 1.1.0
2025-03-04 09:07:05,464 [INFO] ThirdParty:1030 - CMSIS Pack Vendor :STMicroelectronics LIBJPEG 8.0.0
2025-03-04 09:07:05,465 [INFO] ThirdParty:1030 - CMSIS Pack Vendor :STMicroelectronics FP-ATR-ASTRA1 2.0.2
2025-03-04 09:07:05,465 [INFO] ThirdParty:1030 - CMSIS Pack Vendor :STMicroelectronics FP-ATR-ASTRA1 2.0.1
2025-03-04 09:07:05,465 [INFO] ThirdParty:1030 - CMSIS Pack Vendor :STMicroelectronics X-CUBE-SMBUS 2.1.0
2025-03-04 09:07:05,465 [INFO] ThirdParty:1030 - CMSIS Pack Vendor :STMicroelectronics X-CUBE-WB05N 1.1.0
2025-03-04 09:07:05,466 [INFO] ThirdParty:1030 - CMSIS Pack Vendor :wolfSSL I-CUBE-wolfSSL 5.6.0
2025-03-04 09:07:05,466 [INFO] ThirdParty:1030 - CMSIS Pack Vendor :STMicroelectronics X-CUBE-ISPU 2.1.0
2025-03-04 09:07:05,467 [INFO] ThirdParty:1030 - CMSIS Pack Vendor :STMicroelectronics X-CUBE-TOUCHGFX 4.23.2
2025-03-04 09:07:05,467 [INFO] ThirdParty:1030 - CMSIS Pack Vendor :STMicroelectronics X-CUBE-AZRTOS-F7 1.1.0
2025-03-04 09:07:05,467 [INFO] ThirdParty:1030 - CMSIS Pack Vendor :STMicroelectronics X-CUBE-AZRTOS-L5 2.0.0
2025-03-04 09:07:05,468 [INFO] ThirdParty:1030 - CMSIS Pack Vendor :STMicroelectronics USB_DEVICE 2.0.0
2025-03-04 09:07:05,468 [INFO] ThirdParty:1030 - CMSIS Pack Vendor :STMicroelectronics X-CUBE-MEMS1 9.6.0
2025-03-04 09:07:05,469 [INFO] ThirdParty:1030 - CMSIS Pack Vendor :STMicroelectronics X-CUBE-NFC6 3.1.0
2025-03-04 09:07:05,469 [INFO] ThirdParty:1030 - CMSIS Pack Vendor :STMicroelectronics FP-SNS-MOTENV1 4.3.0
2025-03-04 09:07:05,469 [INFO] ThirdParty:1030 - CMSIS Pack Vendor :STMicroelectronics FP-SNS-MOTENV1 4.3.2
2025-03-04 09:07:05,470 [INFO] ThirdParty:1030 - CMSIS Pack Vendor :STMicroelectronics FP-SNS-FLIGHT1 5.0.0
2025-03-04 09:07:05,470 [INFO] ThirdParty:1030 - CMSIS Pack Vendor :STMicroelectronics FP-SNS-MOTENV1 4.3.1
2025-03-04 09:07:05,471 [INFO] ThirdParty:1030 - CMSIS Pack Vendor :STMicroelectronics FP-SNS-FLIGHT1 5.0.1
2025-03-04 09:07:05,471 [INFO] ThirdParty:1030 - CMSIS Pack Vendor :STMicroelectronics X-CUBE-BLE1 6.2.4
2025-03-04 09:07:05,472 [INFO] ThirdParty:1030 - CMSIS Pack Vendor :STMicroelectronics FreeRTOS 0.0.1
2025-03-04 09:07:05,472 [INFO] ThirdParty:1030 - CMSIS Pack Vendor :emotas I-CUBE-CANOPEN 1.1.3
2025-03-04 09:07:05,472 [INFO] ThirdParty:1030 - CMSIS Pack Vendor :STMicroelectronics X-CUBE-BLEMGR 2.0.0
2025-03-04 09:07:05,473 [INFO] ThirdParty:1030 - CMSIS Pack Vendor :STMicroelectronics FP-SNS-FLIGHT1 5.0.2
2025-03-04 09:07:05,473 [INFO] ThirdParty:1030 - CMSIS Pack Vendor :STMicroelectronics X-CUBE-AZRTOS-H7 3.1.0
2025-03-04 09:07:05,473 [INFO] ThirdParty:1030 - CMSIS Pack Vendor :STMicroelectronics PDM2PCM 3.3.0
2025-03-04 09:07:05,473 [INFO] ThirdParty:1030 - CMSIS Pack Vendor :STMicroelectronics X-CUBE-DISPLAY 3.0.0
2025-03-04 09:07:05,473 [INFO] ThirdParty:1030 - CMSIS Pack Vendor :STMicroelectronics X-CUBE-BLE1 7.0.0
2025-03-04 09:07:05,473 [INFO] ThirdParty:1030 - CMSIS Pack Vendor :STMicroelectronics X-CUBE-NFC10 1.0.0
2025-03-04 09:07:05,474 [INFO] ThirdParty:1030 - CMSIS Pack Vendor :STMicroelectronics HAL Drivers 0.0.0
2025-03-04 09:07:05,474 [INFO] ThirdParty:1030 - CMSIS Pack Vendor :STMicroelectronics X-CUBE-FREERTOS 1.3.0
2025-03-04 09:07:05,474 [INFO] ThirdParty:1030 - CMSIS Pack Vendor :STMicroelectronics X-CUBE-TOUCHGFX 4.22.0
2025-03-04 09:07:05,474 [INFO] ThirdParty:1030 - CMSIS Pack Vendor :STMicroelectronics X-CUBE-NFC7 1.0.1
2025-03-04 09:07:05,474 [INFO] ThirdParty:1030 - CMSIS Pack Vendor :STMicroelectronics MBEDTLS 2.14.1
2025-03-04 09:07:05,475 [INFO] ThirdParty:1030 - CMSIS Pack Vendor :STMicroelectronics X-CUBE-NFC7 1.0.0
2025-03-04 09:07:05,475 [INFO] ThirdParty:1030 - CMSIS Pack Vendor :STMicroelectronics X-CUBE-NFC6 3.0.0
2025-03-04 09:07:05,475 [INFO] ThirdParty:1030 - CMSIS Pack Vendor :STMicroelectronics X-CUBE-EEPRMA1 4.1.0
2025-03-04 09:07:05,475 [INFO] ThirdParty:1030 - CMSIS Pack Vendor :STMicroelectronics X-CUBE-BLEMGR 3.1.0
2025-03-04 09:07:05,475 [INFO] ThirdParty:1030 - CMSIS Pack Vendor :STMicroelectronics X-CUBE-AI 10.0.0
2025-03-04 09:07:05,475 [INFO] ThirdParty:1030 - CMSIS Pack Vendor :STMicroelectronics FP-SNS-SMARTAG2 1.2.0
2025-03-04 09:07:05,476 [INFO] ThirdParty:1030 - CMSIS Pack Vendor :STMicroelectronics X-CUBE-MEMS1 11.1.0
2025-03-04 09:07:05,476 [INFO] ThirdParty:1030 - CMSIS Pack Vendor :STMicroelectronics X-CUBE-AZRTOS-WL 2.0.0
2025-03-04 09:07:05,476 [INFO] ThirdParty:1030 - CMSIS Pack Vendor :STMicroelectronics FP-SNS-MOTENV1 5.0.0
2025-03-04 09:07:05,476 [INFO] ThirdParty:1030 - CMSIS Pack Vendor :STMicroelectronics USB_DEVICE 1.0.0
2025-03-04 09:07:05,477 [INFO] ThirdParty:1030 - CMSIS Pack Vendor :STMicroelectronics X-CUBE-AI 8.1.0
2025-03-04 09:07:05,477 [INFO] ThirdParty:1030 - CMSIS Pack Vendor :wolfSSL I-CUBE-wolfMQTT 1.19.0
2025-03-04 09:07:05,477 [INFO] ThirdParty:1030 - CMSIS Pack Vendor :STMicroelectronics X-CUBE-AZRTOS-L4 2.0.0
2025-03-04 09:07:05,477 [INFO] ThirdParty:1030 - CMSIS Pack Vendor :STMicroelectronics ThreadX 0.0.2
2025-03-04 09:07:05,477 [INFO] ThirdParty:1030 - CMSIS Pack Vendor :WES I-CUBE-Cesium 1.3.0
2025-03-04 09:07:05,477 [INFO] ThirdParty:1030 - CMSIS Pack Vendor :STMicroelectronics lwIP 2.1.2
2025-03-04 09:07:05,479 [INFO] ThirdParty:1030 - CMSIS Pack Vendor :STMicroelectronics X-CUBE-SFXS2LP1 4.0.0
2025-03-04 09:07:05,479 [INFO] ThirdParty:1030 - CMSIS Pack Vendor :STMicroelectronics X-CUBE-BLE2 3.3.0
2025-03-04 09:07:05,479 [INFO] ThirdParty:1030 - CMSIS Pack Vendor :STMicroelectronics PDM2PCM 3.2.0
2025-03-04 09:07:05,479 [INFO] ThirdParty:1030 - CMSIS Pack Vendor :STMicroelectronics X-CUBE-ISPU 1.1.0
2025-03-04 09:07:05,479 [INFO] ThirdParty:1030 - CMSIS Pack Vendor :STMicroelectronics X-CUBE-AZRTOS-H7 3.3.0
2025-03-04 09:07:05,479 [INFO] ThirdParty:1030 - CMSIS Pack Vendor :STMicroelectronics X-CUBE-NFC9 1.0.0
2025-03-04 09:07:05,480 [INFO] ThirdParty:1030 - CMSIS Pack Vendor :STMicroelectronics X-CUBE-BLE1 7.1.0
2025-03-04 09:07:05,480 [INFO] ThirdParty:1030 - CMSIS Pack Vendor :STMicroelectronics USB_DEVICE 3.0.0
2025-03-04 09:07:05,480 [INFO] ThirdParty:1030 - CMSIS Pack Vendor :STMicroelectronics X-CUBE-AI 8.0.0
2025-03-04 09:07:05,480 [INFO] ThirdParty:1030 - CMSIS Pack Vendor :STMicroelectronics X-CUBE-AZRTOS-WB 2.0.0
2025-03-04 09:07:05,480 [INFO] ThirdParty:1030 - CMSIS Pack Vendor :STMicroelectronics X-CUBE-FREERTOS 1.0.1
2025-03-04 09:07:05,480 [INFO] ThirdParty:1030 - CMSIS Pack Vendor :STMicroelectronics X-CUBE-GNSS1 7.0.1
2025-03-04 09:07:05,481 [INFO] ThirdParty:1030 - CMSIS Pack Vendor :STMicroelectronics X-CUBE-TOUCHGFX 4.21.3
2025-03-04 09:07:05,481 [INFO] ThirdParty:1030 - CMSIS Pack Vendor :STMicroelectronics X-CUBE-TOUCHGFX 4.21.4
2025-03-04 09:07:05,481 [INFO] ThirdParty:1030 - CMSIS Pack Vendor :STMicroelectronics X-CUBE-ALGOBUILD 1.3.0
2025-03-04 09:07:05,481 [INFO] ThirdParty:1030 - CMSIS Pack Vendor :STMicroelectronics X-CUBE-AZRTOS-L5 1.1.0
2025-03-04 09:07:05,481 [INFO] ThirdParty:1030 - CMSIS Pack Vendor :STMicroelectronics X-CUBE-AZRTOS-G0 1.1.0
2025-03-04 09:07:05,481 [INFO] ThirdParty:1030 - CMSIS Pack Vendor :STMicroelectronics X-CUBE-AI 8.0.1
2025-03-04 09:07:05,481 [INFO] ThirdParty:1030 - CMSIS Pack Vendor :STMicroelectronics X-CUBE-SAFEA1 1.2.2
2025-03-04 09:07:05,481 [INFO] ThirdParty:1030 - CMSIS Pack Vendor :STMicroelectronics X-CUBE-NFC4 3.0.0
2025-03-04 09:07:05,482 [INFO] ThirdParty:1030 - CMSIS Pack Vendor :STMicroelectronics X-CUBE-SUBG2 5.0.0
2025-03-04 09:07:05,482 [INFO] ThirdParty:1030 - CMSIS Pack Vendor :STMicroelectronics STM32_WPAN 1.0.0
2025-03-04 09:07:05,482 [INFO] ThirdParty:1030 - CMSIS Pack Vendor :STMicroelectronics lwIP 2.0.3
2025-03-04 09:07:05,482 [INFO] ThirdParty:1030 - CMSIS Pack Vendor :Cesanta I-CUBE-Mongoose 7.13.0
2025-03-04 09:07:05,482 [INFO] ThirdParty:1030 - CMSIS Pack Vendor :STMicroelectronics USB_HOST 1.0.0
2025-03-04 09:07:05,482 [INFO] ThirdParty:1030 - CMSIS Pack Vendor :STMicroelectronics X-CUBE-TOF1 3.3.1
2025-03-04 09:07:05,483 [INFO] ThirdParty:1030 - CMSIS Pack Vendor :STMicroelectronics X-CUBE-AZRTOS-G4 2.0.0
2025-03-04 09:07:05,483 [INFO] ThirdParty:1030 - CMSIS Pack Vendor :STMicroelectronics PDM2PCM 3.1.0
2025-03-04 09:07:05,483 [INFO] ThirdParty:1030 - CMSIS Pack Vendor :STMicroelectronics X-CUBE-TOF1 3.3.0
2025-03-04 09:07:05,483 [INFO] ThirdParty:1030 - CMSIS Pack Vendor :STMicroelectronics FP-SNS-MOTENVWB1 1.3.1
2025-03-04 09:07:05,483 [INFO] ThirdParty:1030 - CMSIS Pack Vendor :STMicroelectronics FP-ATR-SIGFOX1 3.2.0
2025-03-04 09:07:05,483 [INFO] ThirdParty:1030 - CMSIS Pack Vendor :STMicroelectronics X-CUBE-AZRTOS-L4 1.0.0
2025-03-04 09:07:05,483 [INFO] ThirdParty:1030 - CMSIS Pack Vendor :STMicroelectronics X-CUBE-ISPU 2.0.0
2025-03-04 09:07:05,483 [INFO] ThirdParty:1030 - CMSIS Pack Vendor :STMicroelectronics X-CUBE-EEPRMA1 5.1.0
2025-03-04 09:07:05,484 [INFO] ThirdParty:1030 - CMSIS Pack Vendor :STMicroelectronics MBEDTLS 2.16.2
2025-03-04 09:07:05,484 [INFO] ThirdParty:1030 - CMSIS Pack Vendor :STMicroelectronics X-CUBE-ALS 1.0.2
2025-03-04 09:07:05,484 [INFO] ThirdParty:1030 - CMSIS Pack Vendor :STMicroelectronics X-CUBE-MEMS1 10.0.0
2025-03-04 09:07:05,484 [INFO] ThirdParty:1030 - CMSIS Pack Vendor :STMicroelectronics X-CUBE-FREERTOS 1.1.0
2025-03-04 09:07:05,484 [INFO] ThirdParty:1030 - CMSIS Pack Vendor :ITTIA_DB I-CUBE-ITTIADB 8.9.0
2025-03-04 09:07:05,484 [INFO] ThirdParty:1030 - CMSIS Pack Vendor :STMicroelectronics X-CUBE-TOUCHGFX 4.24.2
2025-03-04 09:07:05,484 [INFO] ThirdParty:1030 - CMSIS Pack Vendor :STMicroelectronics X-CUBE-AZRTOS-WL 1.0.0
2025-03-04 09:07:05,485 [INFO] ThirdParty:1030 - CMSIS Pack Vendor :wolfSSL I-CUBE-wolfTPM 3.4.0
2025-03-04 09:07:05,485 [INFO] ThirdParty:1030 - CMSIS Pack Vendor :portGmbH I-Cube-SoM-uGOAL 1.1.0
2025-03-04 09:07:05,485 [INFO] ThirdParty:1030 - CMSIS Pack Vendor :STMicroelectronics X-CUBE-ALS 1.0.1
2025-03-04 09:07:05,485 [INFO] ThirdParty:1030 - CMSIS Pack Vendor :STMicroelectronics ThreadX 1.0.0
2025-03-04 09:07:05,487 [INFO] ThirdParty:1030 - CMSIS Pack Vendor :STMicroelectronics X-CUBE-AZRTOS-WB 1.1.0
2025-03-04 09:07:05,487 [INFO] ThirdParty:1030 - CMSIS Pack Vendor :SEGGER I-CUBE-embOS 1.3.1
2025-03-04 09:07:05,488 [INFO] ThirdParty:1030 - CMSIS Pack Vendor :STMicroelectronics X-CUBE-ALGOBUILD 1.4.0
2025-03-04 09:07:05,488 [INFO] ThirdParty:1030 - CMSIS Pack Vendor :STMicroelectronics X-CUBE-AZRTOS-H7RS 1.0.0
2025-03-04 09:07:05,488 [INFO] ThirdParty:1030 - CMSIS Pack Vendor :STMicroelectronics FP-ATR-ASTRA1 2.0.0
2025-03-04 09:07:05,488 [INFO] ThirdParty:1030 - CMSIS Pack Vendor :STMicroelectronics X-CUBE-AI 9.1.0
2025-03-04 09:07:05,489 [INFO] ThirdParty:1030 - CMSIS Pack Vendor :STMicroelectronics X-CUBE-TOF1 3.4.1
2025-03-04 09:07:05,489 [INFO] ThirdParty:1030 - CMSIS Pack Vendor :STMicroelectronics X-CUBE-AZRTOS-H7 3.2.0
2025-03-04 09:07:05,490 [INFO] ThirdParty:1030 - CMSIS Pack Vendor :Infineon AIROC-Wi-Fi-Bluetooth-STM32 1.6.0
2025-03-04 09:07:05,490 [INFO] ThirdParty:1030 - CMSIS Pack Vendor :wolfSSL I-CUBE-wolfSSH 1.4.17
2025-03-04 09:07:05,491 [INFO] ThirdParty:841 - exiting critical section [change project]
2025-03-04 09:07:06,509 [INFO] PinOutPanel:1499 - setPackage(No Configuration,No Configuration)
2025-03-04 09:07:06,512 [INFO] PinOutPanel:1499 - setPackage(STM32F303RETx,LQFP64)
2025-03-04 09:07:08,033 [INFO] UtilMem:75 - Before build in PCC Used Memory: 818141984 Bytes (961544192)
2025-03-04 09:07:09,607 [INFO] UtilMem:75 - After build in PCC Used Memory: 763172208 Bytes (961544192)
2025-03-04 09:07:09,657 [INFO] IPUIPlugin:80 - create IPUIPlugin
2025-03-04 09:07:09,657 [INFO] IPUIPlugin:80 - create IPUIPlugin
2025-03-04 09:07:09,657 [INFO] IPUIPlugin:80 - create IPUIPlugin
2025-03-04 09:07:09,657 [INFO] IPUIPlugin:80 - create IPUIPlugin
2025-03-04 09:07:09,657 [INFO] IPUIPlugin:80 - create IPUIPlugin
2025-03-04 09:07:09,657 [INFO] IPUIPlugin:80 - create IPUIPlugin
2025-03-04 09:07:09,657 [INFO] IPUIPlugin:80 - create IPUIPlugin
2025-03-04 09:07:09,657 [INFO] IPUIPlugin:80 - create IPUIPlugin
2025-03-04 09:07:09,657 [INFO] IPUIPlugin:80 - create IPUIPlugin
2025-03-04 09:07:09,657 [INFO] IPUIPlugin:80 - create IPUIPlugin
2025-03-04 09:07:09,657 [INFO] IPUIPlugin:80 - create IPUIPlugin
2025-03-04 09:07:09,657 [INFO] IPUIPlugin:80 - create IPUIPlugin
2025-03-04 09:07:09,672 [INFO] IPUIPlugin:80 - create IPUIPlugin
2025-03-04 09:07:09,672 [INFO] IPUIPlugin:80 - create IPUIPlugin
2025-03-04 09:07:09,672 [INFO] IPUIPlugin:80 - create IPUIPlugin
2025-03-04 09:07:09,672 [INFO] IPUIPlugin:80 - create IPUIPlugin
2025-03-04 09:07:09,672 [INFO] IPUIPlugin:80 - create IPUIPlugin
2025-03-04 09:07:09,672 [INFO] IPUIPlugin:80 - create IPUIPlugin
2025-03-04 09:07:09,672 [INFO] IPUIPlugin:80 - create IPUIPlugin
2025-03-04 09:07:09,672 [INFO] IPUIPlugin:80 - create IPUIPlugin
2025-03-04 09:07:09,672 [INFO] IPUIPlugin:80 - create IPUIPlugin
2025-03-04 09:07:09,672 [INFO] IPUIPlugin:80 - create IPUIPlugin
2025-03-04 09:07:09,672 [INFO] IPUIPlugin:80 - create IPUIPlugin
2025-03-04 09:07:09,678 [INFO] IPUIPlugin:80 - create IPUIPlugin
2025-03-04 09:07:09,678 [INFO] IPUIPlugin:80 - create IPUIPlugin
2025-03-04 09:07:09,679 [INFO] IPUIPlugin:80 - create IPUIPlugin
2025-03-04 09:07:09,680 [INFO] IPUIPlugin:80 - create IPUIPlugin
2025-03-04 09:07:09,680 [INFO] IPUIPlugin:80 - create IPUIPlugin
2025-03-04 09:07:09,681 [INFO] IPUIPlugin:80 - create IPUIPlugin
2025-03-04 09:07:09,682 [INFO] IPUIPlugin:80 - create IPUIPlugin
2025-03-04 09:07:09,682 [INFO] IPUIPlugin:80 - create IPUIPlugin
2025-03-04 09:07:09,683 [INFO] IPUIPlugin:80 - create IPUIPlugin
2025-03-04 09:07:09,684 [INFO] IPUIPlugin:80 - create IPUIPlugin
2025-03-04 09:07:09,684 [INFO] IPUIPlugin:80 - create IPUIPlugin
2025-03-04 09:07:09,685 [INFO] IPUIPlugin:80 - create IPUIPlugin
2025-03-04 09:07:09,686 [INFO] IPUIPlugin:80 - create IPUIPlugin
2025-03-04 09:07:09,686 [INFO] IPUIPlugin:80 - create IPUIPlugin
2025-03-04 09:07:09,687 [INFO] IPUIPlugin:80 - create IPUIPlugin
2025-03-04 09:07:09,688 [INFO] IPUIPlugin:80 - create IPUIPlugin
2025-03-04 09:07:09,688 [INFO] IPUIPlugin:80 - create IPUIPlugin
2025-03-04 09:07:09,689 [INFO] IPUIPlugin:80 - create IPUIPlugin
2025-03-04 09:07:09,690 [INFO] IPUIPlugin:80 - create IPUIPlugin
2025-03-04 09:07:09,690 [INFO] IPUIPlugin:80 - create IPUIPlugin
2025-03-04 09:07:09,691 [INFO] IPUIPlugin:80 - create IPUIPlugin
2025-03-04 09:07:09,692 [INFO] IPUIPlugin:80 - create IPUIPlugin
2025-03-04 09:07:09,693 [INFO] IPUIPlugin:80 - create IPUIPlugin
2025-03-04 09:07:09,693 [INFO] IPUIPlugin:80 - create IPUIPlugin
2025-03-04 09:07:09,694 [INFO] IPUIPlugin:80 - create IPUIPlugin
2025-03-04 09:07:09,695 [INFO] IPUIPlugin:80 - create IPUIPlugin
2025-03-04 09:07:09,696 [INFO] IPUIPlugin:80 - create IPUIPlugin
2025-03-04 09:07:09,697 [INFO] IPUIPlugin:80 - create IPUIPlugin
2025-03-04 09:07:09,698 [INFO] IPUIPlugin:80 - create IPUIPlugin
2025-03-04 09:07:09,698 [INFO] IPUIPlugin:80 - create IPUIPlugin
2025-03-04 09:07:09,699 [INFO] IPUIPlugin:80 - create IPUIPlugin
2025-03-04 09:07:09,700 [INFO] IPUIPlugin:80 - create IPUIPlugin
2025-03-04 09:07:09,701 [INFO] IPUIPlugin:80 - create IPUIPlugin
2025-03-04 09:07:10,329 [INFO] CADModel:165 - CPN selected for project levelSTM32F303RET6
2025-03-04 09:07:10,329 [INFO] CADModel:114 - Register for checkConnection events
2025-03-04 09:07:10,430 [INFO] OpenFileManager:328 - Restore cursor
2025-03-04 09:07:12,777 [INFO] UtilMem:75 - End SaveConfig() Used Memory: 846719104 Bytes (961544192)
2025-03-04 09:07:13,036 [INFO] UtilMem:75 - End SaveConfig() Used Memory: 740141472 Bytes (961544192)
2025-03-04 09:07:13,581 [INFO] BlockDiagram:2759 - set Specific Code input for plugin: SYS
2025-03-04 09:07:13,582 [INFO] BlockDiagram:2759 - set Specific Code input for plugin: RCC
2025-03-04 09:07:13,582 [INFO] BlockDiagram:2759 - set Specific Code input for plugin: NVIC
2025-03-04 09:07:13,583 [INFO] BlockDiagram:2759 - set Specific Code input for plugin: USART
2025-03-04 09:07:13,584 [INFO] BlockDiagram:2759 - set Specific Code input for plugin: GPIO
2025-03-04 09:07:13,591 [INFO] CodeGenerator:793 - code generatio: config db path: C:\ST\STM32CubeIDE_1.12.1\STM32CubeIDE\plugins\com.st.stm32cube.common.mx_6.8.1.202304191431\\db\
2025-03-04 09:07:14,074 [INFO] CodeEngine:255 - oldGeneratedFile, C:\Users\user\Documents\WS24\Schaltungsentwicklung\bsp_project\battery_management1\MXTmpFiles\license.tmp_save
2025-03-04 09:07:14,877 [INFO] CodeEngine:279 - Generated code: C:\Users\user\Documents\WS24\Schaltungsentwicklung\bsp_project\battery_management1\MXTmpFiles\license.tmp
2025-03-04 09:07:15,163 [INFO] CodeEngine:255 - oldGeneratedFile, C:\Users\user\Documents\WS24\Schaltungsentwicklung\bsp_project\battery_management1\MXTmpFiles\gpio.tmp_save
2025-03-04 09:07:15,405 [INFO] CodeEngine:279 - Generated code: C:\Users\user\Documents\WS24\Schaltungsentwicklung\bsp_project\battery_management1\MXTmpFiles\gpio.tmp
2025-03-04 09:07:15,695 [INFO] CodeEngine:255 - oldGeneratedFile, C:\Users\user\Documents\WS24\Schaltungsentwicklung\bsp_project\battery_management1\Core\Src\stm32f3xx_it.c_save
2025-03-04 09:07:15,960 [INFO] CodeEngine:279 - Generated code: C:\Users\user\Documents\WS24\Schaltungsentwicklung\bsp_project\battery_management1\Core\Src\stm32f3xx_it.c
2025-03-04 09:07:15,972 [INFO] CodeEngine:255 - oldGeneratedFile, C:\Users\user\Documents\WS24\Schaltungsentwicklung\bsp_project\battery_management1\Core\Inc\stm32f3xx_it.h_save
2025-03-04 09:07:16,147 [INFO] CodeEngine:279 - Generated code: C:\Users\user\Documents\WS24\Schaltungsentwicklung\bsp_project\battery_management1\Core\Inc\stm32f3xx_it.h
2025-03-04 09:07:16,183 [INFO] CodeEngine:255 - oldGeneratedFile, C:\Users\user\Documents\WS24\Schaltungsentwicklung\bsp_project\battery_management1\Core\Src\stm32f3xx_hal_msp.c_save
2025-03-04 09:07:16,530 [INFO] CodeEngine:279 - Generated code: C:\Users\user\Documents\WS24\Schaltungsentwicklung\bsp_project\battery_management1\Core\Src\stm32f3xx_hal_msp.c
2025-03-04 09:07:16,545 [INFO] CodeEngine:255 - oldGeneratedFile, C:\Users\user\Documents\WS24\Schaltungsentwicklung\bsp_project\battery_management1\MXTmpFiles\system.tmp_save
2025-03-04 09:07:16,720 [INFO] CodeEngine:279 - Generated code: C:\Users\user\Documents\WS24\Schaltungsentwicklung\bsp_project\battery_management1\MXTmpFiles\system.tmp
2025-03-04 09:07:16,749 [INFO] CodeEngine:311 - oldGeneratedFile, C:\Users\user\Documents\WS24\Schaltungsentwicklung\bsp_project\battery_management1\Core\Inc\stm32f3xx_hal_conf.h_save
2025-03-04 09:07:16,949 [INFO] CodeEngine:335 - Generated code: C:\Users\user\Documents\WS24\Schaltungsentwicklung\bsp_project\battery_management1\Core\Inc\stm32f3xx_hal_conf.h
2025-03-04 09:07:17,069 [INFO] CodeEngine:255 - oldGeneratedFile, C:\Users\user\Documents\WS24\Schaltungsentwicklung\bsp_project\battery_management1\Core\Inc\main.h_save
2025-03-04 09:07:17,267 [INFO] CodeEngine:279 - Generated code: C:\Users\user\Documents\WS24\Schaltungsentwicklung\bsp_project\battery_management1\Core\Inc\main.h
2025-03-04 09:07:17,281 [INFO] CodeEngine:255 - oldGeneratedFile, C:\Users\user\Documents\WS24\Schaltungsentwicklung\bsp_project\battery_management1\Core\Src\main.c_save
2025-03-04 09:07:17,593 [INFO] CodeEngine:279 - Generated code: C:\Users\user\Documents\WS24\Schaltungsentwicklung\bsp_project\battery_management1\Core\Src\main.c
2025-03-04 09:07:19,166 [INFO] ProjectBuilder:2996 - Time for Copy HAL[1] : 531mS.
2025-03-04 09:07:19,195 [INFO] ProjectBuilder:4304 - Project Generator version: 3.19.2
2025-03-04 09:07:19,813 [INFO] ConfigFileManager:1483 - The Die is : DIE446
2025-03-04 09:07:19,841 [INFO] ApiDbMcu:507 - Load IP Config File for FATFS
2025-03-04 09:07:19,862 [INFO] ApiDbMcu:507 - Load IP Config File for FREERTOS
2025-03-04 09:07:19,898 [INFO] ApiDbMcu:507 - Load IP Config File for TOUCHSENSING
2025-03-04 09:07:19,904 [INFO] ApiDbMcu:507 - Load IP Config File for USB_DEVICE
2025-03-04 09:07:21,986 [INFO] LogOutputStream:77 - [STDOUT_REDIRECT] 
2025-03-04 09:07:30,268 [INFO] ProjectBuilder:4505 - Time for Generating toolchain IDE Files: 11069mS.
2025-03-04 09:07:30,271 [INFO] ProjectBuilder:2867 - Time for Copy CMSIS : 2mS.
2025-03-04 09:07:30,280 [INFO] ProjectBuilder:2867 - Time for Copy CMSIS : 1mS.
2025-03-04 09:07:32,714 [INFO] McuFinderGlobals:66 - Set McuFinderConnectedMode to true
2025-03-04 09:07:32,721 [INFO] ApiDb:448 - Save user favorites file C:\Users\user/.stm32cubeide/favorites.mcus.txt: 0 item(s)
2025-03-04 09:07:32,721 [INFO] ApiDb:452 - User favorites MCUs=[]
2025-03-04 09:07:32,724 [INFO] ApiDb:448 - Save user favorites file C:\Users\user/.stm32cubeide/favorites.boards.txt: 1 item(s)
2025-03-04 09:07:32,725 [INFO] ApiDb:452 - User favorites Boards=[NUCLEO-G491RE]
2025-03-04 09:10:12,889 [INFO] ParamManager:886 - [Generic UI] PropertyChangeEvent: TAB_STATUS_CHANGED , "dont care", "never mind"
2025-03-04 09:10:12,937 [INFO] ParamManager:886 - [Generic UI] PropertyChangeEvent: TAB_STATUS_CHANGED , "dont care", "never mind"
2025-03-04 09:10:12,999 [INFO] ADCParametersView:116 -                SequencerNbRanks 1 : true
2025-03-04 09:10:12,999 [INFO] ADCParametersView:116 -                SequencerNbRanks 1 : true
2025-03-04 09:10:12,999 [INFO] ADCParametersView:116 -                SequencerNbRanks 1 : true
2025-03-04 09:10:12,999 [INFO] ADCParametersView:116 -                SequencerNbRanks 1 : true
2025-03-04 09:10:12,999 [INFO] ADCParametersView:116 -                SequencerNbRanks 1 : true
2025-03-04 09:10:12,999 [INFO] ADCParametersView:116 -                SequencerNbRanks 1 : true
2025-03-04 09:10:12,999 [INFO] ADCParametersView:116 -                SequencerNbRanks 1 : true
2025-03-04 09:10:12,999 [INFO] ADCParametersView:116 -                Rank 1 : false
2025-03-04 09:10:13,218 [INFO] ADCParametersView:116 -                SequencerNbRanks 1 : true
2025-03-04 09:10:13,218 [INFO] ADCParametersView:116 -                Rank 1 : false
2025-03-04 09:10:13,233 [INFO] ADCParametersView:116 -                SequencerNbRanks 1 : true
2025-03-04 09:10:13,233 [INFO] ADCParametersView:116 -                Rank 1 : false
2025-03-04 09:10:13,233 [INFO] ADCParametersView:116 -                SequencerNbRanks 1 : true
2025-03-04 09:10:13,233 [INFO] ADCParametersView:116 -                Rank 1 : false
2025-03-04 09:10:13,233 [INFO] ADCParametersView:116 -                SequencerNbRanks 1 : true
2025-03-04 09:10:13,233 [INFO] ADCParametersView:116 -                Rank 1 : false
2025-03-04 09:10:13,233 [INFO] ADCParametersView:116 -                SequencerNbRanks 1 : true
2025-03-04 09:10:13,233 [INFO] ADCParametersView:116 -                Rank 1 : false
2025-03-04 09:10:13,233 [INFO] ADCParametersView:116 -                SequencerNbRanks 1 : true
2025-03-04 09:10:13,233 [INFO] ADCParametersView:116 -                Rank 1 : false
2025-03-04 09:10:13,233 [INFO] ADCParametersView:116 -                SequencerNbRanks 1 : true
2025-03-04 09:10:13,233 [INFO] ADCParametersView:116 -                Rank 1 : false
2025-03-04 09:10:13,233 [INFO] ADCParametersView:116 -                SequencerNbRanks 1 : true
2025-03-04 09:10:13,233 [INFO] ADCParametersView:116 -                Rank 1 : false
2025-03-04 09:10:13,233 [INFO] ADCParametersView:116 -                SequencerNbRanks 1 : true
2025-03-04 09:10:13,233 [INFO] ADCParametersView:116 -                Rank 1 : false
2025-03-04 09:10:13,233 [INFO] ADCParametersView:116 -                SequencerNbRanks 1 : true
2025-03-04 09:10:13,233 [INFO] ADCParametersView:116 -                Rank 1 : false
2025-03-04 09:10:13,233 [INFO] ADCParametersView:116 -                SequencerNbRanks 1 : true
2025-03-04 09:10:13,233 [INFO] ADCParametersView:116 -                Rank 1 : false
2025-03-04 09:10:13,233 [INFO] ADCParametersView:116 -                SequencerNbRanks 1 : true
2025-03-04 09:10:13,233 [INFO] ADCParametersView:116 -                Rank 1 : false
2025-03-04 09:10:13,233 [INFO] ADCParametersView:116 -                SequencerNbRanks 1 : true
2025-03-04 09:10:13,233 [INFO] ADCParametersView:116 -                Rank 1 : false
2025-03-04 09:10:13,233 [INFO] ADCParametersView:116 -                SequencerNbRanks 1 : true
2025-03-04 09:10:13,249 [INFO] ADCParametersView:116 -                Rank 1 : false
2025-03-04 09:10:13,249 [INFO] ADCParametersView:116 -                SequencerNbRanks 1 : true
2025-03-04 09:10:13,249 [INFO] ADCParametersView:116 -                Rank 1 : false
2025-03-04 09:10:13,249 [INFO] ADCParametersView:116 -                Rank 1 : false
2025-03-04 09:10:13,249 [INFO] ADCParametersView:116 -                Rank 1 : false
2025-03-04 09:10:13,249 [INFO] ADCParametersView:116 -                Rank 1 : false
2025-03-04 09:10:13,249 [INFO] ADCParametersView:116 -                Rank 1 : false
2025-03-04 09:10:13,249 [INFO] ADCParametersView:116 -                Rank 1 : false
2025-03-04 09:10:13,249 [INFO] ADCParametersView:116 -                Rank 1 : false
2025-03-04 09:10:13,265 [INFO] ADCParametersView:116 -                SequencerNbRanks 1 : true
2025-03-04 09:10:13,265 [INFO] ADCParametersView:116 -                SequencerNbRanks 1 : true
2025-03-04 09:10:13,280 [INFO] ADCParametersView:116 -                SequencerNbRanks 1 : true
2025-03-04 09:10:13,280 [INFO] ADCParametersView:116 -                SequencerNbRanks 1 : true
2025-03-04 09:10:13,280 [INFO] ADCParametersView:116 -                SequencerNbRanks 1 : true
2025-03-04 09:10:13,280 [INFO] ADCParametersView:116 -                SequencerNbRanks 1 : true
2025-03-04 09:10:13,280 [INFO] ADCParametersView:116 -                SequencerNbRanks 1 : true
2025-03-04 09:10:13,280 [INFO] ADCParametersView:116 -                Rank 1 : false
2025-03-04 09:10:13,390 [INFO] NvicIntPanel:101 - NVIC parent = com.st.microxplorer.plugins.ip.nvic.MultiNvicIntPanel[,0,0,0x0,invalid,layout=javax.swing.BoxLayout,alignmentX=0.0,alignmentY=0.0,border=,flags=9,maximumSize=,minimumSize=,preferredSize=]
2025-03-04 09:10:13,655 [INFO] NvicIntPanel:101 - NVIC parent = com.st.microxplorer.plugins.ip.nvic.MultiNvicIntPanel[,0,0,0x0,invalid,layout=javax.swing.BoxLayout,alignmentX=0.0,alignmentY=0.0,border=,flags=9,maximumSize=,minimumSize=,preferredSize=]
2025-03-04 09:10:14,015 [INFO] NvicIntPanel:101 - NVIC parent = com.st.microxplorer.plugins.ip.nvic.MultiNvicIntPanel[,0,0,0x0,invalid,layout=javax.swing.BoxLayout,alignmentX=0.0,alignmentY=0.0,border=,flags=9,maximumSize=,minimumSize=,preferredSize=]
2025-03-04 09:10:14,406 [INFO] NvicIntPanel:101 - NVIC parent = com.st.microxplorer.plugins.ip.nvic.MultiNvicIntPanel[,0,0,0x0,invalid,layout=javax.swing.BoxLayout,alignmentX=0.0,alignmentY=0.0,border=,flags=9,maximumSize=,minimumSize=,preferredSize=]
2025-03-04 09:10:14,828 [INFO] NvicIntPanel:101 - NVIC parent = com.st.microxplorer.plugins.ip.nvic.MultiNvicIntPanel[,0,0,0x0,invalid,layout=javax.swing.BoxLayout,alignmentX=0.0,alignmentY=0.0,border=,flags=9,maximumSize=,minimumSize=,preferredSize=]
2025-03-04 09:10:15,140 [INFO] NvicIntPanel:101 - NVIC parent = com.st.microxplorer.plugins.ip.nvic.MultiNvicIntPanel[,0,0,0x0,invalid,layout=javax.swing.BoxLayout,alignmentX=0.0,alignmentY=0.0,border=,flags=9,maximumSize=,minimumSize=,preferredSize=]
2025-03-04 09:10:15,312 [INFO] ADCParametersView:116 -                SequencerNbRanks 1 : true
2025-03-04 09:10:15,312 [INFO] ADCParametersView:116 -                Rank 1 : false
2025-03-04 09:10:15,312 [INFO] ADCParametersView:116 -                SequencerNbRanks 1 : true
2025-03-04 09:10:15,312 [INFO] ADCParametersView:116 -                Rank 1 : false
2025-03-04 09:10:15,312 [INFO] ADCParametersView:116 -                SequencerNbRanks 1 : true
2025-03-04 09:10:15,312 [INFO] ADCParametersView:116 -                Rank 1 : false
2025-03-04 09:10:15,312 [INFO] ADCParametersView:116 -                SequencerNbRanks 1 : true
2025-03-04 09:10:15,312 [INFO] ADCParametersView:116 -                Rank 1 : false
2025-03-04 09:10:15,312 [INFO] ADCParametersView:116 -                SequencerNbRanks 1 : true
2025-03-04 09:10:15,312 [INFO] ADCParametersView:116 -                Rank 1 : false
2025-03-04 09:10:15,312 [INFO] ADCParametersView:116 -                SequencerNbRanks 1 : true
2025-03-04 09:10:15,312 [INFO] ADCParametersView:116 -                Rank 1 : false
2025-03-04 09:10:15,312 [INFO] ADCParametersView:116 -                SequencerNbRanks 1 : true
2025-03-04 09:10:15,312 [INFO] ADCParametersView:116 -                Rank 1 : false
2025-03-04 09:10:15,312 [INFO] ADCParametersView:116 -                SequencerNbRanks 1 : true
2025-03-04 09:10:15,312 [INFO] ADCParametersView:116 -                Rank 1 : false
2025-03-04 09:10:15,312 [INFO] ADCParametersView:116 -                SequencerNbRanks 1 : true
2025-03-04 09:10:15,312 [INFO] ADCParametersView:116 -                Rank 1 : false
2025-03-04 09:10:15,312 [INFO] ADCParametersView:116 -                SequencerNbRanks 1 : true
2025-03-04 09:10:15,312 [INFO] ADCParametersView:116 -                Rank 1 : false
2025-03-04 09:10:15,312 [INFO] ADCParametersView:116 -                SequencerNbRanks 1 : true
2025-03-04 09:10:15,312 [INFO] ADCParametersView:116 -                Rank 1 : false
2025-03-04 09:10:15,312 [INFO] ADCParametersView:116 -                SequencerNbRanks 1 : true
2025-03-04 09:10:15,312 [INFO] ADCParametersView:116 -                Rank 1 : false
2025-03-04 09:10:15,312 [INFO] ADCParametersView:116 -                SequencerNbRanks 1 : true
2025-03-04 09:10:15,312 [INFO] ADCParametersView:116 -                Rank 1 : false
2025-03-04 09:10:15,312 [INFO] ADCParametersView:116 -                SequencerNbRanks 1 : true
2025-03-04 09:10:15,312 [INFO] ADCParametersView:116 -                Rank 1 : false
2025-03-04 09:10:15,312 [INFO] ADCParametersView:116 -                SequencerNbRanks 1 : true
2025-03-04 09:10:15,312 [INFO] ADCParametersView:116 -                Rank 1 : false
2025-03-04 09:10:15,312 [INFO] ADCParametersView:116 -                Rank 1 : false
2025-03-04 09:10:15,312 [INFO] ADCParametersView:116 -                Rank 1 : false
2025-03-04 09:10:15,312 [INFO] ADCParametersView:116 -                Rank 1 : false
2025-03-04 09:10:15,312 [INFO] ADCParametersView:116 -                Rank 1 : false
2025-03-04 09:10:15,312 [INFO] ADCParametersView:116 -                Rank 1 : false
2025-03-04 09:10:15,328 [INFO] ADCParametersView:116 -                Rank 1 : false
2025-03-04 09:10:15,421 [INFO] ADCParametersView:116 -                SequencerNbRanks 1 : true
2025-03-04 09:10:15,421 [INFO] ADCParametersView:116 -                SequencerNbRanks 1 : true
2025-03-04 09:10:15,421 [INFO] ADCParametersView:116 -                SequencerNbRanks 1 : true
2025-03-04 09:10:15,421 [INFO] ADCParametersView:116 -                SequencerNbRanks 1 : true
2025-03-04 09:10:15,421 [INFO] ADCParametersView:116 -                SequencerNbRanks 1 : true
2025-03-04 09:10:15,421 [INFO] ADCParametersView:116 -                SequencerNbRanks 1 : true
2025-03-04 09:10:15,421 [INFO] ADCParametersView:116 -                SequencerNbRanks 1 : true
2025-03-04 09:10:15,421 [INFO] ADCParametersView:116 -                Rank 1 : false
2025-03-04 09:10:15,515 [INFO] ADCParametersView:116 -                SequencerNbRanks 1 : true
2025-03-04 09:10:15,515 [INFO] ADCParametersView:116 -                Rank 1 : false
2025-03-04 09:10:15,515 [INFO] ADCParametersView:116 -                SequencerNbRanks 1 : true
2025-03-04 09:10:15,515 [INFO] ADCParametersView:116 -                Rank 1 : false
2025-03-04 09:10:15,515 [INFO] ADCParametersView:116 -                SequencerNbRanks 1 : true
2025-03-04 09:10:15,515 [INFO] ADCParametersView:116 -                Rank 1 : false
2025-03-04 09:10:15,515 [INFO] ADCParametersView:116 -                SequencerNbRanks 1 : true
2025-03-04 09:10:15,515 [INFO] ADCParametersView:116 -                Rank 1 : false
2025-03-04 09:10:15,515 [INFO] ADCParametersView:116 -                SequencerNbRanks 1 : true
2025-03-04 09:10:15,515 [INFO] ADCParametersView:116 -                Rank 1 : false
2025-03-04 09:10:15,515 [INFO] ADCParametersView:116 -                SequencerNbRanks 1 : true
2025-03-04 09:10:15,515 [INFO] ADCParametersView:116 -                Rank 1 : false
2025-03-04 09:10:15,515 [INFO] ADCParametersView:116 -                SequencerNbRanks 1 : true
2025-03-04 09:10:15,515 [INFO] ADCParametersView:116 -                Rank 1 : false
2025-03-04 09:10:15,515 [INFO] ADCParametersView:116 -                SequencerNbRanks 1 : true
2025-03-04 09:10:15,515 [INFO] ADCParametersView:116 -                Rank 1 : false
2025-03-04 09:10:15,515 [INFO] ADCParametersView:116 -                SequencerNbRanks 1 : true
2025-03-04 09:10:15,515 [INFO] ADCParametersView:116 -                Rank 1 : false
2025-03-04 09:10:15,515 [INFO] ADCParametersView:116 -                SequencerNbRanks 1 : true
2025-03-04 09:10:15,515 [INFO] ADCParametersView:116 -                Rank 1 : false
2025-03-04 09:10:15,515 [INFO] ADCParametersView:116 -                SequencerNbRanks 1 : true
2025-03-04 09:10:15,515 [INFO] ADCParametersView:116 -                Rank 1 : false
2025-03-04 09:10:15,515 [INFO] ADCParametersView:116 -                SequencerNbRanks 1 : true
2025-03-04 09:10:15,515 [INFO] ADCParametersView:116 -                Rank 1 : false
2025-03-04 09:10:15,531 [INFO] ADCParametersView:116 -                SequencerNbRanks 1 : true
2025-03-04 09:10:15,531 [INFO] ADCParametersView:116 -                Rank 1 : false
2025-03-04 09:10:15,531 [INFO] ADCParametersView:116 -                SequencerNbRanks 1 : true
2025-03-04 09:10:15,531 [INFO] ADCParametersView:116 -                Rank 1 : false
2025-03-04 09:10:15,531 [INFO] ADCParametersView:116 -                SequencerNbRanks 1 : true
2025-03-04 09:10:15,531 [INFO] ADCParametersView:116 -                Rank 1 : false
2025-03-04 09:10:15,531 [INFO] ADCParametersView:116 -                Rank 1 : false
2025-03-04 09:10:15,531 [INFO] ADCParametersView:116 -                Rank 1 : false
2025-03-04 09:10:15,531 [INFO] ADCParametersView:116 -                Rank 1 : false
2025-03-04 09:10:15,531 [INFO] ADCParametersView:116 -                Rank 1 : false
2025-03-04 09:10:15,531 [INFO] ADCParametersView:116 -                Rank 1 : false
2025-03-04 09:10:15,531 [INFO] ADCParametersView:116 -                Rank 1 : false
2025-03-04 09:10:15,609 [INFO] ADCParametersView:116 -                SequencerNbRanks 1 : true
2025-03-04 09:10:15,609 [INFO] ADCParametersView:116 -                SequencerNbRanks 1 : true
2025-03-04 09:10:15,609 [INFO] ADCParametersView:116 -                SequencerNbRanks 1 : true
2025-03-04 09:10:15,609 [INFO] ADCParametersView:116 -                SequencerNbRanks 1 : true
2025-03-04 09:10:15,609 [INFO] ADCParametersView:116 -                SequencerNbRanks 1 : true
2025-03-04 09:10:15,609 [INFO] ADCParametersView:116 -                SequencerNbRanks 1 : true
2025-03-04 09:10:15,609 [INFO] ADCParametersView:116 -                SequencerNbRanks 1 : true
2025-03-04 09:10:15,609 [INFO] ADCParametersView:116 -                Rank 1 : false
2025-03-04 09:10:15,624 [INFO] NvicIntPanel:101 - NVIC parent = com.st.microxplorer.plugins.ip.nvic.MultiNvicIntPanel[,0,0,0x0,invalid,layout=javax.swing.BoxLayout,alignmentX=0.0,alignmentY=0.0,border=,flags=9,maximumSize=,minimumSize=,preferredSize=]
2025-03-04 09:10:44,084 [INFO] ParamManager:886 - [Generic UI] PropertyChangeEvent: TAB_STATUS_CHANGED , "dont care", "never mind"
2025-03-04 09:10:44,084 [INFO] ADCParametersView:116 -                SequencerNbRanks 1 : true
2025-03-04 09:10:44,084 [INFO] ADCParametersView:116 -                Rank 1 : false
2025-03-04 09:10:44,084 [INFO] ADCParametersView:116 -                SequencerNbRanks 1 : true
2025-03-04 09:10:44,084 [INFO] ADCParametersView:116 -                Rank 1 : false
2025-03-04 09:10:44,084 [INFO] ADCParametersView:116 -                SequencerNbRanks 1 : true
2025-03-04 09:10:44,084 [INFO] ADCParametersView:116 -                Rank 1 : false
2025-03-04 09:10:44,084 [INFO] ADCParametersView:116 -                SequencerNbRanks 1 : true
2025-03-04 09:10:44,084 [INFO] ADCParametersView:116 -                Rank 1 : false
2025-03-04 09:10:44,084 [INFO] ADCParametersView:116 -                SequencerNbRanks 1 : true
2025-03-04 09:10:44,084 [INFO] ADCParametersView:116 -                Rank 1 : false
2025-03-04 09:10:44,084 [INFO] ADCParametersView:116 -                SequencerNbRanks 1 : true
2025-03-04 09:10:44,084 [INFO] ADCParametersView:116 -                Rank 1 : false
2025-03-04 09:10:44,084 [INFO] ADCParametersView:116 -                SequencerNbRanks 1 : true
2025-03-04 09:10:44,084 [INFO] ADCParametersView:116 -                Rank 1 : false
2025-03-04 09:10:44,084 [INFO] ADCParametersView:116 -                SequencerNbRanks 1 : true
2025-03-04 09:10:44,084 [INFO] ADCParametersView:116 -                Rank 1 : false
2025-03-04 09:10:44,084 [INFO] ADCParametersView:116 -                SequencerNbRanks 1 : true
2025-03-04 09:10:44,100 [INFO] ADCParametersView:116 -                Rank 1 : false
2025-03-04 09:10:44,100 [INFO] ADCParametersView:116 -                SequencerNbRanks 1 : true
2025-03-04 09:10:44,100 [INFO] ADCParametersView:116 -                Rank 1 : false
2025-03-04 09:10:44,100 [INFO] ADCParametersView:116 -                SequencerNbRanks 1 : true
2025-03-04 09:10:44,100 [INFO] ADCParametersView:116 -                Rank 1 : false
2025-03-04 09:10:44,100 [INFO] ADCParametersView:116 -                SequencerNbRanks 1 : true
2025-03-04 09:10:44,100 [INFO] ADCParametersView:116 -                Rank 1 : false
2025-03-04 09:10:44,100 [INFO] ADCParametersView:116 -                SequencerNbRanks 1 : true
2025-03-04 09:10:44,100 [INFO] ADCParametersView:116 -                Rank 1 : false
2025-03-04 09:10:44,100 [INFO] ADCParametersView:116 -                SequencerNbRanks 1 : true
2025-03-04 09:10:44,100 [INFO] ADCParametersView:116 -                Rank 1 : false
2025-03-04 09:10:44,100 [INFO] ADCParametersView:116 -                SequencerNbRanks 1 : true
2025-03-04 09:10:44,100 [INFO] ADCParametersView:116 -                Rank 1 : false
2025-03-04 09:10:44,100 [INFO] ADCParametersView:116 -                Rank 1 : false
2025-03-04 09:10:44,100 [INFO] ADCParametersView:116 -                Rank 1 : false
2025-03-04 09:10:44,100 [INFO] ADCParametersView:116 -                Rank 1 : false
2025-03-04 09:10:44,100 [INFO] ADCParametersView:116 -                Rank 1 : false
2025-03-04 09:10:44,100 [INFO] ADCParametersView:116 -                Rank 1 : false
2025-03-04 09:10:44,100 [INFO] ADCParametersView:116 -                Rank 1 : false
2025-03-04 09:10:44,100 [INFO] ParamManager:886 - [Generic UI] PropertyChangeEvent: TAB_STATUS_CHANGED , "dont care", "never mind"
2025-03-04 09:10:44,115 [INFO] ADCParametersView:116 -                SequencerNbRanks 1 : true
2025-03-04 09:10:44,115 [INFO] ADCParametersView:116 -                SequencerNbRanks 1 : true
2025-03-04 09:10:44,115 [INFO] ADCParametersView:116 -                SequencerNbRanks 1 : true
2025-03-04 09:10:44,115 [INFO] ADCParametersView:116 -                SequencerNbRanks 1 : true
2025-03-04 09:10:44,115 [INFO] ADCParametersView:116 -                SequencerNbRanks 1 : true
2025-03-04 09:10:44,115 [INFO] ADCParametersView:116 -                SequencerNbRanks 1 : true
2025-03-04 09:10:44,131 [INFO] ADCParametersView:116 -                SequencerNbRanks 1 : true
2025-03-04 09:10:44,131 [INFO] ADCParametersView:116 -                Rank 1 : false
2025-03-04 09:10:44,162 [INFO] ADCParametersView:116 -                SequencerNbRanks 1 : true
2025-03-04 09:10:44,162 [INFO] ADCParametersView:116 -                Rank 1 : false
2025-03-04 09:10:44,162 [INFO] ADCParametersView:116 -                SequencerNbRanks 1 : true
2025-03-04 09:10:44,162 [INFO] ADCParametersView:116 -                Rank 1 : false
2025-03-04 09:10:44,162 [INFO] ADCParametersView:116 -                SequencerNbRanks 1 : true
2025-03-04 09:10:44,162 [INFO] ADCParametersView:116 -                Rank 1 : false
2025-03-04 09:10:44,162 [INFO] ADCParametersView:116 -                SequencerNbRanks 1 : true
2025-03-04 09:10:44,162 [INFO] ADCParametersView:116 -                Rank 1 : false
2025-03-04 09:10:44,162 [INFO] ADCParametersView:116 -                SequencerNbRanks 1 : true
2025-03-04 09:10:44,162 [INFO] ADCParametersView:116 -                Rank 1 : false
2025-03-04 09:10:44,162 [INFO] ADCParametersView:116 -                SequencerNbRanks 1 : true
2025-03-04 09:10:44,162 [INFO] ADCParametersView:116 -                Rank 1 : false
2025-03-04 09:10:44,162 [INFO] ADCParametersView:116 -                SequencerNbRanks 1 : true
2025-03-04 09:10:44,162 [INFO] ADCParametersView:116 -                Rank 1 : false
2025-03-04 09:10:44,162 [INFO] ADCParametersView:116 -                SequencerNbRanks 1 : true
2025-03-04 09:10:44,162 [INFO] ADCParametersView:116 -                Rank 1 : false
2025-03-04 09:10:44,162 [INFO] ADCParametersView:116 -                SequencerNbRanks 1 : true
2025-03-04 09:10:44,162 [INFO] ADCParametersView:116 -                Rank 1 : false
2025-03-04 09:10:44,162 [INFO] ADCParametersView:116 -                SequencerNbRanks 1 : true
2025-03-04 09:10:44,162 [INFO] ADCParametersView:116 -                Rank 1 : false
2025-03-04 09:10:44,162 [INFO] ADCParametersView:116 -                SequencerNbRanks 1 : true
2025-03-04 09:10:44,162 [INFO] ADCParametersView:116 -                Rank 1 : false
2025-03-04 09:10:44,162 [INFO] ADCParametersView:116 -                SequencerNbRanks 1 : true
2025-03-04 09:10:44,162 [INFO] ADCParametersView:116 -                Rank 1 : false
2025-03-04 09:10:44,162 [INFO] ADCParametersView:116 -                SequencerNbRanks 1 : true
2025-03-04 09:10:44,162 [INFO] ADCParametersView:116 -                Rank 1 : false
2025-03-04 09:10:44,162 [INFO] ADCParametersView:116 -                SequencerNbRanks 1 : true
2025-03-04 09:10:44,162 [INFO] ADCParametersView:116 -                Rank 1 : false
2025-03-04 09:10:44,162 [INFO] ADCParametersView:116 -                SequencerNbRanks 1 : true
2025-03-04 09:10:44,162 [INFO] ADCParametersView:116 -                Rank 1 : false
2025-03-04 09:10:44,162 [INFO] ADCParametersView:116 -                Rank 1 : false
2025-03-04 09:10:44,162 [INFO] ADCParametersView:116 -                Rank 1 : false
2025-03-04 09:10:44,162 [INFO] ADCParametersView:116 -                Rank 1 : false
2025-03-04 09:10:44,162 [INFO] ADCParametersView:116 -                Rank 1 : false
2025-03-04 09:10:44,162 [INFO] ADCParametersView:116 -                Rank 1 : false
2025-03-04 09:10:44,162 [INFO] ADCParametersView:116 -                Rank 1 : false
2025-03-04 09:10:44,194 [INFO] ADCParametersView:116 -                SequencerNbRanks 1 : true
2025-03-04 09:10:44,194 [INFO] ADCParametersView:116 -                SequencerNbRanks 1 : true
2025-03-04 09:10:44,194 [INFO] ADCParametersView:116 -                SequencerNbRanks 1 : true
2025-03-04 09:10:44,194 [INFO] ADCParametersView:116 -                SequencerNbRanks 1 : true
2025-03-04 09:10:44,194 [INFO] ADCParametersView:116 -                SequencerNbRanks 1 : true
2025-03-04 09:10:44,194 [INFO] ADCParametersView:116 -                SequencerNbRanks 1 : true
2025-03-04 09:10:44,194 [INFO] ADCParametersView:116 -                SequencerNbRanks 1 : true
2025-03-04 09:10:44,194 [INFO] ADCParametersView:116 -                Rank 1 : false
2025-03-04 09:10:44,256 [INFO] NvicIntPanel:101 - NVIC parent = com.st.microxplorer.plugins.ip.nvic.MultiNvicIntPanel[,0,0,0x0,invalid,layout=javax.swing.BoxLayout,alignmentX=0.0,alignmentY=0.0,border=,flags=9,maximumSize=,minimumSize=,preferredSize=]
2025-03-04 09:10:44,475 [INFO] NvicIntPanel:101 - NVIC parent = com.st.microxplorer.plugins.ip.nvic.MultiNvicIntPanel[,0,0,0x0,invalid,layout=javax.swing.BoxLayout,alignmentX=0.0,alignmentY=0.0,border=,flags=9,maximumSize=,minimumSize=,preferredSize=]
2025-03-04 09:10:44,772 [INFO] NvicIntPanel:101 - NVIC parent = com.st.microxplorer.plugins.ip.nvic.MultiNvicIntPanel[,0,0,0x0,invalid,layout=javax.swing.BoxLayout,alignmentX=0.0,alignmentY=0.0,border=,flags=9,maximumSize=,minimumSize=,preferredSize=]
2025-03-04 09:10:45,084 [INFO] NvicIntPanel:101 - NVIC parent = com.st.microxplorer.plugins.ip.nvic.MultiNvicIntPanel[,0,0,0x0,invalid,layout=javax.swing.BoxLayout,alignmentX=0.0,alignmentY=0.0,border=,flags=9,maximumSize=,minimumSize=,preferredSize=]
2025-03-04 09:10:45,397 [INFO] NvicIntPanel:101 - NVIC parent = com.st.microxplorer.plugins.ip.nvic.MultiNvicIntPanel[,0,0,0x0,invalid,layout=javax.swing.BoxLayout,alignmentX=0.0,alignmentY=0.0,border=,flags=9,maximumSize=,minimumSize=,preferredSize=]
2025-03-04 09:10:45,741 [INFO] NvicIntPanel:101 - NVIC parent = com.st.microxplorer.plugins.ip.nvic.MultiNvicIntPanel[,0,0,0x0,invalid,layout=javax.swing.BoxLayout,alignmentX=0.0,alignmentY=0.0,border=,flags=9,maximumSize=,minimumSize=,preferredSize=]
2025-03-04 09:10:45,881 [INFO] ADCParametersView:116 -                SequencerNbRanks 1 : true
2025-03-04 09:10:45,881 [INFO] ADCParametersView:116 -                Rank 1 : false
2025-03-04 09:10:45,881 [INFO] ADCParametersView:116 -                SequencerNbRanks 1 : true
2025-03-04 09:10:45,881 [INFO] ADCParametersView:116 -                Rank 1 : false
2025-03-04 09:10:45,881 [INFO] ADCParametersView:116 -                SequencerNbRanks 1 : true
2025-03-04 09:10:45,881 [INFO] ADCParametersView:116 -                Rank 1 : false
2025-03-04 09:10:45,881 [INFO] ADCParametersView:116 -                SequencerNbRanks 1 : true
2025-03-04 09:10:45,881 [INFO] ADCParametersView:116 -                Rank 1 : false
2025-03-04 09:10:45,881 [INFO] ADCParametersView:116 -                SequencerNbRanks 1 : true
2025-03-04 09:10:45,881 [INFO] ADCParametersView:116 -                Rank 1 : false
2025-03-04 09:10:45,881 [INFO] ADCParametersView:116 -                SequencerNbRanks 1 : true
2025-03-04 09:10:45,881 [INFO] ADCParametersView:116 -                Rank 1 : false
2025-03-04 09:10:45,881 [INFO] ADCParametersView:116 -                SequencerNbRanks 1 : true
2025-03-04 09:10:45,897 [INFO] ADCParametersView:116 -                Rank 1 : false
2025-03-04 09:10:45,897 [INFO] ADCParametersView:116 -                SequencerNbRanks 1 : true
2025-03-04 09:10:45,897 [INFO] ADCParametersView:116 -                Rank 1 : false
2025-03-04 09:10:45,897 [INFO] ADCParametersView:116 -                SequencerNbRanks 1 : true
2025-03-04 09:10:45,897 [INFO] ADCParametersView:116 -                Rank 1 : false
2025-03-04 09:10:45,897 [INFO] ADCParametersView:116 -                SequencerNbRanks 1 : true
2025-03-04 09:10:45,897 [INFO] ADCParametersView:116 -                Rank 1 : false
2025-03-04 09:10:45,897 [INFO] ADCParametersView:116 -                SequencerNbRanks 1 : true
2025-03-04 09:10:45,897 [INFO] ADCParametersView:116 -                Rank 1 : false
2025-03-04 09:10:45,897 [INFO] ADCParametersView:116 -                SequencerNbRanks 1 : true
2025-03-04 09:10:45,897 [INFO] ADCParametersView:116 -                Rank 1 : false
2025-03-04 09:10:45,897 [INFO] ADCParametersView:116 -                SequencerNbRanks 1 : true
2025-03-04 09:10:45,897 [INFO] ADCParametersView:116 -                Rank 1 : false
2025-03-04 09:10:45,897 [INFO] ADCParametersView:116 -                SequencerNbRanks 1 : true
2025-03-04 09:10:45,897 [INFO] ADCParametersView:116 -                Rank 1 : false
2025-03-04 09:10:45,897 [INFO] ADCParametersView:116 -                SequencerNbRanks 1 : true
2025-03-04 09:10:45,897 [INFO] ADCParametersView:116 -                Rank 1 : false
2025-03-04 09:10:45,897 [INFO] ADCParametersView:116 -                Rank 1 : false
2025-03-04 09:10:45,897 [INFO] ADCParametersView:116 -                Rank 1 : false
2025-03-04 09:10:45,897 [INFO] ADCParametersView:116 -                Rank 1 : false
2025-03-04 09:10:45,897 [INFO] ADCParametersView:116 -                Rank 1 : false
2025-03-04 09:10:45,897 [INFO] ADCParametersView:116 -                Rank 1 : false
2025-03-04 09:10:45,897 [INFO] ADCParametersView:116 -                Rank 1 : false
2025-03-04 09:10:45,991 [INFO] ADCParametersView:116 -                SequencerNbRanks 1 : true
2025-03-04 09:10:46,006 [INFO] ADCParametersView:116 -                SequencerNbRanks 1 : true
2025-03-04 09:10:46,006 [INFO] ADCParametersView:116 -                SequencerNbRanks 1 : true
2025-03-04 09:10:46,006 [INFO] ADCParametersView:116 -                SequencerNbRanks 1 : true
2025-03-04 09:10:46,006 [INFO] ADCParametersView:116 -                SequencerNbRanks 1 : true
2025-03-04 09:10:46,006 [INFO] ADCParametersView:116 -                SequencerNbRanks 1 : true
2025-03-04 09:10:46,006 [INFO] ADCParametersView:116 -                SequencerNbRanks 1 : true
2025-03-04 09:10:46,006 [INFO] ADCParametersView:116 -                Rank 1 : false
2025-03-04 09:10:46,131 [INFO] ADCParametersView:116 -                SequencerNbRanks 1 : true
2025-03-04 09:10:46,131 [INFO] ADCParametersView:116 -                Rank 1 : false
2025-03-04 09:10:46,131 [INFO] ADCParametersView:116 -                SequencerNbRanks 1 : true
2025-03-04 09:10:46,131 [INFO] ADCParametersView:116 -                Rank 1 : false
2025-03-04 09:10:46,131 [INFO] ADCParametersView:116 -                SequencerNbRanks 1 : true
2025-03-04 09:10:46,131 [INFO] ADCParametersView:116 -                Rank 1 : false
2025-03-04 09:10:46,131 [INFO] ADCParametersView:116 -                SequencerNbRanks 1 : true
2025-03-04 09:10:46,131 [INFO] ADCParametersView:116 -                Rank 1 : false
2025-03-04 09:10:46,131 [INFO] ADCParametersView:116 -                SequencerNbRanks 1 : true
2025-03-04 09:10:46,131 [INFO] ADCParametersView:116 -                Rank 1 : false
2025-03-04 09:10:46,131 [INFO] ADCParametersView:116 -                SequencerNbRanks 1 : true
2025-03-04 09:10:46,131 [INFO] ADCParametersView:116 -                Rank 1 : false
2025-03-04 09:10:46,131 [INFO] ADCParametersView:116 -                SequencerNbRanks 1 : true
2025-03-04 09:10:46,131 [INFO] ADCParametersView:116 -                Rank 1 : false
2025-03-04 09:10:46,131 [INFO] ADCParametersView:116 -                SequencerNbRanks 1 : true
2025-03-04 09:10:46,131 [INFO] ADCParametersView:116 -                Rank 1 : false
2025-03-04 09:10:46,131 [INFO] ADCParametersView:116 -                SequencerNbRanks 1 : true
2025-03-04 09:10:46,131 [INFO] ADCParametersView:116 -                Rank 1 : false
2025-03-04 09:10:46,131 [INFO] ADCParametersView:116 -                SequencerNbRanks 1 : true
2025-03-04 09:10:46,131 [INFO] ADCParametersView:116 -                Rank 1 : false
2025-03-04 09:10:46,131 [INFO] ADCParametersView:116 -                SequencerNbRanks 1 : true
2025-03-04 09:10:46,131 [INFO] ADCParametersView:116 -                Rank 1 : false
2025-03-04 09:10:46,131 [INFO] ADCParametersView:116 -                SequencerNbRanks 1 : true
2025-03-04 09:10:46,131 [INFO] ADCParametersView:116 -                Rank 1 : false
2025-03-04 09:10:46,131 [INFO] ADCParametersView:116 -                SequencerNbRanks 1 : true
2025-03-04 09:10:46,131 [INFO] ADCParametersView:116 -                Rank 1 : false
2025-03-04 09:10:46,131 [INFO] ADCParametersView:116 -                SequencerNbRanks 1 : true
2025-03-04 09:10:46,131 [INFO] ADCParametersView:116 -                Rank 1 : false
2025-03-04 09:10:46,131 [INFO] ADCParametersView:116 -                SequencerNbRanks 1 : true
2025-03-04 09:10:46,131 [INFO] ADCParametersView:116 -                Rank 1 : false
2025-03-04 09:10:46,131 [INFO] ADCParametersView:116 -                Rank 1 : false
2025-03-04 09:10:46,131 [INFO] ADCParametersView:116 -                Rank 1 : false
2025-03-04 09:10:46,131 [INFO] ADCParametersView:116 -                Rank 1 : false
2025-03-04 09:10:46,131 [INFO] ADCParametersView:116 -                Rank 1 : false
2025-03-04 09:10:46,131 [INFO] ADCParametersView:116 -                Rank 1 : false
2025-03-04 09:10:46,131 [INFO] ADCParametersView:116 -                Rank 1 : false
2025-03-04 09:10:46,209 [INFO] ADCParametersView:116 -                SequencerNbRanks 1 : true
2025-03-04 09:10:46,209 [INFO] ADCParametersView:116 -                SequencerNbRanks 1 : true
2025-03-04 09:10:46,209 [INFO] ADCParametersView:116 -                SequencerNbRanks 1 : true
2025-03-04 09:10:46,209 [INFO] ADCParametersView:116 -                SequencerNbRanks 1 : true
2025-03-04 09:10:46,209 [INFO] ADCParametersView:116 -                SequencerNbRanks 1 : true
2025-03-04 09:10:46,225 [INFO] ADCParametersView:116 -                SequencerNbRanks 1 : true
2025-03-04 09:10:46,225 [INFO] ADCParametersView:116 -                SequencerNbRanks 1 : true
2025-03-04 09:10:46,225 [INFO] ADCParametersView:116 -                Rank 1 : false
2025-03-04 09:10:46,241 [INFO] NvicIntPanel:101 - NVIC parent = com.st.microxplorer.plugins.ip.nvic.MultiNvicIntPanel[,0,0,0x0,invalid,layout=javax.swing.BoxLayout,alignmentX=0.0,alignmentY=0.0,border=,flags=9,maximumSize=,minimumSize=,preferredSize=]
2025-03-04 09:10:50,836 [INFO] ADCParametersView:116 -                SequencerNbRanks 1 : true
2025-03-04 09:10:50,836 [INFO] ADCParametersView:116 -                Rank 1 : false
2025-03-04 09:10:50,836 [INFO] ADCParametersView:116 -                SequencerNbRanks 1 : true
2025-03-04 09:10:50,836 [INFO] ADCParametersView:116 -                Rank 1 : false
2025-03-04 09:10:50,836 [INFO] ADCParametersView:116 -                SequencerNbRanks 1 : true
2025-03-04 09:10:50,836 [INFO] ADCParametersView:116 -                Rank 1 : false
2025-03-04 09:10:50,836 [INFO] ADCParametersView:116 -                SequencerNbRanks 1 : true
2025-03-04 09:10:50,836 [INFO] ADCParametersView:116 -                Rank 1 : false
2025-03-04 09:10:50,836 [INFO] ADCParametersView:116 -                SequencerNbRanks 1 : true
2025-03-04 09:10:50,836 [INFO] ADCParametersView:116 -                Rank 1 : false
2025-03-04 09:10:50,836 [INFO] ADCParametersView:116 -                SequencerNbRanks 1 : true
2025-03-04 09:10:50,836 [INFO] ADCParametersView:116 -                Rank 1 : false
2025-03-04 09:10:50,836 [INFO] ADCParametersView:116 -                SequencerNbRanks 1 : true
2025-03-04 09:10:50,836 [INFO] ADCParametersView:116 -                Rank 1 : false
2025-03-04 09:10:50,836 [INFO] ADCParametersView:116 -                SequencerNbRanks 1 : true
2025-03-04 09:10:50,836 [INFO] ADCParametersView:116 -                Rank 1 : false
2025-03-04 09:10:50,836 [INFO] ADCParametersView:116 -                SequencerNbRanks 1 : true
2025-03-04 09:10:50,836 [INFO] ADCParametersView:116 -                Rank 1 : false
2025-03-04 09:10:50,836 [INFO] ADCParametersView:116 -                SequencerNbRanks 1 : true
2025-03-04 09:10:50,836 [INFO] ADCParametersView:116 -                Rank 1 : false
2025-03-04 09:10:50,836 [INFO] ADCParametersView:116 -                SequencerNbRanks 1 : true
2025-03-04 09:10:50,836 [INFO] ADCParametersView:116 -                Rank 1 : false
2025-03-04 09:10:50,836 [INFO] ADCParametersView:116 -                SequencerNbRanks 1 : true
2025-03-04 09:10:50,836 [INFO] ADCParametersView:116 -                Rank 1 : false
2025-03-04 09:10:50,836 [INFO] ADCParametersView:116 -                SequencerNbRanks 1 : true
2025-03-04 09:10:50,836 [INFO] ADCParametersView:116 -                Rank 1 : false
2025-03-04 09:10:50,836 [INFO] ADCParametersView:116 -                SequencerNbRanks 1 : true
2025-03-04 09:10:50,836 [INFO] ADCParametersView:116 -                Rank 1 : false
2025-03-04 09:10:50,836 [INFO] ADCParametersView:116 -                SequencerNbRanks 1 : true
2025-03-04 09:10:50,836 [INFO] ADCParametersView:116 -                Rank 1 : false
2025-03-04 09:10:50,836 [INFO] ADCParametersView:116 -                Rank 1 : false
2025-03-04 09:10:50,836 [INFO] ADCParametersView:116 -                Rank 1 : false
2025-03-04 09:10:50,836 [INFO] ADCParametersView:116 -                Rank 1 : false
2025-03-04 09:10:50,836 [INFO] ADCParametersView:116 -                Rank 1 : false
2025-03-04 09:10:50,836 [INFO] ADCParametersView:116 -                Rank 1 : false
2025-03-04 09:10:50,836 [INFO] ADCParametersView:116 -                Rank 1 : false
2025-03-04 09:10:50,929 [INFO] ADCParametersView:116 -                SequencerNbRanks 1 : true
2025-03-04 09:10:50,929 [INFO] ADCParametersView:116 -                SequencerNbRanks 1 : true
2025-03-04 09:10:50,945 [INFO] ADCParametersView:116 -                SequencerNbRanks 1 : true
2025-03-04 09:10:50,945 [INFO] ADCParametersView:116 -                SequencerNbRanks 1 : true
2025-03-04 09:10:50,945 [INFO] ADCParametersView:116 -                SequencerNbRanks 1 : true
2025-03-04 09:10:50,945 [INFO] ADCParametersView:116 -                SequencerNbRanks 1 : true
2025-03-04 09:10:50,945 [INFO] ADCParametersView:116 -                SequencerNbRanks 1 : true
2025-03-04 09:10:50,945 [INFO] ADCParametersView:116 -                Rank 1 : false
2025-03-04 09:10:51,070 [INFO] ADCParametersView:116 -                SequencerNbRanks 1 : true
2025-03-04 09:10:51,070 [INFO] ADCParametersView:116 -                Rank 1 : false
2025-03-04 09:10:51,070 [INFO] ADCParametersView:116 -                SequencerNbRanks 1 : true
2025-03-04 09:10:51,070 [INFO] ADCParametersView:116 -                Rank 1 : false
2025-03-04 09:10:51,070 [INFO] ADCParametersView:116 -                SequencerNbRanks 1 : true
2025-03-04 09:10:51,070 [INFO] ADCParametersView:116 -                Rank 1 : false
2025-03-04 09:10:51,070 [INFO] ADCParametersView:116 -                SequencerNbRanks 1 : true
2025-03-04 09:10:51,070 [INFO] ADCParametersView:116 -                Rank 1 : false
2025-03-04 09:10:51,070 [INFO] ADCParametersView:116 -                SequencerNbRanks 1 : true
2025-03-04 09:10:51,070 [INFO] ADCParametersView:116 -                Rank 1 : false
2025-03-04 09:10:51,070 [INFO] ADCParametersView:116 -                SequencerNbRanks 1 : true
2025-03-04 09:10:51,070 [INFO] ADCParametersView:116 -                Rank 1 : false
2025-03-04 09:10:51,070 [INFO] ADCParametersView:116 -                SequencerNbRanks 1 : true
2025-03-04 09:10:51,070 [INFO] ADCParametersView:116 -                Rank 1 : false
2025-03-04 09:10:51,070 [INFO] ADCParametersView:116 -                SequencerNbRanks 1 : true
2025-03-04 09:10:51,070 [INFO] ADCParametersView:116 -                Rank 1 : false
2025-03-04 09:10:51,070 [INFO] ADCParametersView:116 -                SequencerNbRanks 1 : true
2025-03-04 09:10:51,070 [INFO] ADCParametersView:116 -                Rank 1 : false
2025-03-04 09:10:51,070 [INFO] ADCParametersView:116 -                SequencerNbRanks 1 : true
2025-03-04 09:10:51,070 [INFO] ADCParametersView:116 -                Rank 1 : false
2025-03-04 09:10:51,070 [INFO] ADCParametersView:116 -                SequencerNbRanks 1 : true
2025-03-04 09:10:51,070 [INFO] ADCParametersView:116 -                Rank 1 : false
2025-03-04 09:10:51,070 [INFO] ADCParametersView:116 -                SequencerNbRanks 1 : true
2025-03-04 09:10:51,070 [INFO] ADCParametersView:116 -                Rank 1 : false
2025-03-04 09:10:51,070 [INFO] ADCParametersView:116 -                SequencerNbRanks 1 : true
2025-03-04 09:10:51,070 [INFO] ADCParametersView:116 -                Rank 1 : false
2025-03-04 09:10:51,070 [INFO] ADCParametersView:116 -                SequencerNbRanks 1 : true
2025-03-04 09:10:51,070 [INFO] ADCParametersView:116 -                Rank 1 : false
2025-03-04 09:10:51,070 [INFO] ADCParametersView:116 -                SequencerNbRanks 1 : true
2025-03-04 09:10:51,070 [INFO] ADCParametersView:116 -                Rank 1 : false
2025-03-04 09:10:51,070 [INFO] ADCParametersView:116 -                Rank 1 : false
2025-03-04 09:10:51,070 [INFO] ADCParametersView:116 -                Rank 1 : false
2025-03-04 09:10:51,070 [INFO] ADCParametersView:116 -                Rank 1 : false
2025-03-04 09:10:51,085 [INFO] ADCParametersView:116 -                Rank 1 : false
2025-03-04 09:10:51,085 [INFO] ADCParametersView:116 -                Rank 1 : false
2025-03-04 09:10:51,085 [INFO] ADCParametersView:116 -                Rank 1 : false
2025-03-04 09:10:51,179 [INFO] ADCParametersView:116 -                SequencerNbRanks 1 : true
2025-03-04 09:10:51,179 [INFO] ADCParametersView:116 -                SequencerNbRanks 1 : true
2025-03-04 09:10:51,179 [INFO] ADCParametersView:116 -                SequencerNbRanks 1 : true
2025-03-04 09:10:51,179 [INFO] ADCParametersView:116 -                SequencerNbRanks 1 : true
2025-03-04 09:10:51,179 [INFO] ADCParametersView:116 -                SequencerNbRanks 1 : true
2025-03-04 09:10:51,179 [INFO] ADCParametersView:116 -                SequencerNbRanks 1 : true
2025-03-04 09:10:51,195 [INFO] ADCParametersView:116 -                SequencerNbRanks 1 : true
2025-03-04 09:10:51,195 [INFO] ADCParametersView:116 -                Rank 1 : false
2025-03-04 09:10:51,210 [INFO] NvicIntPanel:101 - NVIC parent = com.st.microxplorer.plugins.ip.nvic.MultiNvicIntPanel[,0,0,0x0,invalid,layout=javax.swing.BoxLayout,alignmentX=0.0,alignmentY=0.0,border=,flags=9,maximumSize=,minimumSize=,preferredSize=]
2025-03-04 09:10:51,492 [INFO] ADCParametersView:116 -                SequencerNbRanks 1 : true
2025-03-04 09:10:51,492 [INFO] ADCParametersView:116 -                Rank 1 : false
2025-03-04 09:10:51,492 [INFO] ADCParametersView:116 -                SequencerNbRanks 1 : true
2025-03-04 09:10:51,492 [INFO] ADCParametersView:116 -                Rank 1 : false
2025-03-04 09:10:51,492 [INFO] ADCParametersView:116 -                SequencerNbRanks 1 : true
2025-03-04 09:10:51,492 [INFO] ADCParametersView:116 -                Rank 1 : false
2025-03-04 09:10:51,492 [INFO] ADCParametersView:116 -                SequencerNbRanks 1 : true
2025-03-04 09:10:51,492 [INFO] ADCParametersView:116 -                Rank 1 : false
2025-03-04 09:10:51,492 [INFO] ADCParametersView:116 -                SequencerNbRanks 1 : true
2025-03-04 09:10:51,492 [INFO] ADCParametersView:116 -                Rank 1 : false
2025-03-04 09:10:51,492 [INFO] ADCParametersView:116 -                SequencerNbRanks 1 : true
2025-03-04 09:10:51,492 [INFO] ADCParametersView:116 -                Rank 1 : false
2025-03-04 09:10:51,492 [INFO] ADCParametersView:116 -                SequencerNbRanks 1 : true
2025-03-04 09:10:51,492 [INFO] ADCParametersView:116 -                Rank 1 : false
2025-03-04 09:10:51,492 [INFO] ADCParametersView:116 -                SequencerNbRanks 1 : true
2025-03-04 09:10:51,492 [INFO] ADCParametersView:116 -                Rank 1 : false
2025-03-04 09:10:51,492 [INFO] ADCParametersView:116 -                SequencerNbRanks 1 : true
2025-03-04 09:10:51,492 [INFO] ADCParametersView:116 -                Rank 1 : false
2025-03-04 09:10:51,492 [INFO] ADCParametersView:116 -                SequencerNbRanks 1 : true
2025-03-04 09:10:51,492 [INFO] ADCParametersView:116 -                Rank 1 : false
2025-03-04 09:10:51,492 [INFO] ADCParametersView:116 -                SequencerNbRanks 1 : true
2025-03-04 09:10:51,492 [INFO] ADCParametersView:116 -                Rank 1 : false
2025-03-04 09:10:51,492 [INFO] ADCParametersView:116 -                SequencerNbRanks 1 : true
2025-03-04 09:10:51,492 [INFO] ADCParametersView:116 -                Rank 1 : false
2025-03-04 09:10:51,492 [INFO] ADCParametersView:116 -                SequencerNbRanks 1 : true
2025-03-04 09:10:51,492 [INFO] ADCParametersView:116 -                Rank 1 : false
2025-03-04 09:10:51,492 [INFO] ADCParametersView:116 -                SequencerNbRanks 1 : true
2025-03-04 09:10:51,492 [INFO] ADCParametersView:116 -                Rank 1 : false
2025-03-04 09:10:51,492 [INFO] ADCParametersView:116 -                SequencerNbRanks 1 : true
2025-03-04 09:10:51,492 [INFO] ADCParametersView:116 -                Rank 1 : false
2025-03-04 09:10:51,492 [INFO] ADCParametersView:116 -                Rank 1 : false
2025-03-04 09:10:51,492 [INFO] ADCParametersView:116 -                Rank 1 : false
2025-03-04 09:10:51,492 [INFO] ADCParametersView:116 -                Rank 1 : false
2025-03-04 09:10:51,492 [INFO] ADCParametersView:116 -                Rank 1 : false
2025-03-04 09:10:51,492 [INFO] ADCParametersView:116 -                Rank 1 : false
2025-03-04 09:10:51,492 [INFO] ADCParametersView:116 -                Rank 1 : false
2025-03-04 09:10:51,601 [INFO] ADCParametersView:116 -                SequencerNbRanks 1 : true
2025-03-04 09:10:51,601 [INFO] ADCParametersView:116 -                SequencerNbRanks 1 : true
2025-03-04 09:10:51,601 [INFO] ADCParametersView:116 -                SequencerNbRanks 1 : true
2025-03-04 09:10:51,601 [INFO] ADCParametersView:116 -                SequencerNbRanks 1 : true
2025-03-04 09:10:51,601 [INFO] ADCParametersView:116 -                SequencerNbRanks 1 : true
2025-03-04 09:10:51,601 [INFO] ADCParametersView:116 -                SequencerNbRanks 1 : true
2025-03-04 09:10:51,617 [INFO] ADCParametersView:116 -                SequencerNbRanks 1 : true
2025-03-04 09:10:51,617 [INFO] ADCParametersView:116 -                Rank 1 : false
2025-03-04 09:10:51,742 [INFO] ADCParametersView:116 -                SequencerNbRanks 1 : true
2025-03-04 09:10:51,742 [INFO] ADCParametersView:116 -                Rank 1 : false
2025-03-04 09:10:51,742 [INFO] ADCParametersView:116 -                SequencerNbRanks 1 : true
2025-03-04 09:10:51,742 [INFO] ADCParametersView:116 -                Rank 1 : false
2025-03-04 09:10:51,742 [INFO] ADCParametersView:116 -                SequencerNbRanks 1 : true
2025-03-04 09:10:51,742 [INFO] ADCParametersView:116 -                Rank 1 : false
2025-03-04 09:10:51,742 [INFO] ADCParametersView:116 -                SequencerNbRanks 1 : true
2025-03-04 09:10:51,742 [INFO] ADCParametersView:116 -                Rank 1 : false
2025-03-04 09:10:51,742 [INFO] ADCParametersView:116 -                SequencerNbRanks 1 : true
2025-03-04 09:10:51,742 [INFO] ADCParametersView:116 -                Rank 1 : false
2025-03-04 09:10:51,742 [INFO] ADCParametersView:116 -                SequencerNbRanks 1 : true
2025-03-04 09:10:51,742 [INFO] ADCParametersView:116 -                Rank 1 : false
2025-03-04 09:10:51,742 [INFO] ADCParametersView:116 -                SequencerNbRanks 1 : true
2025-03-04 09:10:51,742 [INFO] ADCParametersView:116 -                Rank 1 : false
2025-03-04 09:10:51,742 [INFO] ADCParametersView:116 -                SequencerNbRanks 1 : true
2025-03-04 09:10:51,742 [INFO] ADCParametersView:116 -                Rank 1 : false
2025-03-04 09:10:51,742 [INFO] ADCParametersView:116 -                SequencerNbRanks 1 : true
2025-03-04 09:10:51,742 [INFO] ADCParametersView:116 -                Rank 1 : false
2025-03-04 09:10:51,742 [INFO] ADCParametersView:116 -                SequencerNbRanks 1 : true
2025-03-04 09:10:51,742 [INFO] ADCParametersView:116 -                Rank 1 : false
2025-03-04 09:10:51,742 [INFO] ADCParametersView:116 -                SequencerNbRanks 1 : true
2025-03-04 09:10:51,742 [INFO] ADCParametersView:116 -                Rank 1 : false
2025-03-04 09:10:51,742 [INFO] ADCParametersView:116 -                SequencerNbRanks 1 : true
2025-03-04 09:10:51,742 [INFO] ADCParametersView:116 -                Rank 1 : false
2025-03-04 09:10:51,742 [INFO] ADCParametersView:116 -                SequencerNbRanks 1 : true
2025-03-04 09:10:51,742 [INFO] ADCParametersView:116 -                Rank 1 : false
2025-03-04 09:10:51,742 [INFO] ADCParametersView:116 -                SequencerNbRanks 1 : true
2025-03-04 09:10:51,742 [INFO] ADCParametersView:116 -                Rank 1 : false
2025-03-04 09:10:51,742 [INFO] ADCParametersView:116 -                SequencerNbRanks 1 : true
2025-03-04 09:10:51,742 [INFO] ADCParametersView:116 -                Rank 1 : false
2025-03-04 09:10:51,757 [INFO] ADCParametersView:116 -                Rank 1 : false
2025-03-04 09:10:51,757 [INFO] ADCParametersView:116 -                Rank 1 : false
2025-03-04 09:10:51,757 [INFO] ADCParametersView:116 -                Rank 1 : false
2025-03-04 09:10:51,757 [INFO] ADCParametersView:116 -                Rank 1 : false
2025-03-04 09:10:51,757 [INFO] ADCParametersView:116 -                Rank 1 : false
2025-03-04 09:10:51,757 [INFO] ADCParametersView:116 -                Rank 1 : false
2025-03-04 09:10:51,851 [INFO] ADCParametersView:116 -                SequencerNbRanks 1 : true
2025-03-04 09:10:51,851 [INFO] ADCParametersView:116 -                SequencerNbRanks 1 : true
2025-03-04 09:10:51,851 [INFO] ADCParametersView:116 -                SequencerNbRanks 1 : true
2025-03-04 09:10:51,851 [INFO] ADCParametersView:116 -                SequencerNbRanks 1 : true
2025-03-04 09:10:51,867 [INFO] ADCParametersView:116 -                SequencerNbRanks 1 : true
2025-03-04 09:10:51,867 [INFO] ADCParametersView:116 -                SequencerNbRanks 1 : true
2025-03-04 09:10:51,867 [INFO] ADCParametersView:116 -                SequencerNbRanks 1 : true
2025-03-04 09:10:51,867 [INFO] ADCParametersView:116 -                Rank 1 : false
2025-03-04 09:10:51,867 [INFO] NvicIntPanel:101 - NVIC parent = com.st.microxplorer.plugins.ip.nvic.MultiNvicIntPanel[,0,0,0x0,invalid,layout=javax.swing.BoxLayout,alignmentX=0.0,alignmentY=0.0,border=,flags=9,maximumSize=,minimumSize=,preferredSize=]
2025-03-04 09:11:36,134 [INFO] ParamManager:886 - [Generic UI] PropertyChangeEvent: TAB_STATUS_CHANGED , "dont care", "never mind"
2025-03-04 09:11:36,165 [INFO] ParamManager:886 - [Generic UI] PropertyChangeEvent: TAB_STATUS_CHANGED , "dont care", "never mind"
2025-03-04 09:11:36,165 [INFO] ADCParametersView:116 -                SequencerNbRanks 1 : true
2025-03-04 09:11:36,165 [INFO] ADCParametersView:116 -                SequencerNbRanks 1 : true
2025-03-04 09:11:36,165 [INFO] ADCParametersView:116 -                SequencerNbRanks 1 : true
2025-03-04 09:11:36,165 [INFO] ADCParametersView:116 -                SequencerNbRanks 1 : true
2025-03-04 09:11:36,165 [INFO] ADCParametersView:116 -                SequencerNbRanks 1 : true
2025-03-04 09:11:36,165 [INFO] ADCParametersView:116 -                SequencerNbRanks 1 : true
2025-03-04 09:11:36,165 [INFO] ADCParametersView:116 -                SequencerNbRanks 1 : true
2025-03-04 09:11:36,165 [INFO] ADCParametersView:116 -                Rank 1 : false
2025-03-04 09:11:36,228 [INFO] ADCParametersView:116 -                SequencerNbRanks 1 : true
2025-03-04 09:11:36,228 [INFO] ADCParametersView:116 -                Rank 1 : false
2025-03-04 09:11:36,228 [INFO] ADCParametersView:116 -                SequencerNbRanks 1 : true
2025-03-04 09:11:36,228 [INFO] ADCParametersView:116 -                Rank 1 : false
2025-03-04 09:11:36,243 [INFO] ADCParametersView:116 -                SequencerNbRanks 1 : true
2025-03-04 09:11:36,243 [INFO] ADCParametersView:116 -                Rank 1 : false
2025-03-04 09:11:36,243 [INFO] ADCParametersView:116 -                SequencerNbRanks 1 : true
2025-03-04 09:11:36,243 [INFO] ADCParametersView:116 -                Rank 1 : false
2025-03-04 09:11:36,243 [INFO] ADCParametersView:116 -                SequencerNbRanks 1 : true
2025-03-04 09:11:36,243 [INFO] ADCParametersView:116 -                Rank 1 : false
2025-03-04 09:11:36,243 [INFO] ADCParametersView:116 -                SequencerNbRanks 1 : true
2025-03-04 09:11:36,243 [INFO] ADCParametersView:116 -                Rank 1 : false
2025-03-04 09:11:36,243 [INFO] ADCParametersView:116 -                SequencerNbRanks 1 : true
2025-03-04 09:11:36,243 [INFO] ADCParametersView:116 -                Rank 1 : false
2025-03-04 09:11:36,243 [INFO] ADCParametersView:116 -                SequencerNbRanks 1 : true
2025-03-04 09:11:36,243 [INFO] ADCParametersView:116 -                Rank 1 : false
2025-03-04 09:11:36,243 [INFO] ADCParametersView:116 -                SequencerNbRanks 1 : true
2025-03-04 09:11:36,243 [INFO] ADCParametersView:116 -                Rank 1 : false
2025-03-04 09:11:36,243 [INFO] ADCParametersView:116 -                SequencerNbRanks 1 : true
2025-03-04 09:11:36,243 [INFO] ADCParametersView:116 -                Rank 1 : false
2025-03-04 09:11:36,243 [INFO] ADCParametersView:116 -                SequencerNbRanks 1 : true
2025-03-04 09:11:36,243 [INFO] ADCParametersView:116 -                Rank 1 : false
2025-03-04 09:11:36,243 [INFO] ADCParametersView:116 -                SequencerNbRanks 1 : true
2025-03-04 09:11:36,243 [INFO] ADCParametersView:116 -                Rank 1 : false
2025-03-04 09:11:36,243 [INFO] ADCParametersView:116 -                SequencerNbRanks 1 : true
2025-03-04 09:11:36,243 [INFO] ADCParametersView:116 -                Rank 1 : false
2025-03-04 09:11:36,243 [INFO] ADCParametersView:116 -                SequencerNbRanks 1 : true
2025-03-04 09:11:36,243 [INFO] ADCParametersView:116 -                Rank 1 : false
2025-03-04 09:11:36,243 [INFO] ADCParametersView:116 -                SequencerNbRanks 1 : true
2025-03-04 09:11:36,243 [INFO] ADCParametersView:116 -                Rank 1 : false
2025-03-04 09:11:36,243 [INFO] ADCParametersView:116 -                Rank 1 : false
2025-03-04 09:11:36,243 [INFO] ADCParametersView:116 -                Rank 1 : false
2025-03-04 09:11:36,243 [INFO] ADCParametersView:116 -                Rank 1 : false
2025-03-04 09:11:36,243 [INFO] ADCParametersView:116 -                Rank 1 : false
2025-03-04 09:11:36,243 [INFO] ADCParametersView:116 -                Rank 1 : false
2025-03-04 09:11:36,243 [INFO] ADCParametersView:116 -                Rank 1 : false
2025-03-04 09:11:36,259 [INFO] ADCParametersView:116 -                SequencerNbRanks 1 : true
2025-03-04 09:11:36,259 [INFO] ADCParametersView:116 -                SequencerNbRanks 1 : true
2025-03-04 09:11:36,259 [INFO] ADCParametersView:116 -                SequencerNbRanks 1 : true
2025-03-04 09:11:36,259 [INFO] ADCParametersView:116 -                SequencerNbRanks 1 : true
2025-03-04 09:11:36,259 [INFO] ADCParametersView:116 -                SequencerNbRanks 1 : true
2025-03-04 09:11:36,259 [INFO] ADCParametersView:116 -                SequencerNbRanks 1 : true
2025-03-04 09:11:36,274 [INFO] ADCParametersView:116 -                SequencerNbRanks 1 : true
2025-03-04 09:11:36,274 [INFO] ADCParametersView:116 -                Rank 1 : false
2025-03-04 09:11:36,353 [INFO] NvicIntPanel:101 - NVIC parent = com.st.microxplorer.plugins.ip.nvic.MultiNvicIntPanel[,0,0,0x0,invalid,layout=javax.swing.BoxLayout,alignmentX=0.0,alignmentY=0.0,border=,flags=9,maximumSize=,minimumSize=,preferredSize=]
2025-03-04 09:11:36,557 [INFO] NvicIntPanel:101 - NVIC parent = com.st.microxplorer.plugins.ip.nvic.MultiNvicIntPanel[,0,0,0x0,invalid,layout=javax.swing.BoxLayout,alignmentX=0.0,alignmentY=0.0,border=,flags=9,maximumSize=,minimumSize=,preferredSize=]
2025-03-04 09:11:36,884 [INFO] NvicIntPanel:101 - NVIC parent = com.st.microxplorer.plugins.ip.nvic.MultiNvicIntPanel[,0,0,0x0,invalid,layout=javax.swing.BoxLayout,alignmentX=0.0,alignmentY=0.0,border=,flags=9,maximumSize=,minimumSize=,preferredSize=]
2025-03-04 09:11:37,166 [INFO] NvicIntPanel:101 - NVIC parent = com.st.microxplorer.plugins.ip.nvic.MultiNvicIntPanel[,0,0,0x0,invalid,layout=javax.swing.BoxLayout,alignmentX=0.0,alignmentY=0.0,border=,flags=9,maximumSize=,minimumSize=,preferredSize=]
2025-03-04 09:11:37,431 [INFO] NvicIntPanel:101 - NVIC parent = com.st.microxplorer.plugins.ip.nvic.MultiNvicIntPanel[,0,0,0x0,invalid,layout=javax.swing.BoxLayout,alignmentX=0.0,alignmentY=0.0,border=,flags=9,maximumSize=,minimumSize=,preferredSize=]
2025-03-04 09:11:37,650 [INFO] NvicIntPanel:101 - NVIC parent = com.st.microxplorer.plugins.ip.nvic.MultiNvicIntPanel[,0,0,0x0,invalid,layout=javax.swing.BoxLayout,alignmentX=0.0,alignmentY=0.0,border=,flags=9,maximumSize=,minimumSize=,preferredSize=]
2025-03-04 09:11:37,775 [INFO] ADCParametersView:116 -                SequencerNbRanks 1 : true
2025-03-04 09:11:37,775 [INFO] ADCParametersView:116 -                Rank 1 : false
2025-03-04 09:11:37,775 [INFO] ADCParametersView:116 -                SequencerNbRanks 1 : true
2025-03-04 09:11:37,775 [INFO] ADCParametersView:116 -                Rank 1 : false
2025-03-04 09:11:37,775 [INFO] ADCParametersView:116 -                SequencerNbRanks 1 : true
2025-03-04 09:11:37,775 [INFO] ADCParametersView:116 -                Rank 1 : false
2025-03-04 09:11:37,775 [INFO] ADCParametersView:116 -                SequencerNbRanks 1 : true
2025-03-04 09:11:37,775 [INFO] ADCParametersView:116 -                Rank 1 : false
2025-03-04 09:11:37,775 [INFO] ADCParametersView:116 -                SequencerNbRanks 1 : true
2025-03-04 09:11:37,775 [INFO] ADCParametersView:116 -                Rank 1 : false
2025-03-04 09:11:37,775 [INFO] ADCParametersView:116 -                SequencerNbRanks 1 : true
2025-03-04 09:11:37,775 [INFO] ADCParametersView:116 -                Rank 1 : false
2025-03-04 09:11:37,775 [INFO] ADCParametersView:116 -                SequencerNbRanks 1 : true
2025-03-04 09:11:37,775 [INFO] ADCParametersView:116 -                Rank 1 : false
2025-03-04 09:11:37,775 [INFO] ADCParametersView:116 -                SequencerNbRanks 1 : true
2025-03-04 09:11:37,775 [INFO] ADCParametersView:116 -                Rank 1 : false
2025-03-04 09:11:37,775 [INFO] ADCParametersView:116 -                SequencerNbRanks 1 : true
2025-03-04 09:11:37,775 [INFO] ADCParametersView:116 -                Rank 1 : false
2025-03-04 09:11:37,775 [INFO] ADCParametersView:116 -                SequencerNbRanks 1 : true
2025-03-04 09:11:37,775 [INFO] ADCParametersView:116 -                Rank 1 : false
2025-03-04 09:11:37,775 [INFO] ADCParametersView:116 -                SequencerNbRanks 1 : true
2025-03-04 09:11:37,775 [INFO] ADCParametersView:116 -                Rank 1 : false
2025-03-04 09:11:37,775 [INFO] ADCParametersView:116 -                SequencerNbRanks 1 : true
2025-03-04 09:11:37,775 [INFO] ADCParametersView:116 -                Rank 1 : false
2025-03-04 09:11:37,775 [INFO] ADCParametersView:116 -                SequencerNbRanks 1 : true
2025-03-04 09:11:37,775 [INFO] ADCParametersView:116 -                Rank 1 : false
2025-03-04 09:11:37,775 [INFO] ADCParametersView:116 -                SequencerNbRanks 1 : true
2025-03-04 09:11:37,775 [INFO] ADCParametersView:116 -                Rank 1 : false
2025-03-04 09:11:37,775 [INFO] ADCParametersView:116 -                SequencerNbRanks 1 : true
2025-03-04 09:11:37,775 [INFO] ADCParametersView:116 -                Rank 1 : false
2025-03-04 09:11:37,775 [INFO] ADCParametersView:116 -                Rank 1 : false
2025-03-04 09:11:37,775 [INFO] ADCParametersView:116 -                Rank 1 : false
2025-03-04 09:11:37,775 [INFO] ADCParametersView:116 -                Rank 1 : false
2025-03-04 09:11:37,775 [INFO] ADCParametersView:116 -                Rank 1 : false
2025-03-04 09:11:37,775 [INFO] ADCParametersView:116 -                Rank 1 : false
2025-03-04 09:11:37,775 [INFO] ADCParametersView:116 -                Rank 1 : false
2025-03-04 09:11:37,853 [INFO] ADCParametersView:116 -                SequencerNbRanks 1 : true
2025-03-04 09:11:37,853 [INFO] ADCParametersView:116 -                SequencerNbRanks 1 : true
2025-03-04 09:11:37,853 [INFO] ADCParametersView:116 -                SequencerNbRanks 1 : true
2025-03-04 09:11:37,853 [INFO] ADCParametersView:116 -                SequencerNbRanks 1 : true
2025-03-04 09:11:37,853 [INFO] ADCParametersView:116 -                SequencerNbRanks 1 : true
2025-03-04 09:11:37,853 [INFO] ADCParametersView:116 -                SequencerNbRanks 1 : true
2025-03-04 09:11:37,853 [INFO] ADCParametersView:116 -                SequencerNbRanks 1 : true
2025-03-04 09:11:37,853 [INFO] ADCParametersView:116 -                Rank 1 : false
2025-03-04 09:11:37,962 [INFO] ADCParametersView:116 -                SequencerNbRanks 1 : true
2025-03-04 09:11:37,962 [INFO] ADCParametersView:116 -                Rank 1 : false
2025-03-04 09:11:37,962 [INFO] ADCParametersView:116 -                SequencerNbRanks 1 : true
2025-03-04 09:11:37,962 [INFO] ADCParametersView:116 -                Rank 1 : false
2025-03-04 09:11:37,962 [INFO] ADCParametersView:116 -                SequencerNbRanks 1 : true
2025-03-04 09:11:37,962 [INFO] ADCParametersView:116 -                Rank 1 : false
2025-03-04 09:11:37,962 [INFO] ADCParametersView:116 -                SequencerNbRanks 1 : true
2025-03-04 09:11:37,962 [INFO] ADCParametersView:116 -                Rank 1 : false
2025-03-04 09:11:37,962 [INFO] ADCParametersView:116 -                SequencerNbRanks 1 : true
2025-03-04 09:11:37,962 [INFO] ADCParametersView:116 -                Rank 1 : false
2025-03-04 09:11:37,962 [INFO] ADCParametersView:116 -                SequencerNbRanks 1 : true
2025-03-04 09:11:37,962 [INFO] ADCParametersView:116 -                Rank 1 : false
2025-03-04 09:11:37,962 [INFO] ADCParametersView:116 -                SequencerNbRanks 1 : true
2025-03-04 09:11:37,962 [INFO] ADCParametersView:116 -                Rank 1 : false
2025-03-04 09:11:37,962 [INFO] ADCParametersView:116 -                SequencerNbRanks 1 : true
2025-03-04 09:11:37,962 [INFO] ADCParametersView:116 -                Rank 1 : false
2025-03-04 09:11:37,962 [INFO] ADCParametersView:116 -                SequencerNbRanks 1 : true
2025-03-04 09:11:37,978 [INFO] ADCParametersView:116 -                Rank 1 : false
2025-03-04 09:11:37,978 [INFO] ADCParametersView:116 -                SequencerNbRanks 1 : true
2025-03-04 09:11:37,978 [INFO] ADCParametersView:116 -                Rank 1 : false
2025-03-04 09:11:37,978 [INFO] ADCParametersView:116 -                SequencerNbRanks 1 : true
2025-03-04 09:11:37,978 [INFO] ADCParametersView:116 -                Rank 1 : false
2025-03-04 09:11:37,978 [INFO] ADCParametersView:116 -                SequencerNbRanks 1 : true
2025-03-04 09:11:37,978 [INFO] ADCParametersView:116 -                Rank 1 : false
2025-03-04 09:11:37,978 [INFO] ADCParametersView:116 -                SequencerNbRanks 1 : true
2025-03-04 09:11:37,978 [INFO] ADCParametersView:116 -                Rank 1 : false
2025-03-04 09:11:37,978 [INFO] ADCParametersView:116 -                SequencerNbRanks 1 : true
2025-03-04 09:11:37,978 [INFO] ADCParametersView:116 -                Rank 1 : false
2025-03-04 09:11:37,978 [INFO] ADCParametersView:116 -                SequencerNbRanks 1 : true
2025-03-04 09:11:37,978 [INFO] ADCParametersView:116 -                Rank 1 : false
2025-03-04 09:11:37,978 [INFO] ADCParametersView:116 -                Rank 1 : false
2025-03-04 09:11:37,978 [INFO] ADCParametersView:116 -                Rank 1 : false
2025-03-04 09:11:37,978 [INFO] ADCParametersView:116 -                Rank 1 : false
2025-03-04 09:11:37,978 [INFO] ADCParametersView:116 -                Rank 1 : false
2025-03-04 09:11:37,978 [INFO] ADCParametersView:116 -                Rank 1 : false
2025-03-04 09:11:37,978 [INFO] ADCParametersView:116 -                Rank 1 : false
2025-03-04 09:11:38,041 [INFO] ADCParametersView:116 -                SequencerNbRanks 1 : true
2025-03-04 09:11:38,041 [INFO] ADCParametersView:116 -                SequencerNbRanks 1 : true
2025-03-04 09:11:38,041 [INFO] ADCParametersView:116 -                SequencerNbRanks 1 : true
2025-03-04 09:11:38,041 [INFO] ADCParametersView:116 -                SequencerNbRanks 1 : true
2025-03-04 09:11:38,041 [INFO] ADCParametersView:116 -                SequencerNbRanks 1 : true
2025-03-04 09:11:38,041 [INFO] ADCParametersView:116 -                SequencerNbRanks 1 : true
2025-03-04 09:11:38,041 [INFO] ADCParametersView:116 -                SequencerNbRanks 1 : true
2025-03-04 09:11:38,041 [INFO] ADCParametersView:116 -                Rank 1 : false
2025-03-04 09:11:38,056 [INFO] NvicIntPanel:101 - NVIC parent = com.st.microxplorer.plugins.ip.nvic.MultiNvicIntPanel[,0,0,0x0,invalid,layout=javax.swing.BoxLayout,alignmentX=0.0,alignmentY=0.0,border=,flags=9,maximumSize=,minimumSize=,preferredSize=]
2025-03-04 09:12:07,372 [INFO] ParamManager:886 - [Generic UI] PropertyChangeEvent: TAB_STATUS_CHANGED , "dont care", "never mind"
2025-03-04 09:12:07,388 [INFO] ADCParametersView:116 -                SequencerNbRanks 1 : true
2025-03-04 09:12:07,388 [INFO] ADCParametersView:116 -                Rank 1 : false
2025-03-04 09:12:07,388 [INFO] ADCParametersView:116 -                SequencerNbRanks 1 : true
2025-03-04 09:12:07,388 [INFO] ADCParametersView:116 -                Rank 1 : false
2025-03-04 09:12:07,388 [INFO] ADCParametersView:116 -                SequencerNbRanks 1 : true
2025-03-04 09:12:07,388 [INFO] ADCParametersView:116 -                Rank 1 : false
2025-03-04 09:12:07,388 [INFO] ADCParametersView:116 -                SequencerNbRanks 1 : true
2025-03-04 09:12:07,388 [INFO] ADCParametersView:116 -                Rank 1 : false
2025-03-04 09:12:07,388 [INFO] ADCParametersView:116 -                SequencerNbRanks 1 : true
2025-03-04 09:12:07,388 [INFO] ADCParametersView:116 -                Rank 1 : false
2025-03-04 09:12:07,388 [INFO] ADCParametersView:116 -                SequencerNbRanks 1 : true
2025-03-04 09:12:07,388 [INFO] ADCParametersView:116 -                Rank 1 : false
2025-03-04 09:12:07,388 [INFO] ADCParametersView:116 -                SequencerNbRanks 1 : true
2025-03-04 09:12:07,388 [INFO] ADCParametersView:116 -                Rank 1 : false
2025-03-04 09:12:07,388 [INFO] ADCParametersView:116 -                SequencerNbRanks 1 : true
2025-03-04 09:12:07,388 [INFO] ADCParametersView:116 -                Rank 1 : false
2025-03-04 09:12:07,388 [INFO] ADCParametersView:116 -                SequencerNbRanks 1 : true
2025-03-04 09:12:07,388 [INFO] ADCParametersView:116 -                Rank 1 : false
2025-03-04 09:12:07,388 [INFO] ADCParametersView:116 -                SequencerNbRanks 1 : true
2025-03-04 09:12:07,388 [INFO] ADCParametersView:116 -                Rank 1 : false
2025-03-04 09:12:07,388 [INFO] ADCParametersView:116 -                SequencerNbRanks 1 : true
2025-03-04 09:12:07,388 [INFO] ADCParametersView:116 -                Rank 1 : false
2025-03-04 09:12:07,388 [INFO] ADCParametersView:116 -                SequencerNbRanks 1 : true
2025-03-04 09:12:07,388 [INFO] ADCParametersView:116 -                Rank 1 : false
2025-03-04 09:12:07,388 [INFO] ADCParametersView:116 -                SequencerNbRanks 1 : true
2025-03-04 09:12:07,388 [INFO] ADCParametersView:116 -                Rank 1 : false
2025-03-04 09:12:07,388 [INFO] ADCParametersView:116 -                SequencerNbRanks 1 : true
2025-03-04 09:12:07,388 [INFO] ADCParametersView:116 -                Rank 1 : false
2025-03-04 09:12:07,388 [INFO] ADCParametersView:116 -                SequencerNbRanks 1 : true
2025-03-04 09:12:07,388 [INFO] ADCParametersView:116 -                Rank 1 : false
2025-03-04 09:12:07,388 [INFO] ADCParametersView:116 -                Rank 1 : false
2025-03-04 09:12:07,388 [INFO] ADCParametersView:116 -                Rank 1 : false
2025-03-04 09:12:07,388 [INFO] ADCParametersView:116 -                Rank 1 : false
2025-03-04 09:12:07,388 [INFO] ADCParametersView:116 -                Rank 1 : false
2025-03-04 09:12:07,388 [INFO] ADCParametersView:116 -                Rank 1 : false
2025-03-04 09:12:07,388 [INFO] ADCParametersView:116 -                Rank 1 : false
2025-03-04 09:12:07,404 [INFO] ParamManager:886 - [Generic UI] PropertyChangeEvent: TAB_STATUS_CHANGED , "dont care", "never mind"
2025-03-04 09:12:07,419 [INFO] ADCParametersView:116 -                SequencerNbRanks 1 : true
2025-03-04 09:12:07,419 [INFO] ADCParametersView:116 -                SequencerNbRanks 1 : true
2025-03-04 09:12:07,419 [INFO] ADCParametersView:116 -                SequencerNbRanks 1 : true
2025-03-04 09:12:07,419 [INFO] ADCParametersView:116 -                SequencerNbRanks 1 : true
2025-03-04 09:12:07,419 [INFO] ADCParametersView:116 -                SequencerNbRanks 1 : true
2025-03-04 09:12:07,419 [INFO] ADCParametersView:116 -                SequencerNbRanks 1 : true
2025-03-04 09:12:07,419 [INFO] ADCParametersView:116 -                SequencerNbRanks 1 : true
2025-03-04 09:12:07,419 [INFO] ADCParametersView:116 -                Rank 1 : false
2025-03-04 09:12:07,466 [INFO] ADCParametersView:116 -                SequencerNbRanks 1 : true
2025-03-04 09:12:07,466 [INFO] ADCParametersView:116 -                Rank 1 : false
2025-03-04 09:12:07,466 [INFO] ADCParametersView:116 -                SequencerNbRanks 1 : true
2025-03-04 09:12:07,466 [INFO] ADCParametersView:116 -                Rank 1 : false
2025-03-04 09:12:07,466 [INFO] ADCParametersView:116 -                SequencerNbRanks 1 : true
2025-03-04 09:12:07,466 [INFO] ADCParametersView:116 -                Rank 1 : false
2025-03-04 09:12:07,466 [INFO] ADCParametersView:116 -                SequencerNbRanks 1 : true
2025-03-04 09:12:07,466 [INFO] ADCParametersView:116 -                Rank 1 : false
2025-03-04 09:12:07,466 [INFO] ADCParametersView:116 -                SequencerNbRanks 1 : true
2025-03-04 09:12:07,466 [INFO] ADCParametersView:116 -                Rank 1 : false
2025-03-04 09:12:07,466 [INFO] ADCParametersView:116 -                SequencerNbRanks 1 : true
2025-03-04 09:12:07,466 [INFO] ADCParametersView:116 -                Rank 1 : false
2025-03-04 09:12:07,466 [INFO] ADCParametersView:116 -                SequencerNbRanks 1 : true
2025-03-04 09:12:07,466 [INFO] ADCParametersView:116 -                Rank 1 : false
2025-03-04 09:12:07,466 [INFO] ADCParametersView:116 -                SequencerNbRanks 1 : true
2025-03-04 09:12:07,466 [INFO] ADCParametersView:116 -                Rank 1 : false
2025-03-04 09:12:07,466 [INFO] ADCParametersView:116 -                SequencerNbRanks 1 : true
2025-03-04 09:12:07,466 [INFO] ADCParametersView:116 -                Rank 1 : false
2025-03-04 09:12:07,466 [INFO] ADCParametersView:116 -                SequencerNbRanks 1 : true
2025-03-04 09:12:07,466 [INFO] ADCParametersView:116 -                Rank 1 : false
2025-03-04 09:12:07,466 [INFO] ADCParametersView:116 -                SequencerNbRanks 1 : true
2025-03-04 09:12:07,466 [INFO] ADCParametersView:116 -                Rank 1 : false
2025-03-04 09:12:07,466 [INFO] ADCParametersView:116 -                SequencerNbRanks 1 : true
2025-03-04 09:12:07,466 [INFO] ADCParametersView:116 -                Rank 1 : false
2025-03-04 09:12:07,466 [INFO] ADCParametersView:116 -                SequencerNbRanks 1 : true
2025-03-04 09:12:07,466 [INFO] ADCParametersView:116 -                Rank 1 : false
2025-03-04 09:12:07,466 [INFO] ADCParametersView:116 -                SequencerNbRanks 1 : true
2025-03-04 09:12:07,466 [INFO] ADCParametersView:116 -                Rank 1 : false
2025-03-04 09:12:07,466 [INFO] ADCParametersView:116 -                SequencerNbRanks 1 : true
2025-03-04 09:12:07,466 [INFO] ADCParametersView:116 -                Rank 1 : false
2025-03-04 09:12:07,482 [INFO] ADCParametersView:116 -                Rank 1 : false
2025-03-04 09:12:07,482 [INFO] ADCParametersView:116 -                Rank 1 : false
2025-03-04 09:12:07,482 [INFO] ADCParametersView:116 -                Rank 1 : false
2025-03-04 09:12:07,482 [INFO] ADCParametersView:116 -                Rank 1 : false
2025-03-04 09:12:07,482 [INFO] ADCParametersView:116 -                Rank 1 : false
2025-03-04 09:12:07,482 [INFO] ADCParametersView:116 -                Rank 1 : false
2025-03-04 09:12:07,497 [INFO] ADCParametersView:116 -                SequencerNbRanks 1 : true
2025-03-04 09:12:07,497 [INFO] ADCParametersView:116 -                SequencerNbRanks 1 : true
2025-03-04 09:12:07,497 [INFO] ADCParametersView:116 -                SequencerNbRanks 1 : true
2025-03-04 09:12:07,497 [INFO] ADCParametersView:116 -                SequencerNbRanks 1 : true
2025-03-04 09:12:07,497 [INFO] ADCParametersView:116 -                SequencerNbRanks 1 : true
2025-03-04 09:12:07,497 [INFO] ADCParametersView:116 -                SequencerNbRanks 1 : true
2025-03-04 09:12:07,497 [INFO] ADCParametersView:116 -                SequencerNbRanks 1 : true
2025-03-04 09:12:07,497 [INFO] ADCParametersView:116 -                Rank 1 : false
2025-03-04 09:12:07,591 [INFO] NvicIntPanel:101 - NVIC parent = com.st.microxplorer.plugins.ip.nvic.MultiNvicIntPanel[,0,0,0x0,invalid,layout=javax.swing.BoxLayout,alignmentX=0.0,alignmentY=0.0,border=,flags=9,maximumSize=,minimumSize=,preferredSize=]
2025-03-04 09:12:07,731 [INFO] NvicIntPanel:101 - NVIC parent = com.st.microxplorer.plugins.ip.nvic.MultiNvicIntPanel[,0,0,0x0,invalid,layout=javax.swing.BoxLayout,alignmentX=0.0,alignmentY=0.0,border=,flags=9,maximumSize=,minimumSize=,preferredSize=]
2025-03-04 09:12:07,935 [INFO] NvicIntPanel:101 - NVIC parent = com.st.microxplorer.plugins.ip.nvic.MultiNvicIntPanel[,0,0,0x0,invalid,layout=javax.swing.BoxLayout,alignmentX=0.0,alignmentY=0.0,border=,flags=9,maximumSize=,minimumSize=,preferredSize=]
2025-03-04 09:12:08,138 [INFO] NvicIntPanel:101 - NVIC parent = com.st.microxplorer.plugins.ip.nvic.MultiNvicIntPanel[,0,0,0x0,invalid,layout=javax.swing.BoxLayout,alignmentX=0.0,alignmentY=0.0,border=,flags=9,maximumSize=,minimumSize=,preferredSize=]
2025-03-04 09:12:08,341 [INFO] NvicIntPanel:101 - NVIC parent = com.st.microxplorer.plugins.ip.nvic.MultiNvicIntPanel[,0,0,0x0,invalid,layout=javax.swing.BoxLayout,alignmentX=0.0,alignmentY=0.0,border=,flags=9,maximumSize=,minimumSize=,preferredSize=]
2025-03-04 09:12:08,560 [INFO] NvicIntPanel:101 - NVIC parent = com.st.microxplorer.plugins.ip.nvic.MultiNvicIntPanel[,0,0,0x0,invalid,layout=javax.swing.BoxLayout,alignmentX=0.0,alignmentY=0.0,border=,flags=9,maximumSize=,minimumSize=,preferredSize=]
2025-03-04 09:12:08,669 [INFO] ADCParametersView:116 -                SequencerNbRanks 1 : true
2025-03-04 09:12:08,669 [INFO] ADCParametersView:116 -                Rank 1 : false
2025-03-04 09:12:08,669 [INFO] ADCParametersView:116 -                SequencerNbRanks 1 : true
2025-03-04 09:12:08,669 [INFO] ADCParametersView:116 -                Rank 1 : false
2025-03-04 09:12:08,669 [INFO] ADCParametersView:116 -                SequencerNbRanks 1 : true
2025-03-04 09:12:08,669 [INFO] ADCParametersView:116 -                Rank 1 : false
2025-03-04 09:12:08,669 [INFO] ADCParametersView:116 -                SequencerNbRanks 1 : true
2025-03-04 09:12:08,669 [INFO] ADCParametersView:116 -                Rank 1 : false
2025-03-04 09:12:08,669 [INFO] ADCParametersView:116 -                SequencerNbRanks 1 : true
2025-03-04 09:12:08,669 [INFO] ADCParametersView:116 -                Rank 1 : false
2025-03-04 09:12:08,669 [INFO] ADCParametersView:116 -                SequencerNbRanks 1 : true
2025-03-04 09:12:08,669 [INFO] ADCParametersView:116 -                Rank 1 : false
2025-03-04 09:12:08,669 [INFO] ADCParametersView:116 -                SequencerNbRanks 1 : true
2025-03-04 09:12:08,669 [INFO] ADCParametersView:116 -                Rank 1 : false
2025-03-04 09:12:08,669 [INFO] ADCParametersView:116 -                SequencerNbRanks 1 : true
2025-03-04 09:12:08,669 [INFO] ADCParametersView:116 -                Rank 1 : false
2025-03-04 09:12:08,669 [INFO] ADCParametersView:116 -                SequencerNbRanks 1 : true
2025-03-04 09:12:08,669 [INFO] ADCParametersView:116 -                Rank 1 : false
2025-03-04 09:12:08,669 [INFO] ADCParametersView:116 -                SequencerNbRanks 1 : true
2025-03-04 09:12:08,669 [INFO] ADCParametersView:116 -                Rank 1 : false
2025-03-04 09:12:08,669 [INFO] ADCParametersView:116 -                SequencerNbRanks 1 : true
2025-03-04 09:12:08,669 [INFO] ADCParametersView:116 -                Rank 1 : false
2025-03-04 09:12:08,669 [INFO] ADCParametersView:116 -                SequencerNbRanks 1 : true
2025-03-04 09:12:08,669 [INFO] ADCParametersView:116 -                Rank 1 : false
2025-03-04 09:12:08,669 [INFO] ADCParametersView:116 -                SequencerNbRanks 1 : true
2025-03-04 09:12:08,669 [INFO] ADCParametersView:116 -                Rank 1 : false
2025-03-04 09:12:08,669 [INFO] ADCParametersView:116 -                SequencerNbRanks 1 : true
2025-03-04 09:12:08,669 [INFO] ADCParametersView:116 -                Rank 1 : false
2025-03-04 09:12:08,685 [INFO] ADCParametersView:116 -                SequencerNbRanks 1 : true
2025-03-04 09:12:08,685 [INFO] ADCParametersView:116 -                Rank 1 : false
2025-03-04 09:12:08,685 [INFO] ADCParametersView:116 -                Rank 1 : false
2025-03-04 09:12:08,685 [INFO] ADCParametersView:116 -                Rank 1 : false
2025-03-04 09:12:08,685 [INFO] ADCParametersView:116 -                Rank 1 : false
2025-03-04 09:12:08,685 [INFO] ADCParametersView:116 -                Rank 1 : false
2025-03-04 09:12:08,685 [INFO] ADCParametersView:116 -                Rank 1 : false
2025-03-04 09:12:08,685 [INFO] ADCParametersView:116 -                Rank 1 : false
2025-03-04 09:12:08,794 [INFO] ADCParametersView:116 -                SequencerNbRanks 1 : true
2025-03-04 09:12:08,794 [INFO] ADCParametersView:116 -                SequencerNbRanks 1 : true
2025-03-04 09:12:08,794 [INFO] ADCParametersView:116 -                SequencerNbRanks 1 : true
2025-03-04 09:12:08,794 [INFO] ADCParametersView:116 -                SequencerNbRanks 1 : true
2025-03-04 09:12:08,794 [INFO] ADCParametersView:116 -                SequencerNbRanks 1 : true
2025-03-04 09:12:08,794 [INFO] ADCParametersView:116 -                SequencerNbRanks 1 : true
2025-03-04 09:12:08,794 [INFO] ADCParametersView:116 -                SequencerNbRanks 1 : true
2025-03-04 09:12:08,794 [INFO] ADCParametersView:116 -                Rank 1 : false
2025-03-04 09:12:08,903 [INFO] ADCParametersView:116 -                SequencerNbRanks 1 : true
2025-03-04 09:12:08,903 [INFO] ADCParametersView:116 -                Rank 1 : false
2025-03-04 09:12:08,903 [INFO] ADCParametersView:116 -                SequencerNbRanks 1 : true
2025-03-04 09:12:08,903 [INFO] ADCParametersView:116 -                Rank 1 : false
2025-03-04 09:12:08,903 [INFO] ADCParametersView:116 -                SequencerNbRanks 1 : true
2025-03-04 09:12:08,903 [INFO] ADCParametersView:116 -                Rank 1 : false
2025-03-04 09:12:08,903 [INFO] ADCParametersView:116 -                SequencerNbRanks 1 : true
2025-03-04 09:12:08,903 [INFO] ADCParametersView:116 -                Rank 1 : false
2025-03-04 09:12:08,903 [INFO] ADCParametersView:116 -                SequencerNbRanks 1 : true
2025-03-04 09:12:08,903 [INFO] ADCParametersView:116 -                Rank 1 : false
2025-03-04 09:12:08,903 [INFO] ADCParametersView:116 -                SequencerNbRanks 1 : true
2025-03-04 09:12:08,903 [INFO] ADCParametersView:116 -                Rank 1 : false
2025-03-04 09:12:08,903 [INFO] ADCParametersView:116 -                SequencerNbRanks 1 : true
2025-03-04 09:12:08,903 [INFO] ADCParametersView:116 -                Rank 1 : false
2025-03-04 09:12:08,903 [INFO] ADCParametersView:116 -                SequencerNbRanks 1 : true
2025-03-04 09:12:08,903 [INFO] ADCParametersView:116 -                Rank 1 : false
2025-03-04 09:12:08,903 [INFO] ADCParametersView:116 -                SequencerNbRanks 1 : true
2025-03-04 09:12:08,903 [INFO] ADCParametersView:116 -                Rank 1 : false
2025-03-04 09:12:08,903 [INFO] ADCParametersView:116 -                SequencerNbRanks 1 : true
2025-03-04 09:12:08,903 [INFO] ADCParametersView:116 -                Rank 1 : false
2025-03-04 09:12:08,903 [INFO] ADCParametersView:116 -                SequencerNbRanks 1 : true
2025-03-04 09:12:08,903 [INFO] ADCParametersView:116 -                Rank 1 : false
2025-03-04 09:12:08,903 [INFO] ADCParametersView:116 -                SequencerNbRanks 1 : true
2025-03-04 09:12:08,903 [INFO] ADCParametersView:116 -                Rank 1 : false
2025-03-04 09:12:08,903 [INFO] ADCParametersView:116 -                SequencerNbRanks 1 : true
2025-03-04 09:12:08,903 [INFO] ADCParametersView:116 -                Rank 1 : false
2025-03-04 09:12:08,903 [INFO] ADCParametersView:116 -                SequencerNbRanks 1 : true
2025-03-04 09:12:08,903 [INFO] ADCParametersView:116 -                Rank 1 : false
2025-03-04 09:12:08,903 [INFO] ADCParametersView:116 -                SequencerNbRanks 1 : true
2025-03-04 09:12:08,903 [INFO] ADCParametersView:116 -                Rank 1 : false
2025-03-04 09:12:08,903 [INFO] ADCParametersView:116 -                Rank 1 : false
2025-03-04 09:12:08,903 [INFO] ADCParametersView:116 -                Rank 1 : false
2025-03-04 09:12:08,903 [INFO] ADCParametersView:116 -                Rank 1 : false
2025-03-04 09:12:08,903 [INFO] ADCParametersView:116 -                Rank 1 : false
2025-03-04 09:12:08,903 [INFO] ADCParametersView:116 -                Rank 1 : false
2025-03-04 09:12:08,903 [INFO] ADCParametersView:116 -                Rank 1 : false
2025-03-04 09:12:08,997 [INFO] ADCParametersView:116 -                SequencerNbRanks 1 : true
2025-03-04 09:12:08,997 [INFO] ADCParametersView:116 -                SequencerNbRanks 1 : true
2025-03-04 09:12:09,013 [INFO] ADCParametersView:116 -                SequencerNbRanks 1 : true
2025-03-04 09:12:09,013 [INFO] ADCParametersView:116 -                SequencerNbRanks 1 : true
2025-03-04 09:12:09,013 [INFO] ADCParametersView:116 -                SequencerNbRanks 1 : true
2025-03-04 09:12:09,013 [INFO] ADCParametersView:116 -                SequencerNbRanks 1 : true
2025-03-04 09:12:09,013 [INFO] ADCParametersView:116 -                SequencerNbRanks 1 : true
2025-03-04 09:12:09,013 [INFO] ADCParametersView:116 -                Rank 1 : false
2025-03-04 09:12:09,028 [INFO] NvicIntPanel:101 - NVIC parent = com.st.microxplorer.plugins.ip.nvic.MultiNvicIntPanel[,0,0,0x0,invalid,layout=javax.swing.BoxLayout,alignmentX=0.0,alignmentY=0.0,border=,flags=9,maximumSize=,minimumSize=,preferredSize=]
2025-03-04 09:14:25,652 [INFO] ADCParametersView:116 -                SequencerNbRanks 1 : true
2025-03-04 09:14:25,652 [INFO] ADCParametersView:116 -                Rank 1 : false
2025-03-04 09:14:25,652 [INFO] ADCParametersView:116 -                SequencerNbRanks 1 : true
2025-03-04 09:14:25,652 [INFO] ADCParametersView:116 -                Rank 1 : false
2025-03-04 09:14:25,654 [INFO] ADCParametersView:116 -                SequencerNbRanks 1 : true
2025-03-04 09:14:25,654 [INFO] ADCParametersView:116 -                Rank 1 : false
2025-03-04 09:14:25,654 [INFO] ADCParametersView:116 -                SequencerNbRanks 1 : true
2025-03-04 09:14:25,654 [INFO] ADCParametersView:116 -                Rank 1 : false
2025-03-04 09:14:25,654 [INFO] ADCParametersView:116 -                SequencerNbRanks 1 : true
2025-03-04 09:14:25,654 [INFO] ADCParametersView:116 -                Rank 1 : false
2025-03-04 09:14:25,654 [INFO] ADCParametersView:116 -                SequencerNbRanks 1 : true
2025-03-04 09:14:25,655 [INFO] ADCParametersView:116 -                Rank 1 : false
2025-03-04 09:14:25,655 [INFO] ADCParametersView:116 -                SequencerNbRanks 1 : true
2025-03-04 09:14:25,655 [INFO] ADCParametersView:116 -                Rank 1 : false
2025-03-04 09:14:25,655 [INFO] ADCParametersView:116 -                SequencerNbRanks 1 : true
2025-03-04 09:14:25,655 [INFO] ADCParametersView:116 -                Rank 1 : false
2025-03-04 09:14:25,655 [INFO] ADCParametersView:116 -                SequencerNbRanks 1 : true
2025-03-04 09:14:25,656 [INFO] ADCParametersView:116 -                Rank 1 : false
2025-03-04 09:14:25,656 [INFO] ADCParametersView:116 -                SequencerNbRanks 1 : true
2025-03-04 09:14:25,656 [INFO] ADCParametersView:116 -                Rank 1 : false
2025-03-04 09:14:25,656 [INFO] ADCParametersView:116 -                SequencerNbRanks 1 : true
2025-03-04 09:14:25,656 [INFO] ADCParametersView:116 -                Rank 1 : false
2025-03-04 09:14:25,656 [INFO] ADCParametersView:116 -                SequencerNbRanks 1 : true
2025-03-04 09:14:25,656 [INFO] ADCParametersView:116 -                Rank 1 : false
2025-03-04 09:14:25,656 [INFO] ADCParametersView:116 -                SequencerNbRanks 1 : true
2025-03-04 09:14:25,657 [INFO] ADCParametersView:116 -                Rank 1 : false
2025-03-04 09:14:25,657 [INFO] ADCParametersView:116 -                SequencerNbRanks 1 : true
2025-03-04 09:14:25,657 [INFO] ADCParametersView:116 -                Rank 1 : false
2025-03-04 09:14:25,657 [INFO] ADCParametersView:116 -                SequencerNbRanks 1 : true
2025-03-04 09:14:25,657 [INFO] ADCParametersView:116 -                Rank 1 : false
2025-03-04 09:14:25,657 [INFO] ADCParametersView:116 -                Rank 1 : false
2025-03-04 09:14:25,657 [INFO] ADCParametersView:116 -                Rank 1 : false
2025-03-04 09:14:25,657 [INFO] ADCParametersView:116 -                Rank 1 : false
2025-03-04 09:14:25,657 [INFO] ADCParametersView:116 -                Rank 1 : false
2025-03-04 09:14:25,658 [INFO] ADCParametersView:116 -                Rank 1 : false
2025-03-04 09:14:25,658 [INFO] ADCParametersView:116 -                Rank 1 : false
2025-03-04 09:14:25,753 [INFO] ADCParametersView:116 -                SequencerNbRanks 1 : true
2025-03-04 09:14:25,753 [INFO] ADCParametersView:116 -                SequencerNbRanks 1 : true
2025-03-04 09:14:25,755 [INFO] ADCParametersView:116 -                SequencerNbRanks 1 : true
2025-03-04 09:14:25,755 [INFO] ADCParametersView:116 -                SequencerNbRanks 1 : true
2025-03-04 09:14:25,756 [INFO] ADCParametersView:116 -                SequencerNbRanks 1 : true
2025-03-04 09:14:25,756 [INFO] ADCParametersView:116 -                SequencerNbRanks 1 : true
2025-03-04 09:14:25,757 [INFO] ADCParametersView:116 -                SequencerNbRanks 1 : true
2025-03-04 09:14:25,758 [INFO] ADCParametersView:116 -                Rank 1 : false
2025-03-04 09:14:25,879 [INFO] ADCParametersView:116 -                SequencerNbRanks 1 : true
2025-03-04 09:14:25,880 [INFO] ADCParametersView:116 -                Rank 1 : false
2025-03-04 09:14:25,880 [INFO] ADCParametersView:116 -                SequencerNbRanks 1 : true
2025-03-04 09:14:25,880 [INFO] ADCParametersView:116 -                Rank 1 : false
2025-03-04 09:14:25,880 [INFO] ADCParametersView:116 -                SequencerNbRanks 1 : true
2025-03-04 09:14:25,880 [INFO] ADCParametersView:116 -                Rank 1 : false
2025-03-04 09:14:25,881 [INFO] ADCParametersView:116 -                SequencerNbRanks 1 : true
2025-03-04 09:14:25,881 [INFO] ADCParametersView:116 -                Rank 1 : false
2025-03-04 09:14:25,881 [INFO] ADCParametersView:116 -                SequencerNbRanks 1 : true
2025-03-04 09:14:25,881 [INFO] ADCParametersView:116 -                Rank 1 : false
2025-03-04 09:14:25,881 [INFO] ADCParametersView:116 -                SequencerNbRanks 1 : true
2025-03-04 09:14:25,882 [INFO] ADCParametersView:116 -                Rank 1 : false
2025-03-04 09:14:25,882 [INFO] ADCParametersView:116 -                SequencerNbRanks 1 : true
2025-03-04 09:14:25,882 [INFO] ADCParametersView:116 -                Rank 1 : false
2025-03-04 09:14:25,882 [INFO] ADCParametersView:116 -                SequencerNbRanks 1 : true
2025-03-04 09:14:25,883 [INFO] ADCParametersView:116 -                Rank 1 : false
2025-03-04 09:14:25,883 [INFO] ADCParametersView:116 -                SequencerNbRanks 1 : true
2025-03-04 09:14:25,883 [INFO] ADCParametersView:116 -                Rank 1 : false
2025-03-04 09:14:25,883 [INFO] ADCParametersView:116 -                SequencerNbRanks 1 : true
2025-03-04 09:14:25,883 [INFO] ADCParametersView:116 -                Rank 1 : false
2025-03-04 09:14:25,884 [INFO] ADCParametersView:116 -                SequencerNbRanks 1 : true
2025-03-04 09:14:25,884 [INFO] ADCParametersView:116 -                Rank 1 : false
2025-03-04 09:14:25,884 [INFO] ADCParametersView:116 -                SequencerNbRanks 1 : true
2025-03-04 09:14:25,884 [INFO] ADCParametersView:116 -                Rank 1 : false
2025-03-04 09:14:25,884 [INFO] ADCParametersView:116 -                SequencerNbRanks 1 : true
2025-03-04 09:14:25,884 [INFO] ADCParametersView:116 -                Rank 1 : false
2025-03-04 09:14:25,885 [INFO] ADCParametersView:116 -                SequencerNbRanks 1 : true
2025-03-04 09:14:25,885 [INFO] ADCParametersView:116 -                Rank 1 : false
2025-03-04 09:14:25,885 [INFO] ADCParametersView:116 -                SequencerNbRanks 1 : true
2025-03-04 09:14:25,885 [INFO] ADCParametersView:116 -                Rank 1 : false
2025-03-04 09:14:25,885 [INFO] ADCParametersView:116 -                Rank 1 : false
2025-03-04 09:14:25,885 [INFO] ADCParametersView:116 -                Rank 1 : false
2025-03-04 09:14:25,886 [INFO] ADCParametersView:116 -                Rank 1 : false
2025-03-04 09:14:25,886 [INFO] ADCParametersView:116 -                Rank 1 : false
2025-03-04 09:14:25,886 [INFO] ADCParametersView:116 -                Rank 1 : false
2025-03-04 09:14:25,886 [INFO] ADCParametersView:116 -                Rank 1 : false
2025-03-04 09:14:26,029 [INFO] ADCParametersView:116 -                SequencerNbRanks 1 : true
2025-03-04 09:14:26,029 [INFO] ADCParametersView:116 -                SequencerNbRanks 1 : true
2025-03-04 09:14:26,029 [INFO] ADCParametersView:116 -                SequencerNbRanks 1 : true
2025-03-04 09:14:26,029 [INFO] ADCParametersView:116 -                SequencerNbRanks 1 : true
2025-03-04 09:14:26,029 [INFO] ADCParametersView:116 -                SequencerNbRanks 1 : true
2025-03-04 09:14:26,029 [INFO] ADCParametersView:116 -                SequencerNbRanks 1 : true
2025-03-04 09:14:26,046 [INFO] ADCParametersView:116 -                SequencerNbRanks 1 : true
2025-03-04 09:14:26,046 [INFO] ADCParametersView:116 -                Rank 1 : false
2025-03-04 09:14:26,061 [INFO] NvicIntPanel:101 - NVIC parent = com.st.microxplorer.plugins.ip.nvic.MultiNvicIntPanel[,0,0,0x0,invalid,layout=javax.swing.BoxLayout,alignmentX=0.0,alignmentY=0.0,border=,flags=9,maximumSize=,minimumSize=,preferredSize=]
2025-03-04 09:15:39,860 [INFO] ADCParametersView:116 -                SequencerNbRanks 1 : true
2025-03-04 09:15:39,860 [INFO] ADCParametersView:116 -                SequencerNbRanks 1 : true
2025-03-04 09:15:39,860 [INFO] ADCParametersView:116 -                SequencerNbRanks 1 : true
2025-03-04 09:15:39,860 [INFO] ADCParametersView:116 -                SequencerNbRanks 1 : true
2025-03-04 09:15:39,860 [INFO] ADCParametersView:116 -                SequencerNbRanks 1 : true
2025-03-04 09:15:39,860 [INFO] ADCParametersView:116 -                SequencerNbRanks 1 : true
2025-03-04 09:15:39,860 [INFO] ADCParametersView:116 -                SequencerNbRanks 1 : true
2025-03-04 09:15:39,860 [INFO] ADCParametersView:116 -                Rank 1 : false
2025-03-04 09:15:40,001 [INFO] ADCParametersView:116 -                SequencerNbRanks 1 : true
2025-03-04 09:15:40,001 [INFO] ADCParametersView:116 -                Rank 1 : false
2025-03-04 09:15:40,001 [INFO] ADCParametersView:116 -                SequencerNbRanks 1 : true
2025-03-04 09:15:40,001 [INFO] ADCParametersView:116 -                Rank 1 : false
2025-03-04 09:15:40,001 [INFO] ADCParametersView:116 -                SequencerNbRanks 1 : true
2025-03-04 09:15:40,001 [INFO] ADCParametersView:116 -                Rank 1 : false
2025-03-04 09:15:40,001 [INFO] ADCParametersView:116 -                SequencerNbRanks 1 : true
2025-03-04 09:15:40,001 [INFO] ADCParametersView:116 -                Rank 1 : false
2025-03-04 09:15:40,001 [INFO] ADCParametersView:116 -                SequencerNbRanks 1 : true
2025-03-04 09:15:40,001 [INFO] ADCParametersView:116 -                Rank 1 : false
2025-03-04 09:15:40,001 [INFO] ADCParametersView:116 -                SequencerNbRanks 1 : true
2025-03-04 09:15:40,001 [INFO] ADCParametersView:116 -                Rank 1 : false
2025-03-04 09:15:40,001 [INFO] ADCParametersView:116 -                SequencerNbRanks 1 : true
2025-03-04 09:15:40,001 [INFO] ADCParametersView:116 -                Rank 1 : false
2025-03-04 09:15:40,001 [INFO] ADCParametersView:116 -                SequencerNbRanks 1 : true
2025-03-04 09:15:40,001 [INFO] ADCParametersView:116 -                Rank 1 : false
2025-03-04 09:15:40,001 [INFO] ADCParametersView:116 -                SequencerNbRanks 1 : true
2025-03-04 09:15:40,001 [INFO] ADCParametersView:116 -                Rank 1 : false
2025-03-04 09:15:40,001 [INFO] ADCParametersView:116 -                SequencerNbRanks 1 : true
2025-03-04 09:15:40,001 [INFO] ADCParametersView:116 -                Rank 1 : false
2025-03-04 09:15:40,001 [INFO] ADCParametersView:116 -                SequencerNbRanks 1 : true
2025-03-04 09:15:40,001 [INFO] ADCParametersView:116 -                Rank 1 : false
2025-03-04 09:15:40,001 [INFO] ADCParametersView:116 -                SequencerNbRanks 1 : true
2025-03-04 09:15:40,001 [INFO] ADCParametersView:116 -                Rank 1 : false
2025-03-04 09:15:40,001 [INFO] ADCParametersView:116 -                SequencerNbRanks 1 : true
2025-03-04 09:15:40,001 [INFO] ADCParametersView:116 -                Rank 1 : false
2025-03-04 09:15:40,001 [INFO] ADCParametersView:116 -                SequencerNbRanks 1 : true
2025-03-04 09:15:40,001 [INFO] ADCParametersView:116 -                Rank 1 : false
2025-03-04 09:15:40,001 [INFO] ADCParametersView:116 -                SequencerNbRanks 1 : true
2025-03-04 09:15:40,001 [INFO] ADCParametersView:116 -                Rank 1 : false
2025-03-04 09:15:40,001 [INFO] ADCParametersView:116 -                Rank 1 : false
2025-03-04 09:15:40,001 [INFO] ADCParametersView:116 -                Rank 1 : false
2025-03-04 09:15:40,001 [INFO] ADCParametersView:116 -                Rank 1 : false
2025-03-04 09:15:40,001 [INFO] ADCParametersView:116 -                Rank 1 : false
2025-03-04 09:15:40,001 [INFO] ADCParametersView:116 -                Rank 1 : false
2025-03-04 09:15:40,001 [INFO] ADCParametersView:116 -                Rank 1 : false
2025-03-04 09:15:40,085 [INFO] ADCParametersView:116 -                SequencerNbRanks 1 : true
2025-03-04 09:15:40,085 [INFO] ADCParametersView:116 -                SequencerNbRanks 1 : true
2025-03-04 09:15:40,085 [INFO] ADCParametersView:116 -                SequencerNbRanks 1 : true
2025-03-04 09:15:40,085 [INFO] ADCParametersView:116 -                SequencerNbRanks 1 : true
2025-03-04 09:15:40,085 [INFO] ADCParametersView:116 -                SequencerNbRanks 1 : true
2025-03-04 09:15:40,085 [INFO] ADCParametersView:116 -                SequencerNbRanks 1 : true
2025-03-04 09:15:40,085 [INFO] ADCParametersView:116 -                SequencerNbRanks 1 : true
2025-03-04 09:15:40,085 [INFO] ADCParametersView:116 -                Rank 1 : false
2025-03-04 09:15:40,100 [INFO] NvicIntPanel:101 - NVIC parent = com.st.microxplorer.plugins.ip.nvic.MultiNvicIntPanel[,0,0,0x0,invalid,layout=javax.swing.BoxLayout,alignmentX=0.0,alignmentY=0.0,border=,flags=9,maximumSize=,minimumSize=,preferredSize=]
2025-03-04 09:33:31,911 [INFO] ADCParametersView:116 -                SequencerNbRanks 1 : true
2025-03-04 09:33:31,911 [INFO] ADCParametersView:116 -                Rank 1 : false
2025-03-04 09:33:31,911 [INFO] ADCParametersView:116 -                SequencerNbRanks 1 : true
2025-03-04 09:33:31,911 [INFO] ADCParametersView:116 -                Rank 1 : false
2025-03-04 09:33:31,911 [INFO] ADCParametersView:116 -                SequencerNbRanks 1 : true
2025-03-04 09:33:31,911 [INFO] ADCParametersView:116 -                Rank 1 : false
2025-03-04 09:33:31,911 [INFO] ADCParametersView:116 -                SequencerNbRanks 1 : true
2025-03-04 09:33:31,911 [INFO] ADCParametersView:116 -                Rank 1 : false
2025-03-04 09:33:31,911 [INFO] ADCParametersView:116 -                SequencerNbRanks 1 : true
2025-03-04 09:33:31,911 [INFO] ADCParametersView:116 -                Rank 1 : false
2025-03-04 09:33:31,911 [INFO] ADCParametersView:116 -                SequencerNbRanks 1 : true
2025-03-04 09:33:31,911 [INFO] ADCParametersView:116 -                Rank 1 : false
2025-03-04 09:33:31,911 [INFO] ADCParametersView:116 -                SequencerNbRanks 1 : true
2025-03-04 09:33:31,911 [INFO] ADCParametersView:116 -                Rank 1 : false
2025-03-04 09:33:31,911 [INFO] ADCParametersView:116 -                SequencerNbRanks 1 : true
2025-03-04 09:33:31,911 [INFO] ADCParametersView:116 -                Rank 1 : false
2025-03-04 09:33:31,911 [INFO] ADCParametersView:116 -                SequencerNbRanks 1 : true
2025-03-04 09:33:31,911 [INFO] ADCParametersView:116 -                Rank 1 : false
2025-03-04 09:33:31,911 [INFO] ADCParametersView:116 -                SequencerNbRanks 1 : true
2025-03-04 09:33:31,911 [INFO] ADCParametersView:116 -                Rank 1 : false
2025-03-04 09:33:31,911 [INFO] ADCParametersView:116 -                SequencerNbRanks 1 : true
2025-03-04 09:33:31,911 [INFO] ADCParametersView:116 -                Rank 1 : false
2025-03-04 09:33:31,911 [INFO] ADCParametersView:116 -                SequencerNbRanks 1 : true
2025-03-04 09:33:31,911 [INFO] ADCParametersView:116 -                Rank 1 : false
2025-03-04 09:33:31,911 [INFO] ADCParametersView:116 -                SequencerNbRanks 1 : true
2025-03-04 09:33:31,911 [INFO] ADCParametersView:116 -                Rank 1 : false
2025-03-04 09:33:31,911 [INFO] ADCParametersView:116 -                SequencerNbRanks 1 : true
2025-03-04 09:33:31,911 [INFO] ADCParametersView:116 -                Rank 1 : false
2025-03-04 09:33:31,911 [INFO] ADCParametersView:116 -                SequencerNbRanks 1 : true
2025-03-04 09:33:31,911 [INFO] ADCParametersView:116 -                Rank 1 : false
2025-03-04 09:33:31,911 [INFO] ADCParametersView:116 -                Rank 1 : false
2025-03-04 09:33:31,911 [INFO] ADCParametersView:116 -                Rank 1 : false
2025-03-04 09:33:31,911 [INFO] ADCParametersView:116 -                Rank 1 : false
2025-03-04 09:33:31,911 [INFO] ADCParametersView:116 -                Rank 1 : false
2025-03-04 09:33:31,911 [INFO] ADCParametersView:116 -                Rank 1 : false
2025-03-04 09:33:31,911 [INFO] ADCParametersView:116 -                Rank 1 : false
2025-03-04 09:33:31,974 [INFO] ADCParametersView:116 -                SequencerNbRanks 1 : true
2025-03-04 09:33:31,974 [INFO] ADCParametersView:116 -                SequencerNbRanks 1 : true
2025-03-04 09:33:31,974 [INFO] ADCParametersView:116 -                SequencerNbRanks 1 : true
2025-03-04 09:33:31,974 [INFO] ADCParametersView:116 -                SequencerNbRanks 1 : true
2025-03-04 09:33:31,974 [INFO] ADCParametersView:116 -                SequencerNbRanks 1 : true
2025-03-04 09:33:31,974 [INFO] ADCParametersView:116 -                SequencerNbRanks 1 : true
2025-03-04 09:33:31,974 [INFO] ADCParametersView:116 -                SequencerNbRanks 1 : true
2025-03-04 09:33:31,974 [INFO] ADCParametersView:116 -                Rank 1 : false
2025-03-04 09:33:32,067 [INFO] ADCParametersView:116 -                SequencerNbRanks 1 : true
2025-03-04 09:33:32,067 [INFO] ADCParametersView:116 -                Rank 1 : false
2025-03-04 09:33:32,067 [INFO] ADCParametersView:116 -                SequencerNbRanks 1 : true
2025-03-04 09:33:32,067 [INFO] ADCParametersView:116 -                Rank 1 : false
2025-03-04 09:33:32,067 [INFO] ADCParametersView:116 -                SequencerNbRanks 1 : true
2025-03-04 09:33:32,067 [INFO] ADCParametersView:116 -                Rank 1 : false
2025-03-04 09:33:32,067 [INFO] ADCParametersView:116 -                SequencerNbRanks 1 : true
2025-03-04 09:33:32,067 [INFO] ADCParametersView:116 -                Rank 1 : false
2025-03-04 09:33:32,067 [INFO] ADCParametersView:116 -                SequencerNbRanks 1 : true
2025-03-04 09:33:32,067 [INFO] ADCParametersView:116 -                Rank 1 : false
2025-03-04 09:33:32,067 [INFO] ADCParametersView:116 -                SequencerNbRanks 1 : true
2025-03-04 09:33:32,067 [INFO] ADCParametersView:116 -                Rank 1 : false
2025-03-04 09:33:32,067 [INFO] ADCParametersView:116 -                SequencerNbRanks 1 : true
2025-03-04 09:33:32,067 [INFO] ADCParametersView:116 -                Rank 1 : false
2025-03-04 09:33:32,067 [INFO] ADCParametersView:116 -                SequencerNbRanks 1 : true
2025-03-04 09:33:32,067 [INFO] ADCParametersView:116 -                Rank 1 : false
2025-03-04 09:33:32,067 [INFO] ADCParametersView:116 -                SequencerNbRanks 1 : true
2025-03-04 09:33:32,067 [INFO] ADCParametersView:116 -                Rank 1 : false
2025-03-04 09:33:32,067 [INFO] ADCParametersView:116 -                SequencerNbRanks 1 : true
2025-03-04 09:33:32,067 [INFO] ADCParametersView:116 -                Rank 1 : false
2025-03-04 09:33:32,067 [INFO] ADCParametersView:116 -                SequencerNbRanks 1 : true
2025-03-04 09:33:32,067 [INFO] ADCParametersView:116 -                Rank 1 : false
2025-03-04 09:33:32,067 [INFO] ADCParametersView:116 -                SequencerNbRanks 1 : true
2025-03-04 09:33:32,067 [INFO] ADCParametersView:116 -                Rank 1 : false
2025-03-04 09:33:32,067 [INFO] ADCParametersView:116 -                SequencerNbRanks 1 : true
2025-03-04 09:33:32,067 [INFO] ADCParametersView:116 -                Rank 1 : false
2025-03-04 09:33:32,067 [INFO] ADCParametersView:116 -                SequencerNbRanks 1 : true
2025-03-04 09:33:32,067 [INFO] ADCParametersView:116 -                Rank 1 : false
2025-03-04 09:33:32,067 [INFO] ADCParametersView:116 -                SequencerNbRanks 1 : true
2025-03-04 09:33:32,067 [INFO] ADCParametersView:116 -                Rank 1 : false
2025-03-04 09:33:32,067 [INFO] ADCParametersView:116 -                Rank 1 : false
2025-03-04 09:33:32,067 [INFO] ADCParametersView:116 -                Rank 1 : false
2025-03-04 09:33:32,067 [INFO] ADCParametersView:116 -                Rank 1 : false
2025-03-04 09:33:32,067 [INFO] ADCParametersView:116 -                Rank 1 : false
2025-03-04 09:33:32,067 [INFO] ADCParametersView:116 -                Rank 1 : false
2025-03-04 09:33:32,067 [INFO] ADCParametersView:116 -                Rank 1 : false
2025-03-04 09:33:32,146 [INFO] ADCParametersView:116 -                SequencerNbRanks 1 : true
2025-03-04 09:33:32,146 [INFO] ADCParametersView:116 -                SequencerNbRanks 1 : true
2025-03-04 09:33:32,146 [INFO] ADCParametersView:116 -                SequencerNbRanks 1 : true
2025-03-04 09:33:32,146 [INFO] ADCParametersView:116 -                SequencerNbRanks 1 : true
2025-03-04 09:33:32,146 [INFO] ADCParametersView:116 -                SequencerNbRanks 1 : true
2025-03-04 09:33:32,146 [INFO] ADCParametersView:116 -                SequencerNbRanks 1 : true
2025-03-04 09:33:32,146 [INFO] ADCParametersView:116 -                SequencerNbRanks 1 : true
2025-03-04 09:33:32,146 [INFO] ADCParametersView:116 -                Rank 1 : false
2025-03-04 09:33:32,161 [INFO] NvicIntPanel:101 - NVIC parent = com.st.microxplorer.plugins.ip.nvic.MultiNvicIntPanel[,0,0,0x0,invalid,layout=javax.swing.BoxLayout,alignmentX=0.0,alignmentY=0.0,border=,flags=9,maximumSize=,minimumSize=,preferredSize=]
2025-03-04 09:33:41,069 [INFO] ADCParametersView:116 -                SequencerNbRanks 1 : true
2025-03-04 09:33:41,069 [INFO] ADCParametersView:116 -                Rank 1 : false
2025-03-04 09:33:41,069 [INFO] ADCParametersView:116 -                SequencerNbRanks 1 : true
2025-03-04 09:33:41,069 [INFO] ADCParametersView:116 -                Rank 1 : false
2025-03-04 09:33:41,069 [INFO] ADCParametersView:116 -                SequencerNbRanks 1 : true
2025-03-04 09:33:41,069 [INFO] ADCParametersView:116 -                Rank 1 : false
2025-03-04 09:33:41,069 [INFO] ADCParametersView:116 -                SequencerNbRanks 1 : true
2025-03-04 09:33:41,069 [INFO] ADCParametersView:116 -                Rank 1 : false
2025-03-04 09:33:41,069 [INFO] ADCParametersView:116 -                SequencerNbRanks 1 : true
2025-03-04 09:33:41,069 [INFO] ADCParametersView:116 -                Rank 1 : false
2025-03-04 09:33:41,069 [INFO] ADCParametersView:116 -                SequencerNbRanks 1 : true
2025-03-04 09:33:41,069 [INFO] ADCParametersView:116 -                Rank 1 : false
2025-03-04 09:33:41,069 [INFO] ADCParametersView:116 -                SequencerNbRanks 1 : true
2025-03-04 09:33:41,069 [INFO] ADCParametersView:116 -                Rank 1 : false
2025-03-04 09:33:41,069 [INFO] ADCParametersView:116 -                SequencerNbRanks 1 : true
2025-03-04 09:33:41,069 [INFO] ADCParametersView:116 -                Rank 1 : false
2025-03-04 09:33:41,069 [INFO] ADCParametersView:116 -                SequencerNbRanks 1 : true
2025-03-04 09:33:41,069 [INFO] ADCParametersView:116 -                Rank 1 : false
2025-03-04 09:33:41,069 [INFO] ADCParametersView:116 -                SequencerNbRanks 1 : true
2025-03-04 09:33:41,069 [INFO] ADCParametersView:116 -                Rank 1 : false
2025-03-04 09:33:41,069 [INFO] ADCParametersView:116 -                SequencerNbRanks 1 : true
2025-03-04 09:33:41,069 [INFO] ADCParametersView:116 -                Rank 1 : false
2025-03-04 09:33:41,069 [INFO] ADCParametersView:116 -                SequencerNbRanks 1 : true
2025-03-04 09:33:41,069 [INFO] ADCParametersView:116 -                Rank 1 : false
2025-03-04 09:33:41,069 [INFO] ADCParametersView:116 -                SequencerNbRanks 1 : true
2025-03-04 09:33:41,069 [INFO] ADCParametersView:116 -                Rank 1 : false
2025-03-04 09:33:41,069 [INFO] ADCParametersView:116 -                SequencerNbRanks 1 : true
2025-03-04 09:33:41,069 [INFO] ADCParametersView:116 -                Rank 1 : false
2025-03-04 09:33:41,069 [INFO] ADCParametersView:116 -                SequencerNbRanks 1 : true
2025-03-04 09:33:41,069 [INFO] ADCParametersView:116 -                Rank 1 : false
2025-03-04 09:33:41,069 [INFO] ADCParametersView:116 -                Rank 1 : false
2025-03-04 09:33:41,069 [INFO] ADCParametersView:116 -                Rank 1 : false
2025-03-04 09:33:41,069 [INFO] ADCParametersView:116 -                Rank 1 : false
2025-03-04 09:33:41,069 [INFO] ADCParametersView:116 -                Rank 1 : false
2025-03-04 09:33:41,069 [INFO] ADCParametersView:116 -                Rank 1 : false
2025-03-04 09:33:41,069 [INFO] ADCParametersView:116 -                Rank 1 : false
2025-03-04 09:33:41,116 [INFO] ADCParametersView:116 -                SequencerNbRanks 1 : true
2025-03-04 09:33:41,116 [INFO] ADCParametersView:116 -                SequencerNbRanks 1 : true
2025-03-04 09:33:41,132 [INFO] ADCParametersView:116 -                SequencerNbRanks 1 : true
2025-03-04 09:33:41,132 [INFO] ADCParametersView:116 -                SequencerNbRanks 1 : true
2025-03-04 09:33:41,132 [INFO] ADCParametersView:116 -                SequencerNbRanks 1 : true
2025-03-04 09:33:41,132 [INFO] ADCParametersView:116 -                SequencerNbRanks 1 : true
2025-03-04 09:33:41,132 [INFO] ADCParametersView:116 -                SequencerNbRanks 1 : true
2025-03-04 09:33:41,132 [INFO] ADCParametersView:116 -                Rank 1 : false
2025-03-04 09:33:41,194 [INFO] ADCParametersView:116 -                SequencerNbRanks 1 : true
2025-03-04 09:33:41,194 [INFO] ADCParametersView:116 -                Rank 1 : false
2025-03-04 09:33:41,194 [INFO] ADCParametersView:116 -                SequencerNbRanks 1 : true
2025-03-04 09:33:41,194 [INFO] ADCParametersView:116 -                Rank 1 : false
2025-03-04 09:33:41,194 [INFO] ADCParametersView:116 -                SequencerNbRanks 1 : true
2025-03-04 09:33:41,194 [INFO] ADCParametersView:116 -                Rank 1 : false
2025-03-04 09:33:41,194 [INFO] ADCParametersView:116 -                SequencerNbRanks 1 : true
2025-03-04 09:33:41,194 [INFO] ADCParametersView:116 -                Rank 1 : false
2025-03-04 09:33:41,194 [INFO] ADCParametersView:116 -                SequencerNbRanks 1 : true
2025-03-04 09:33:41,194 [INFO] ADCParametersView:116 -                Rank 1 : false
2025-03-04 09:33:41,194 [INFO] ADCParametersView:116 -                SequencerNbRanks 1 : true
2025-03-04 09:33:41,194 [INFO] ADCParametersView:116 -                Rank 1 : false
2025-03-04 09:33:41,194 [INFO] ADCParametersView:116 -                SequencerNbRanks 1 : true
2025-03-04 09:33:41,194 [INFO] ADCParametersView:116 -                Rank 1 : false
2025-03-04 09:33:41,194 [INFO] ADCParametersView:116 -                SequencerNbRanks 1 : true
2025-03-04 09:33:41,194 [INFO] ADCParametersView:116 -                Rank 1 : false
2025-03-04 09:33:41,194 [INFO] ADCParametersView:116 -                SequencerNbRanks 1 : true
2025-03-04 09:33:41,194 [INFO] ADCParametersView:116 -                Rank 1 : false
2025-03-04 09:33:41,194 [INFO] ADCParametersView:116 -                SequencerNbRanks 1 : true
2025-03-04 09:33:41,194 [INFO] ADCParametersView:116 -                Rank 1 : false
2025-03-04 09:33:41,194 [INFO] ADCParametersView:116 -                SequencerNbRanks 1 : true
2025-03-04 09:33:41,194 [INFO] ADCParametersView:116 -                Rank 1 : false
2025-03-04 09:33:41,194 [INFO] ADCParametersView:116 -                SequencerNbRanks 1 : true
2025-03-04 09:33:41,194 [INFO] ADCParametersView:116 -                Rank 1 : false
2025-03-04 09:33:41,194 [INFO] ADCParametersView:116 -                SequencerNbRanks 1 : true
2025-03-04 09:33:41,194 [INFO] ADCParametersView:116 -                Rank 1 : false
2025-03-04 09:33:41,194 [INFO] ADCParametersView:116 -                SequencerNbRanks 1 : true
2025-03-04 09:33:41,194 [INFO] ADCParametersView:116 -                Rank 1 : false
2025-03-04 09:33:41,194 [INFO] ADCParametersView:116 -                SequencerNbRanks 1 : true
2025-03-04 09:33:41,194 [INFO] ADCParametersView:116 -                Rank 1 : false
2025-03-04 09:33:41,194 [INFO] ADCParametersView:116 -                Rank 1 : false
2025-03-04 09:33:41,194 [INFO] ADCParametersView:116 -                Rank 1 : false
2025-03-04 09:33:41,194 [INFO] ADCParametersView:116 -                Rank 1 : false
2025-03-04 09:33:41,194 [INFO] ADCParametersView:116 -                Rank 1 : false
2025-03-04 09:33:41,194 [INFO] ADCParametersView:116 -                Rank 1 : false
2025-03-04 09:33:41,194 [INFO] ADCParametersView:116 -                Rank 1 : false
2025-03-04 09:33:41,257 [INFO] ADCParametersView:116 -                SequencerNbRanks 1 : true
2025-03-04 09:33:41,257 [INFO] ADCParametersView:116 -                SequencerNbRanks 1 : true
2025-03-04 09:33:41,257 [INFO] ADCParametersView:116 -                SequencerNbRanks 1 : true
2025-03-04 09:33:41,257 [INFO] ADCParametersView:116 -                SequencerNbRanks 1 : true
2025-03-04 09:33:41,257 [INFO] ADCParametersView:116 -                SequencerNbRanks 1 : true
2025-03-04 09:33:41,257 [INFO] ADCParametersView:116 -                SequencerNbRanks 1 : true
2025-03-04 09:33:41,257 [INFO] ADCParametersView:116 -                SequencerNbRanks 1 : true
2025-03-04 09:33:41,257 [INFO] ADCParametersView:116 -                Rank 1 : false
2025-03-04 09:33:41,272 [INFO] NvicIntPanel:101 - NVIC parent = com.st.microxplorer.plugins.ip.nvic.MultiNvicIntPanel[,0,0,0x0,invalid,layout=javax.swing.BoxLayout,alignmentX=0.0,alignmentY=0.0,border=,flags=9,maximumSize=,minimumSize=,preferredSize=]
2025-03-04 09:34:00,324 [INFO] NvicIntPanel:101 - NVIC parent = com.st.microxplorer.plugins.ip.nvic.MultiNvicIntPanel[,0,0,0x0,invalid,layout=javax.swing.BoxLayout,alignmentX=0.0,alignmentY=0.0,border=,flags=9,maximumSize=,minimumSize=,preferredSize=]
2025-03-04 09:34:00,449 [INFO] ADCParametersView:116 -                SequencerNbRanks 1 : true
2025-03-04 09:34:00,449 [INFO] ADCParametersView:116 -                Rank 1 : false
2025-03-04 09:34:00,449 [INFO] ADCParametersView:116 -                SequencerNbRanks 1 : true
2025-03-04 09:34:00,449 [INFO] ADCParametersView:116 -                Rank 1 : false
2025-03-04 09:34:00,449 [INFO] ADCParametersView:116 -                SequencerNbRanks 1 : true
2025-03-04 09:34:00,449 [INFO] ADCParametersView:116 -                Rank 1 : false
2025-03-04 09:34:00,449 [INFO] ADCParametersView:116 -                SequencerNbRanks 1 : true
2025-03-04 09:34:00,449 [INFO] ADCParametersView:116 -                Rank 1 : false
2025-03-04 09:34:00,449 [INFO] ADCParametersView:116 -                SequencerNbRanks 1 : true
2025-03-04 09:34:00,449 [INFO] ADCParametersView:116 -                Rank 1 : false
2025-03-04 09:34:00,449 [INFO] ADCParametersView:116 -                SequencerNbRanks 1 : true
2025-03-04 09:34:00,449 [INFO] ADCParametersView:116 -                Rank 1 : false
2025-03-04 09:34:00,449 [INFO] ADCParametersView:116 -                SequencerNbRanks 1 : true
2025-03-04 09:34:00,449 [INFO] ADCParametersView:116 -                Rank 1 : false
2025-03-04 09:34:00,449 [INFO] ADCParametersView:116 -                SequencerNbRanks 1 : true
2025-03-04 09:34:00,449 [INFO] ADCParametersView:116 -                Rank 1 : false
2025-03-04 09:34:00,449 [INFO] ADCParametersView:116 -                SequencerNbRanks 1 : true
2025-03-04 09:34:00,449 [INFO] ADCParametersView:116 -                Rank 1 : false
2025-03-04 09:34:00,449 [INFO] ADCParametersView:116 -                SequencerNbRanks 1 : true
2025-03-04 09:34:00,449 [INFO] ADCParametersView:116 -                Rank 1 : false
2025-03-04 09:34:00,449 [INFO] ADCParametersView:116 -                SequencerNbRanks 1 : true
2025-03-04 09:34:00,449 [INFO] ADCParametersView:116 -                Rank 1 : false
2025-03-04 09:34:00,449 [INFO] ADCParametersView:116 -                SequencerNbRanks 1 : true
2025-03-04 09:34:00,449 [INFO] ADCParametersView:116 -                Rank 1 : false
2025-03-04 09:34:00,449 [INFO] ADCParametersView:116 -                SequencerNbRanks 1 : true
2025-03-04 09:34:00,449 [INFO] ADCParametersView:116 -                Rank 1 : false
2025-03-04 09:34:00,449 [INFO] ADCParametersView:116 -                SequencerNbRanks 1 : true
2025-03-04 09:34:00,449 [INFO] ADCParametersView:116 -                Rank 1 : false
2025-03-04 09:34:00,449 [INFO] ADCParametersView:116 -                SequencerNbRanks 1 : true
2025-03-04 09:34:00,449 [INFO] ADCParametersView:116 -                Rank 1 : false
2025-03-04 09:34:00,449 [INFO] ADCParametersView:116 -                Rank 1 : false
2025-03-04 09:34:00,449 [INFO] ADCParametersView:116 -                Rank 1 : false
2025-03-04 09:34:00,449 [INFO] ADCParametersView:116 -                Rank 1 : false
2025-03-04 09:34:00,449 [INFO] ADCParametersView:116 -                Rank 1 : false
2025-03-04 09:34:00,449 [INFO] ADCParametersView:116 -                Rank 1 : false
2025-03-04 09:34:00,449 [INFO] ADCParametersView:116 -                Rank 1 : false
2025-03-04 09:34:00,543 [INFO] ADCParametersView:116 -                SequencerNbRanks 1 : true
2025-03-04 09:34:00,543 [INFO] ADCParametersView:116 -                SequencerNbRanks 1 : true
2025-03-04 09:34:00,543 [INFO] ADCParametersView:116 -                SequencerNbRanks 1 : true
2025-03-04 09:34:00,543 [INFO] ADCParametersView:116 -                SequencerNbRanks 1 : true
2025-03-04 09:34:00,543 [INFO] ADCParametersView:116 -                SequencerNbRanks 1 : true
2025-03-04 09:34:00,543 [INFO] ADCParametersView:116 -                SequencerNbRanks 1 : true
2025-03-04 09:34:00,543 [INFO] ADCParametersView:116 -                SequencerNbRanks 1 : true
2025-03-04 09:34:00,543 [INFO] ADCParametersView:116 -                Rank 1 : false
2025-03-04 09:34:00,652 [INFO] ADCParametersView:116 -                SequencerNbRanks 1 : true
2025-03-04 09:34:00,652 [INFO] ADCParametersView:116 -                Rank 1 : false
2025-03-04 09:34:00,652 [INFO] ADCParametersView:116 -                SequencerNbRanks 1 : true
2025-03-04 09:34:00,652 [INFO] ADCParametersView:116 -                Rank 1 : false
2025-03-04 09:34:00,652 [INFO] ADCParametersView:116 -                SequencerNbRanks 1 : true
2025-03-04 09:34:00,652 [INFO] ADCParametersView:116 -                Rank 1 : false
2025-03-04 09:34:00,652 [INFO] ADCParametersView:116 -                SequencerNbRanks 1 : true
2025-03-04 09:34:00,652 [INFO] ADCParametersView:116 -                Rank 1 : false
2025-03-04 09:34:00,652 [INFO] ADCParametersView:116 -                SequencerNbRanks 1 : true
2025-03-04 09:34:00,652 [INFO] ADCParametersView:116 -                Rank 1 : false
2025-03-04 09:34:00,656 [INFO] ADCParametersView:116 -                SequencerNbRanks 1 : true
2025-03-04 09:34:00,656 [INFO] ADCParametersView:116 -                Rank 1 : false
2025-03-04 09:34:00,656 [INFO] ADCParametersView:116 -                SequencerNbRanks 1 : true
2025-03-04 09:34:00,656 [INFO] ADCParametersView:116 -                Rank 1 : false
2025-03-04 09:34:00,657 [INFO] ADCParametersView:116 -                SequencerNbRanks 1 : true
2025-03-04 09:34:00,657 [INFO] ADCParametersView:116 -                Rank 1 : false
2025-03-04 09:34:00,657 [INFO] ADCParametersView:116 -                SequencerNbRanks 1 : true
2025-03-04 09:34:00,657 [INFO] ADCParametersView:116 -                Rank 1 : false
2025-03-04 09:34:00,658 [INFO] ADCParametersView:116 -                SequencerNbRanks 1 : true
2025-03-04 09:34:00,658 [INFO] ADCParametersView:116 -                Rank 1 : false
2025-03-04 09:34:00,658 [INFO] ADCParametersView:116 -                SequencerNbRanks 1 : true
2025-03-04 09:34:00,659 [INFO] ADCParametersView:116 -                Rank 1 : false
2025-03-04 09:34:00,659 [INFO] ADCParametersView:116 -                SequencerNbRanks 1 : true
2025-03-04 09:34:00,659 [INFO] ADCParametersView:116 -                Rank 1 : false
2025-03-04 09:34:00,659 [INFO] ADCParametersView:116 -                SequencerNbRanks 1 : true
2025-03-04 09:34:00,659 [INFO] ADCParametersView:116 -                Rank 1 : false
2025-03-04 09:34:00,659 [INFO] ADCParametersView:116 -                SequencerNbRanks 1 : true
2025-03-04 09:34:00,659 [INFO] ADCParametersView:116 -                Rank 1 : false
2025-03-04 09:34:00,659 [INFO] ADCParametersView:116 -                SequencerNbRanks 1 : true
2025-03-04 09:34:00,659 [INFO] ADCParametersView:116 -                Rank 1 : false
2025-03-04 09:34:00,660 [INFO] ADCParametersView:116 -                Rank 1 : false
2025-03-04 09:34:00,660 [INFO] ADCParametersView:116 -                Rank 1 : false
2025-03-04 09:34:00,660 [INFO] ADCParametersView:116 -                Rank 1 : false
2025-03-04 09:34:00,660 [INFO] ADCParametersView:116 -                Rank 1 : false
2025-03-04 09:34:00,660 [INFO] ADCParametersView:116 -                Rank 1 : false
2025-03-04 09:34:00,660 [INFO] ADCParametersView:116 -                Rank 1 : false
2025-03-04 09:34:00,767 [INFO] ADCParametersView:116 -                SequencerNbRanks 1 : true
2025-03-04 09:34:00,767 [INFO] ADCParametersView:116 -                SequencerNbRanks 1 : true
2025-03-04 09:34:00,767 [INFO] ADCParametersView:116 -                SequencerNbRanks 1 : true
2025-03-04 09:34:00,767 [INFO] ADCParametersView:116 -                SequencerNbRanks 1 : true
2025-03-04 09:34:00,767 [INFO] ADCParametersView:116 -                SequencerNbRanks 1 : true
2025-03-04 09:34:00,767 [INFO] ADCParametersView:116 -                SequencerNbRanks 1 : true
2025-03-04 09:34:00,767 [INFO] ADCParametersView:116 -                SequencerNbRanks 1 : true
2025-03-04 09:34:00,767 [INFO] ADCParametersView:116 -                Rank 1 : false
2025-03-04 09:34:00,783 [INFO] NvicIntPanel:101 - NVIC parent = com.st.microxplorer.plugins.ip.nvic.MultiNvicIntPanel[,0,0,0x0,invalid,layout=javax.swing.BoxLayout,alignmentX=0.0,alignmentY=0.0,border=,flags=9,maximumSize=,minimumSize=,preferredSize=]
2025-03-04 09:34:01,220 [INFO] ADCParametersView:116 -                SequencerNbRanks 1 : true
2025-03-04 09:34:01,220 [INFO] ADCParametersView:116 -                Rank 1 : false
2025-03-04 09:34:01,220 [INFO] ADCParametersView:116 -                SequencerNbRanks 1 : true
2025-03-04 09:34:01,220 [INFO] ADCParametersView:116 -                Rank 1 : false
2025-03-04 09:34:01,220 [INFO] ADCParametersView:116 -                SequencerNbRanks 1 : true
2025-03-04 09:34:01,220 [INFO] ADCParametersView:116 -                Rank 1 : false
2025-03-04 09:34:01,220 [INFO] ADCParametersView:116 -                SequencerNbRanks 1 : true
2025-03-04 09:34:01,220 [INFO] ADCParametersView:116 -                Rank 1 : false
2025-03-04 09:34:01,220 [INFO] ADCParametersView:116 -                SequencerNbRanks 1 : true
2025-03-04 09:34:01,220 [INFO] ADCParametersView:116 -                Rank 1 : false
2025-03-04 09:34:01,220 [INFO] ADCParametersView:116 -                SequencerNbRanks 1 : true
2025-03-04 09:34:01,220 [INFO] ADCParametersView:116 -                Rank 1 : false
2025-03-04 09:34:01,220 [INFO] ADCParametersView:116 -                SequencerNbRanks 1 : true
2025-03-04 09:34:01,220 [INFO] ADCParametersView:116 -                Rank 1 : false
2025-03-04 09:34:01,220 [INFO] ADCParametersView:116 -                SequencerNbRanks 1 : true
2025-03-04 09:34:01,220 [INFO] ADCParametersView:116 -                Rank 1 : false
2025-03-04 09:34:01,220 [INFO] ADCParametersView:116 -                SequencerNbRanks 1 : true
2025-03-04 09:34:01,220 [INFO] ADCParametersView:116 -                Rank 1 : false
2025-03-04 09:34:01,220 [INFO] ADCParametersView:116 -                SequencerNbRanks 1 : true
2025-03-04 09:34:01,220 [INFO] ADCParametersView:116 -                Rank 1 : false
2025-03-04 09:34:01,220 [INFO] ADCParametersView:116 -                SequencerNbRanks 1 : true
2025-03-04 09:34:01,220 [INFO] ADCParametersView:116 -                Rank 1 : false
2025-03-04 09:34:01,220 [INFO] ADCParametersView:116 -                SequencerNbRanks 1 : true
2025-03-04 09:34:01,220 [INFO] ADCParametersView:116 -                Rank 1 : false
2025-03-04 09:34:01,220 [INFO] ADCParametersView:116 -                SequencerNbRanks 1 : true
2025-03-04 09:34:01,220 [INFO] ADCParametersView:116 -                Rank 1 : false
2025-03-04 09:34:01,220 [INFO] ADCParametersView:116 -                SequencerNbRanks 1 : true
2025-03-04 09:34:01,220 [INFO] ADCParametersView:116 -                Rank 1 : false
2025-03-04 09:34:01,220 [INFO] ADCParametersView:116 -                SequencerNbRanks 1 : true
2025-03-04 09:34:01,220 [INFO] ADCParametersView:116 -                Rank 1 : false
2025-03-04 09:34:01,220 [INFO] ADCParametersView:116 -                Rank 1 : false
2025-03-04 09:34:01,220 [INFO] ADCParametersView:116 -                Rank 1 : false
2025-03-04 09:34:01,220 [INFO] ADCParametersView:116 -                Rank 1 : false
2025-03-04 09:34:01,220 [INFO] ADCParametersView:116 -                Rank 1 : false
2025-03-04 09:34:01,220 [INFO] ADCParametersView:116 -                Rank 1 : false
2025-03-04 09:34:01,220 [INFO] ADCParametersView:116 -                Rank 1 : false
2025-03-04 09:34:01,298 [INFO] ADCParametersView:116 -                SequencerNbRanks 1 : true
2025-03-04 09:34:01,298 [INFO] ADCParametersView:116 -                SequencerNbRanks 1 : true
2025-03-04 09:34:01,298 [INFO] ADCParametersView:116 -                SequencerNbRanks 1 : true
2025-03-04 09:34:01,298 [INFO] ADCParametersView:116 -                SequencerNbRanks 1 : true
2025-03-04 09:34:01,298 [INFO] ADCParametersView:116 -                SequencerNbRanks 1 : true
2025-03-04 09:34:01,298 [INFO] ADCParametersView:116 -                SequencerNbRanks 1 : true
2025-03-04 09:34:01,298 [INFO] ADCParametersView:116 -                SequencerNbRanks 1 : true
2025-03-04 09:34:01,298 [INFO] ADCParametersView:116 -                Rank 1 : false
2025-03-04 09:34:01,377 [INFO] ADCParametersView:116 -                SequencerNbRanks 1 : true
2025-03-04 09:34:01,377 [INFO] ADCParametersView:116 -                Rank 1 : false
2025-03-04 09:34:01,377 [INFO] ADCParametersView:116 -                SequencerNbRanks 1 : true
2025-03-04 09:34:01,377 [INFO] ADCParametersView:116 -                Rank 1 : false
2025-03-04 09:34:01,377 [INFO] ADCParametersView:116 -                SequencerNbRanks 1 : true
2025-03-04 09:34:01,377 [INFO] ADCParametersView:116 -                Rank 1 : false
2025-03-04 09:34:01,377 [INFO] ADCParametersView:116 -                SequencerNbRanks 1 : true
2025-03-04 09:34:01,377 [INFO] ADCParametersView:116 -                Rank 1 : false
2025-03-04 09:34:01,377 [INFO] ADCParametersView:116 -                SequencerNbRanks 1 : true
2025-03-04 09:34:01,377 [INFO] ADCParametersView:116 -                Rank 1 : false
2025-03-04 09:34:01,377 [INFO] ADCParametersView:116 -                SequencerNbRanks 1 : true
2025-03-04 09:34:01,377 [INFO] ADCParametersView:116 -                Rank 1 : false
2025-03-04 09:34:01,377 [INFO] ADCParametersView:116 -                SequencerNbRanks 1 : true
2025-03-04 09:34:01,377 [INFO] ADCParametersView:116 -                Rank 1 : false
2025-03-04 09:34:01,377 [INFO] ADCParametersView:116 -                SequencerNbRanks 1 : true
2025-03-04 09:34:01,377 [INFO] ADCParametersView:116 -                Rank 1 : false
2025-03-04 09:34:01,377 [INFO] ADCParametersView:116 -                SequencerNbRanks 1 : true
2025-03-04 09:34:01,377 [INFO] ADCParametersView:116 -                Rank 1 : false
2025-03-04 09:34:01,377 [INFO] ADCParametersView:116 -                SequencerNbRanks 1 : true
2025-03-04 09:34:01,377 [INFO] ADCParametersView:116 -                Rank 1 : false
2025-03-04 09:34:01,377 [INFO] ADCParametersView:116 -                SequencerNbRanks 1 : true
2025-03-04 09:34:01,377 [INFO] ADCParametersView:116 -                Rank 1 : false
2025-03-04 09:34:01,377 [INFO] ADCParametersView:116 -                SequencerNbRanks 1 : true
2025-03-04 09:34:01,377 [INFO] ADCParametersView:116 -                Rank 1 : false
2025-03-04 09:34:01,377 [INFO] ADCParametersView:116 -                SequencerNbRanks 1 : true
2025-03-04 09:34:01,377 [INFO] ADCParametersView:116 -                Rank 1 : false
2025-03-04 09:34:01,377 [INFO] ADCParametersView:116 -                SequencerNbRanks 1 : true
2025-03-04 09:34:01,377 [INFO] ADCParametersView:116 -                Rank 1 : false
2025-03-04 09:34:01,377 [INFO] ADCParametersView:116 -                SequencerNbRanks 1 : true
2025-03-04 09:34:01,377 [INFO] ADCParametersView:116 -                Rank 1 : false
2025-03-04 09:34:01,377 [INFO] ADCParametersView:116 -                Rank 1 : false
2025-03-04 09:34:01,377 [INFO] ADCParametersView:116 -                Rank 1 : false
2025-03-04 09:34:01,377 [INFO] ADCParametersView:116 -                Rank 1 : false
2025-03-04 09:34:01,377 [INFO] ADCParametersView:116 -                Rank 1 : false
2025-03-04 09:34:01,377 [INFO] ADCParametersView:116 -                Rank 1 : false
2025-03-04 09:34:01,377 [INFO] ADCParametersView:116 -                Rank 1 : false
2025-03-04 09:34:01,439 [INFO] ADCParametersView:116 -                SequencerNbRanks 1 : true
2025-03-04 09:34:01,439 [INFO] ADCParametersView:116 -                SequencerNbRanks 1 : true
2025-03-04 09:34:01,439 [INFO] ADCParametersView:116 -                SequencerNbRanks 1 : true
2025-03-04 09:34:01,439 [INFO] ADCParametersView:116 -                SequencerNbRanks 1 : true
2025-03-04 09:34:01,439 [INFO] ADCParametersView:116 -                SequencerNbRanks 1 : true
2025-03-04 09:34:01,439 [INFO] ADCParametersView:116 -                SequencerNbRanks 1 : true
2025-03-04 09:34:01,439 [INFO] ADCParametersView:116 -                SequencerNbRanks 1 : true
2025-03-04 09:34:01,439 [INFO] ADCParametersView:116 -                Rank 1 : false
2025-03-04 09:34:01,455 [INFO] NvicIntPanel:101 - NVIC parent = com.st.microxplorer.plugins.ip.nvic.MultiNvicIntPanel[,0,0,0x0,invalid,layout=javax.swing.BoxLayout,alignmentX=0.0,alignmentY=0.0,border=,flags=9,maximumSize=,minimumSize=,preferredSize=]
2025-03-04 09:45:37,370 [INFO] Gpio:273 - dependency for GPIO [ADC1, ADC2, ADC4, RCC, SYS, USART2]
2025-03-04 10:16:39,784 [INFO] Gpio:273 - dependency for GPIO [ADC1, ADC2, ADC4, RCC, SYS, USART2]
2025-03-04 12:38:35,791 [INFO] Gpio:273 - dependency for GPIO [ADC1, ADC2, ADC4, RCC, SYS, USART2]
2025-03-04 12:39:42,085 [INFO] Gpio:273 - dependency for GPIO [ADC1, ADC2, ADC4, RCC, SYS, USART2]
2025-03-04 12:39:42,273 [INFO] NvicIntPanel:101 - NVIC parent = com.st.microxplorer.plugins.ip.nvic.MultiNvicIntPanel[,0,0,0x0,invalid,layout=javax.swing.BoxLayout,alignmentX=0.0,alignmentY=0.0,border=,flags=9,maximumSize=,minimumSize=,preferredSize=]
2025-03-04 12:39:43,899 [INFO] Gpio:273 - dependency for GPIO [ADC1, ADC2, ADC4, RCC, SYS, USART2]
2025-03-04 12:39:44,056 [INFO] NvicIntPanel:101 - NVIC parent = com.st.microxplorer.plugins.ip.nvic.MultiNvicIntPanel[,0,0,0x0,invalid,layout=javax.swing.BoxLayout,alignmentX=0.0,alignmentY=0.0,border=,flags=9,maximumSize=,minimumSize=,preferredSize=]
2025-03-04 12:47:06,579 [INFO] Gpio:273 - dependency for GPIO [ADC1, ADC2, ADC4, RCC, SYS, USART2]
2025-03-04 12:47:06,735 [INFO] NvicIntPanel:101 - NVIC parent = com.st.microxplorer.plugins.ip.nvic.MultiNvicIntPanel[,0,0,0x0,invalid,layout=javax.swing.BoxLayout,alignmentX=0.0,alignmentY=0.0,border=,flags=9,maximumSize=,minimumSize=,preferredSize=]
2025-03-04 12:47:08,283 [INFO] Gpio:273 - dependency for GPIO [ADC1, ADC2, ADC4, RCC, SYS, USART2]
2025-03-04 12:47:08,423 [INFO] NvicIntPanel:101 - NVIC parent = com.st.microxplorer.plugins.ip.nvic.MultiNvicIntPanel[,0,0,0x0,invalid,layout=javax.swing.BoxLayout,alignmentX=0.0,alignmentY=0.0,border=,flags=9,maximumSize=,minimumSize=,preferredSize=]
2025-03-04 13:04:23,416 [INFO] UtilMem:75 - End SaveConfig() Used Memory: 868957080 Bytes (1073741824)
2025-03-04 13:04:25,933 [INFO] UtilMem:75 - End SaveConfig() Used Memory: 685230856 Bytes (1073741824)
2025-03-04 13:05:42,020 [INFO] UtilMem:75 - End SaveConfig() Used Memory: 857197320 Bytes (1073741824)
2025-03-04 13:05:43,445 [INFO] BlockDiagram:2759 - set Specific Code input for plugin: SPI
2025-03-04 13:05:43,445 [INFO] BlockDiagram:2759 - set Specific Code input for plugin: DAC
2025-03-04 13:05:43,445 [INFO] BlockDiagram:2759 - set Specific Code input for plugin: ADC
2025-03-04 13:05:43,445 [INFO] BlockDiagram:2759 - set Specific Code input for plugin: ADC
2025-03-04 13:05:43,445 [INFO] BlockDiagram:2759 - set Specific Code input for plugin: SYS
2025-03-04 13:05:43,445 [INFO] BlockDiagram:2759 - set Specific Code input for plugin: ADC
2025-03-04 13:05:43,445 [INFO] BlockDiagram:2759 - set Specific Code input for plugin: RCC
2025-03-04 13:05:43,445 [INFO] BlockDiagram:2759 - set Specific Code input for plugin: NVIC
2025-03-04 13:05:43,445 [INFO] BlockDiagram:2759 - set Specific Code input for plugin: USART
2025-03-04 13:05:43,445 [INFO] BlockDiagram:2759 - set Specific Code input for plugin: GPIO
2025-03-04 13:05:43,460 [INFO] CodeGenerator:793 - code generatio: config db path: C:\ST\STM32CubeIDE_1.12.1\STM32CubeIDE\plugins\com.st.stm32cube.common.mx_6.8.1.202304191431\\db\
2025-03-04 13:05:44,180 [INFO] CodeEngine:255 - oldGeneratedFile, C:\Users\user\Documents\WS24\Schaltungsentwicklung\bsp_project\battery_management1\MXTmpFiles\license.tmp_save
2025-03-04 13:05:44,586 [INFO] CodeEngine:279 - Generated code: C:\Users\user\Documents\WS24\Schaltungsentwicklung\bsp_project\battery_management1\MXTmpFiles\license.tmp
2025-03-04 13:05:44,961 [INFO] CodeEngine:255 - oldGeneratedFile, C:\Users\user\Documents\WS24\Schaltungsentwicklung\bsp_project\battery_management1\MXTmpFiles\gpio.tmp_save
2025-03-04 13:05:45,352 [INFO] CodeEngine:279 - Generated code: C:\Users\user\Documents\WS24\Schaltungsentwicklung\bsp_project\battery_management1\MXTmpFiles\gpio.tmp
2025-03-04 13:05:47,027 [INFO] CodeEngine:255 - oldGeneratedFile, C:\Users\user\Documents\WS24\Schaltungsentwicklung\bsp_project\battery_management1\Core\Src\stm32f3xx_it.c_save
2025-03-04 13:05:47,762 [INFO] CodeEngine:279 - Generated code: C:\Users\user\Documents\WS24\Schaltungsentwicklung\bsp_project\battery_management1\Core\Src\stm32f3xx_it.c
2025-03-04 13:05:47,809 [INFO] CodeEngine:255 - oldGeneratedFile, C:\Users\user\Documents\WS24\Schaltungsentwicklung\bsp_project\battery_management1\Core\Inc\stm32f3xx_it.h_save
2025-03-04 13:05:48,090 [INFO] CodeEngine:279 - Generated code: C:\Users\user\Documents\WS24\Schaltungsentwicklung\bsp_project\battery_management1\Core\Inc\stm32f3xx_it.h
2025-03-04 13:05:48,169 [INFO] CodeEngine:255 - oldGeneratedFile, C:\Users\user\Documents\WS24\Schaltungsentwicklung\bsp_project\battery_management1\Core\Src\stm32f3xx_hal_msp.c_save
2025-03-04 13:05:48,825 [INFO] CodeEngine:279 - Generated code: C:\Users\user\Documents\WS24\Schaltungsentwicklung\bsp_project\battery_management1\Core\Src\stm32f3xx_hal_msp.c
2025-03-04 13:05:48,873 [INFO] CodeEngine:255 - oldGeneratedFile, C:\Users\user\Documents\WS24\Schaltungsentwicklung\bsp_project\battery_management1\MXTmpFiles\system.tmp_save
2025-03-04 13:05:49,107 [INFO] CodeEngine:279 - Generated code: C:\Users\user\Documents\WS24\Schaltungsentwicklung\bsp_project\battery_management1\MXTmpFiles\system.tmp
2025-03-04 13:05:49,170 [INFO] CodeEngine:311 - oldGeneratedFile, C:\Users\user\Documents\WS24\Schaltungsentwicklung\bsp_project\battery_management1\Core\Inc\stm32f3xx_hal_conf.h_save
2025-03-04 13:05:49,514 [INFO] CodeEngine:335 - Generated code: C:\Users\user\Documents\WS24\Schaltungsentwicklung\bsp_project\battery_management1\Core\Inc\stm32f3xx_hal_conf.h
2025-03-04 13:05:49,639 [INFO] CodeEngine:255 - oldGeneratedFile, C:\Users\user\Documents\WS24\Schaltungsentwicklung\bsp_project\battery_management1\Core\Inc\main.h_save
2025-03-04 13:05:49,889 [INFO] CodeEngine:279 - Generated code: C:\Users\user\Documents\WS24\Schaltungsentwicklung\bsp_project\battery_management1\Core\Inc\main.h
2025-03-04 13:05:49,936 [INFO] CodeEngine:255 - oldGeneratedFile, C:\Users\user\Documents\WS24\Schaltungsentwicklung\bsp_project\battery_management1\Core\Src\main.c_save
2025-03-04 13:05:50,500 [INFO] CodeEngine:279 - Generated code: C:\Users\user\Documents\WS24\Schaltungsentwicklung\bsp_project\battery_management1\Core\Src\main.c
2025-03-04 13:05:52,641 [INFO] ProjectBuilder:2996 - Time for Copy HAL[1] : 1000mS.
2025-03-04 13:05:52,657 [INFO] ProjectBuilder:4304 - Project Generator version: 3.19.2
2025-03-04 13:05:53,439 [INFO] ConfigFileManager:1483 - The Die is : DIE446
2025-03-04 13:05:59,927 [INFO] ProjectBuilder:4505 - Time for Generating toolchain IDE Files: 7270mS.
2025-03-04 13:05:59,943 [INFO] ProjectBuilder:2867 - Time for Copy CMSIS : 16mS.
2025-03-04 13:05:59,958 [INFO] ProjectBuilder:2867 - Time for Copy CMSIS : 0mS.
